Time,X_mm,Y_normalised,Weights
07/26/2023 13:35:36.780,-5.97560033099999,-0.800028733800048,0.274976741000025
07/26/2023 13:35:36.790,-5.42564684899994,-0.853712111800064,0.273327651999997
07/26/2023 13:35:36.800,-4.87899154499995,-0.972459082800128,0.285872511999993
07/26/2023 13:35:36.810,-4.30724652099996,-0.95169495079989,0.297986959000002
07/26/2023 13:35:36.820,-3.71127260299996,-0.846522671799903,0.297136729999968
07/26/2023 13:35:36.830,-3.11699914300002,-0.834396513799845,0.331180051000022
07/26/2023 13:35:36.840,-2.45463904099998,-0.874481084799868,0.341515588999997
07/26/2023 13:35:36.850,-1.77160786299998,-0.855546351799831,0.34746485000001
07/26/2023 13:35:36.860,-1.07667816299996,-0.852029077799898,0.355837678000002
07/26/2023 13:35:36.870,-0.36500280699996,-0.878655618799883,0.385363965999978
07/26/2023 13:35:36.880,0.405725124999995,-0.886967843799994,0.406276728000018
07/26/2023 13:35:36.890,1.21827858100003,-0.855927752799914,0.421804616999996
07/26/2023 13:35:36.900,2.06188781500002,-0.860079050799982,0.416648867000009
07/26/2023 13:35:36.910,2.89518554900004,-0.911711175800235,0.411212164999993
07/26/2023 13:35:36.920,3.71760987900003,-0.930797251799959,0.433162730000007
07/26/2023 13:35:36.930,4.58393533900004,-0.894266174799952,0.47307910099999
07/26/2023 13:35:36.940,5.53009354100002,-0.870080952800151,0.500531812000014
07/26/2023 13:35:36.950,6.53115716500005,-0.877764743800185,0.497655812999993
07/26/2023 13:35:36.960,7.52646879100003,-0.854861186799837,0.499127983000006
07/26/2023 13:35:36.970,8.52472475700004,-0.83088704880015,0.515915065999988
07/26/2023 13:35:36.980,9.55655488900002,-0.851113205799948,0.549162190999996
07/26/2023 13:35:36.990,10.654879271,-0.895652235799844,0.584352770999991
07/26/2023 13:35:37.000,11.823584813,-0.892225626799984,0.601113616999999
07/26/2023 13:35:37.010,13.025812047,-0.861901300800014,0.604145684000023
07/26/2023 13:35:37.020,14.234103415,-0.885176729800037,0.610345441999996
07/26/2023 13:35:37.030,15.454794299,-0.932664417799799,0.626789801999994
07/26/2023 13:35:37.040,16.708373903,-0.942177084799937,0.648510134000002
07/26/2023 13:35:37.050,18.005394171,-0.923100196800192,0.656352521999997
07/26/2023 13:35:37.060,19.318099215,-0.898052452799959,0.678544297999998
07/26/2023 13:35:37.070,20.675187811,-0.878469584799973,0.693137158999992
07/26/2023 13:35:37.080,22.061462129,-0.861304833799807,0.717841662000003
07/26/2023 13:35:37.090,23.497145453,-0.867442842800017,0.742545387999996
07/26/2023 13:35:37.100,24.982236229,-0.896858915800067,0.756226059000017
07/26/2023 13:35:37.110,26.494688347,-0.896738273799826,0.772244244999983
07/26/2023 13:35:37.120,28.039176837,-0.878794528800086,0.790842066000005
07/26/2023 13:35:37.130,29.620860969,-0.880766443800155,0.819478071999992
07/26/2023 13:35:37.140,31.259817113,-0.903429630800133,0.816467157000028
07/26/2023 13:35:37.150,32.8927514270001,-0.908343684800059,0.84626086599998
07/26/2023 13:35:37.160,34.585273159,-0.886779527799945,0.862404401000013
07/26/2023 13:35:37.170,36.310081961,-0.869335746800004,0.882355622999995
07/26/2023 13:35:37.180,38.074793207,-0.866591868799958,0.895306319000014
07/26/2023 13:35:37.190,39.8654058450001,-0.861378232800178,0.896692325999993
07/26/2023 13:35:37.200,41.658790497,-0.85207774380001,0.911126433999979
07/26/2023 13:35:37.210,43.481043365,-0.857183394799961,0.923608439999992
07/26/2023 13:35:37.220,45.328260245,-0.860938158799911,0.945988356000015
07/26/2023 13:35:37.230,47.220236957,-0.859196367800109,0.96010964100001
07/26/2023 13:35:37.240,49.140456239,-0.860899836800002,0.974825076000005
07/26/2023 13:35:37.250,51.090106391,-0.886876701800134,0.964826208999977
07/26/2023 13:35:37.260,53.019758809,-0.895923587799871,0.978746690000023
07/26/2023 13:35:37.270,54.977252189,-0.866299719800224,0.987572415000006
07/26/2023 13:35:37.280,56.9523970190001,-0.84760966880026,0.99083526999997
07/26/2023 13:35:37.290,58.934067559,-0.855509414799826,0.986415066000017
07/26/2023 13:35:37.300,60.906897691,-0.848914328800049,0.991082315999993
07/26/2023 13:35:37.310,62.889062323,-0.812824253799874,1.00135024800002
07/26/2023 13:35:37.320,64.891762819,-0.820638284800168,1.01354524499999
07/26/2023 13:35:37.330,66.918853309,-0.852139346800129,1.02124968900002
07/26/2023 13:35:37.340,68.9613526870001,-0.872822360800228,1.00115608299997
07/26/2023 13:35:37.350,70.963664853,-0.873817159800069,0.999086967000025
07/26/2023 13:35:37.360,72.9618387870001,-0.890051305800114,1.00676035899998
07/26/2023 13:35:37.370,74.975359505,-0.894387891799852,1.00520380200001
07/26/2023 13:35:37.380,76.985767109,-0.896835234799994,1.01015248999998
07/26/2023 13:35:37.390,79.006072089,-0.879658372800009,0.999554013000008
07/26/2023 13:35:37.400,81.005180115,-0.859635625800024,0.998781966000003
07/26/2023 13:35:37.410,83.002744047,-0.847660900799951,0.998838076000013
07/26/2023 13:35:37.420,85.000420199,-0.837654687800182,1.00075076999997
07/26/2023 13:35:37.430,87.001921739,-0.824471238799845,0.999339150000019
07/26/2023 13:35:37.440,89.000600039,-0.814468002800083,1.00461700899999
07/26/2023 13:35:37.450,91.009834057,-0.81391020880011,1.00635926399999
07/26/2023 13:35:37.460,93.022552585,-0.804202610800132,1.00557440000001
07/26/2023 13:35:37.470,95.033701385,-0.819632265800237,1.00085516799999
07/26/2023 13:35:37.480,97.035411721,-0.827633831800085,1.00108227200002
07/26/2023 13:35:37.490,99.037576265,-0.843594117800194,0.996161659999991
07/26/2023 13:35:37.500,101.029899585,-0.845077762799974,1.00317888799999
07/26/2023 13:35:37.510,103.036257361,-0.846765317799964,1.00487438800002
07/26/2023 13:35:37.520,105.046006137,-0.855221059800044,0.997499246999986
07/26/2023 13:35:37.530,107.041004631,-0.868482922800013,0.988159319000005
07/26/2023 13:35:37.540,109.017323269,-0.8528015368002,0.996430967999999
07/26/2023 13:35:37.550,111.010185205,-0.846181262800144,1.003319607
07/26/2023 13:35:37.560,113.016824419,-0.85280420980024,1.00692935499999
07/26/2023 13:35:37.570,115.030683129,-0.863067499800252,1.00306611300001
07/26/2023 13:35:37.580,117.036815355,-0.860800390799909,1.00470583599999
07/26/2023 13:35:37.590,119.046227027,-0.863343540800031,0.998029819000024
07/26/2023 13:35:37.600,121.042286665,-0.877638500800231,1.01635702099999
07/26/2023 13:35:37.610,123.075000707,-0.88482560180023,1.000011884
07/26/2023 13:35:37.620,125.075024475,-0.880836718799969,0.997628057999989
07/26/2023 13:35:37.630,127.070280591,-0.88106632680001,0.987273942000016
07/26/2023 13:35:37.640,129.044828475,-0.869460658800108,0.994103695999982
07/26/2023 13:35:37.650,131.033035867,-0.869041499799891,0.998738874000011
07/26/2023 13:35:37.660,133.030513615,-0.873101189799854,1.00538672499999
07/26/2023 13:35:37.670,135.041287065,-0.864421285800063,0.999753728000002
07/26/2023 13:35:37.680,137.040794521,-0.851394170800177,0.990497056000009
07/26/2023 13:35:37.690,139.021788633,-0.84743345280009,0.989699285
07/26/2023 13:35:37.700,141.001187203,-0.850610588800066,1.00587376099999
07/26/2023 13:35:37.710,143.012934725,-0.85898408480017,1.00041164699999
07/26/2023 13:35:37.720,145.013758019,-0.86899704979993,1.00720132700003
07/26/2023 13:35:37.730,147.028160673,-0.871241092800176,1.00403576599999
07/26/2023 13:35:37.740,149.036232205,-0.867854561800016,1.003577208
07/26/2023 13:35:37.750,151.043386621,-0.883498100800125,0.992180960000013
07/26/2023 13:35:37.760,153.027748541,-0.903433608799901,1.004090988
07/26/2023 13:35:37.770,155.035930517,-0.901987365800153,0.998757240999993
07/26/2023 13:35:37.780,157.033444999,-0.889134224799875,1.003846516
07/26/2023 13:35:37.790,159.041138031,-0.896673844800148,0.995716695999988
07/26/2023 13:35:37.800,161.032571423,-0.900123024799939,1.002278828
07/26/2023 13:35:37.810,163.037129079,-0.887830450800209,0.984251541999996
07/26/2023 13:35:37.820,165.005632163,-0.87560721680012,0.999768411000005
07/26/2023 13:35:37.830,167.005168985,-0.880635948800261,1.006058904
07/26/2023 13:35:37.840,169.017286793,-0.877952757799903,1.00088122499999
07/26/2023 13:35:37.850,171.019049243,-0.886875075799935,0.998029375000016
07/26/2023 13:35:37.860,173.015107993,-0.901155923800104,1.00712829300001
07/26/2023 13:35:37.870,175.029364579,-0.918390149800132,0.994335239999998
07/26/2023 13:35:37.880,177.018035059,-0.926070830800256,1.00226467899999
07/26/2023 13:35:37.890,179.022564417,-0.930825151799922,0.996488631999995
07/26/2023 13:35:37.900,181.015541681,-0.926222781799879,0.99998260800001
07/26/2023 13:35:37.910,183.015506897,-0.921210834800263,0.994220356000014
07/26/2023 13:35:37.920,185.003947609,-0.924869819799994,1.00284958499996
07/26/2023 13:35:37.930,187.009646779,-0.932569301799845,1.00470417100003
07/26/2023 13:35:37.940,189.019055121,-0.935059531799993,1.00290625000001
07/26/2023 13:35:37.950,191.024867621,-0.944745165800271,0.995304670999971
07/26/2023 13:35:37.960,193.015476963,-0.951299368800164,0.991882730000015
07/26/2023 13:35:37.970,194.999242423,-0.943241213800206,0.99185345399998
07/26/2023 13:35:37.980,196.982949331,-0.934159994799984,0.998327959000036
07/26/2023 13:35:37.990,198.979605249,-0.94135998780007,1.00476050299999
07/26/2023 13:35:38.000,200.989126255,-0.945825785800253,1.00370490899999
07/26/2023 13:35:38.010,202.996536073,-0.948401789799959,1.00772690399999
07/26/2023 13:35:38.020,205.011989881,-0.951520169799892,0.995518535000031
07/26/2023 13:35:38.030,207.003026951,-0.948023109800033,1.00330636699998
07/26/2023 13:35:38.040,209.009639685,-0.936636073800116,1.004061712
07/26/2023 13:35:38.050,211.017763109,-0.934166766800161,0.99780027300001
07/26/2023 13:35:38.060,213.013363655,-0.940425390800044,0.996461020999988
07/26/2023 13:35:38.070,215.006285697,-0.934852876800221,1.00230921400001
07/26/2023 13:35:38.080,217.010904125,-0.92361864679981,1.00005340099999
07/26/2023 13:35:38.090,219.011010927,-0.938631058800183,0.997886325000024
07/26/2023 13:35:38.100,221.006783577,-0.947902426800283,1.001338784
07/26/2023 13:35:38.110,223.009461145,-0.937762922800061,0.985335856999995
07/26/2023 13:35:38.120,224.980132859,-0.928434906800135,0.999156004999975
07/26/2023 13:35:38.130,226.978444869,-0.929551861799951,0.997544670000025
07/26/2023 13:35:38.140,228.973534209,-0.926853397800244,1.00678608299998
07/26/2023 13:35:38.150,230.987106375,-0.932100151800171,1.004376089
07/26/2023 13:35:38.160,232.995858553,-0.94064111680018,1.00695741000001
07/26/2023 13:35:38.170,235.009773373,-0.951888662799888,1.00592976
07/26/2023 13:35:38.180,237.021632893,-0.962227142799918,0.997344067000014
07/26/2023 13:35:38.190,239.016321027,-0.952504822800222,0.992793941999977
07/26/2023 13:35:38.200,241.001908911,-0.941284645800067,0.995504296000021
07/26/2023 13:35:38.210,242.992917503,-0.919745850800155,1.00133667499996
07/26/2023 13:35:38.220,244.995590853,-0.909539314799929,0.997514839000033
07/26/2023 13:35:38.230,246.990620531,-0.905800146800118,1.00306300499999
07/26/2023 13:35:38.240,248.996746541,-0.903434253800185,0.995518090999994
07/26/2023 13:35:38.250,250.987782723,-0.899923081799841,0.992949787999976
07/26/2023 13:35:38.260,252.973682299,-0.911708255799851,0.992922177000025
07/26/2023 13:35:38.270,254.959526653,-0.922523285800082,1.00206540799999
07/26/2023 13:35:38.280,256.963657469,-0.920296086800136,1.00045440600002
07/26/2023 13:35:38.290,258.964566281,-0.914264052799865,0.996603182999962
07/26/2023 13:35:38.300,260.957772647,-0.913672794800164,0.999768522000039
07/26/2023 13:35:38.310,262.957309691,-0.918705054799887,0.998656263000015
07/26/2023 13:35:38.320,264.954622217,-0.919861368800127,0.99982529799999
07/26/2023 13:35:38.330,266.954272813,-0.9268833088002,1.001707939
07/26/2023 13:35:38.340,268.957688691,-0.929680252799926,1.00327742399998
07/26/2023 13:35:38.350,270.964243539,-0.917280736800251,0.987230406000009
07/26/2023 13:35:38.360,272.938704351,-0.921695371800013,0.988898516999967
07/26/2023 13:35:38.370,274.916501385,-0.931915105800044,0.99687326800003
07/26/2023 13:35:38.380,276.910247921,-0.923244624800077,1.00103798000004
07/26/2023 13:35:38.390,278.912323881,-0.920115415799955,0.999025528999965
07/26/2023 13:35:38.400,280.910374939,-0.934211705800067,0.993907866000001
07/26/2023 13:35:38.410,282.898190671,-0.926920394799822,1.00139578200003
07/26/2023 13:35:38.420,284.900982235,-0.918777626800022,0.997613465000001
07/26/2023 13:35:38.430,286.896209165,-0.93604001779994,1.00470306099999
07/26/2023 13:35:38.440,288.905615287,-0.938494967800125,1.00651601899997
07/26/2023 13:35:38.450,290.918647325,-0.916735842799994,0.999511365000018
07/26/2023 13:35:38.460,292.917670055,-0.912761622800076,1.002434341
07/26/2023 13:35:38.470,294.922538737,-0.923463815800119,0.999297390000009
07/26/2023 13:35:38.480,296.921133517,-0.929537330799974,1.00864022499999
07/26/2023 13:35:38.490,298.938413967,-0.929560720800225,0.999639044999981
07/26/2023 13:35:38.500,300.937692057,-0.94760406779983,0.993935699000019
07/26/2023 13:35:38.510,302.925563455,-0.94128995680029,0.999085989000008
07/26/2023 13:35:38.520,304.923735433,-0.922407248800084,0.999427088999994
07/26/2023 13:35:38.530,306.922589611,-0.915476732800016,1.00906726600005
07/26/2023 13:35:38.540,308.940724143,-0.93046153080013,1.00387701299994
07/26/2023 13:35:38.550,310.948478169,-0.939063022800212,1.00611612400002
07/26/2023 13:35:38.560,312.960710417,-0.938383623800178,1.000067661
07/26/2023 13:35:38.570,314.960845739,-0.936352668799827,0.990155844999975
07/26/2023 13:35:38.580,316.941157429,-0.920436230800078,1.00390575500001
07/26/2023 13:35:38.590,318.948968939,-0.894958044799978,0.990497500000004
07/26/2023 13:35:38.600,320.929963939,-0.891011438799922,1.00296247100002
07/26/2023 13:35:38.610,322.935888881,-0.902669112800083,1.00461911799999
07/26/2023 13:35:38.620,324.945127117,-0.90217835080017,1.00637294799995
07/26/2023 13:35:38.630,326.957873013,-0.91049484780018,1.00035353900006
07/26/2023 13:35:38.640,328.958580091,-0.918475796800067,0.994078305000016
07/26/2023 13:35:38.650,330.946736701,-0.917157053800111,0.993736649999988
07/26/2023 13:35:38.660,332.934210001,-0.903868478800007,0.99751483899999
07/26/2023 13:35:38.670,334.929239679,-0.900129310800139,1.00370479800003
07/26/2023 13:35:38.680,336.936649275,-0.902701786799867,1.00426031699999
07/26/2023 13:35:38.690,338.945169909,-0.907192831800046,0.993992252999959
07/26/2023 13:35:38.700,340.933154415,-0.902861344799987,1.00433268500004
07/26/2023 13:35:38.710,342.941819785,-0.892341038800225,0.999068398999981
07/26/2023 13:35:38.720,344.939956583,-0.890395857799888,0.998085838999998
07/26/2023 13:35:38.730,346.936128261,-0.871570699800088,1.00208077799999
07/26/2023 13:35:38.740,348.940289817,-0.852335413799949,0.995061864000007
07/26/2023 13:35:38.750,350.930413545,-0.867928399799837,0.998699001000006
07/26/2023 13:35:38.760,352.927811547,-0.888124816799802,0.998216071999991
07/26/2023 13:35:38.770,354.924243691,-0.891398369800015,0.992411193000009
07/26/2023 13:35:38.780,356.909066077,-0.884306279800228,1.00243567299998
07/26/2023 13:35:38.790,358.913937423,-0.895050808800249,0.999298389000018
07/26/2023 13:35:38.800,360.912534201,-0.901156075800145,1.00661542200001
07/26/2023 13:35:38.810,362.925765045,-0.900423205800109,1.00503247499998
07/26/2023 13:35:38.820,364.935829995,-0.896869756800072,1.00217895999998
07/26/2023 13:35:38.830,366.940187915,-0.898621917800028,1.00481705700003
07/26/2023 13:35:38.840,368.949822029,-0.905070339800091,0.996131496000004
07/26/2023 13:35:38.850,370.942085021,-0.90550269680017,0.999398478999979
07/26/2023 13:35:38.860,372.940881979,-0.89757028479994,1.000709898
07/26/2023 13:35:38.870,374.942301775,-0.900491810800133,1.00262103800003
07/26/2023 13:35:38.880,376.947543851,-0.900186708800163,0.997901251000002
07/26/2023 13:35:38.890,378.943346353,-0.892435877799869,0.99915445100001
07/26/2023 13:35:38.900,380.941655255,-0.893503440800146,1.00162188699997
07/26/2023 13:35:38.910,382.944899029,-0.893287640800224,1.00150889
07/26/2023 13:35:38.920,384.947916809,-0.889110120799899,1.00347702800002
07/26/2023 13:35:38.930,386.954870865,-0.883702708800229,1.00200785499996
07/26/2023 13:35:38.940,388.958886575,-0.879461133799907,1.00009627100005
07/26/2023 13:35:38.950,390.959079117,-0.878432074800173,1.00214979500001
07/26/2023 13:35:38.960,392.963378707,-0.879164699799958,1.00327797899999
07/26/2023 13:35:38.970,394.969934665,-0.866782823799838,1.00039618700001
07/26/2023 13:35:38.980,396.970727039,-0.858715245800056,1.00558732799996
07/26/2023 13:35:38.990,398.981901695,-0.857059197799856,1.00506053000001
07/26/2023 13:35:39.000,400.992022755,-0.85449000479997,1.004147542
07/26/2023 13:35:39.010,403.000317839,-0.855026385800159,0.99851410100004
07/26/2023 13:35:39.020,404.997346041,-0.85120144379988,1.00026793099997
07/26/2023 13:35:39.030,406.997881903,-0.856183760800036,0.992110611000015
07/26/2023 13:35:39.040,408.982103125,-0.856109021799853,1.00417681799999
07/26/2023 13:35:39.050,410.990456761,-0.857668466799794,1.00279336400004
07/26/2023 13:35:39.060,412.996043489,-0.863395908800157,0.996031294999938
07/26/2023 13:35:39.070,414.988106079,-0.877862416799871,0.995405205000026
07/26/2023 13:35:39.080,416.978916489,-0.870393052800125,1.00102562800001
07/26/2023 13:35:39.090,418.980967745,-0.849282084799938,1.004759726
07/26/2023 13:35:39.100,420.990487197,-0.853723186800039,1.002762867
07/26/2023 13:35:39.110,422.996012931,-0.858388756800196,1.00505941999998
07/26/2023 13:35:39.120,425.006131771,-0.855784283799892,0.991796567000023
07/26/2023 13:35:39.130,426.989724905,-0.844709856800193,0.998383735999994
07/26/2023 13:35:39.140,428.986492377,-0.85386777780019,1.00209357400001
07/26/2023 13:35:39.150,430.990679525,-0.852628362800033,1.00525980099997
07/26/2023 13:35:39.160,433.001199127,-0.857040689800215,1.00123836099999
07/26/2023 13:35:39.170,435.003675849,-0.860928280800124,1.00337793700001
07/26/2023 13:35:39.180,437.010431723,-0.869590299800166,1.00166540199999
07/26/2023 13:35:39.190,439.013762527,-0.888439298799995,0.999997291
07/26/2023 13:35:39.200,441.013757109,-0.901483198799951,1.00403465600002
07/26/2023 13:35:39.210,443.021826421,-0.898061387800226,1.00262159299999
07/26/2023 13:35:39.220,445.027069607,-0.897773925799811,1.00376168500003
07/26/2023 13:35:39.230,447.034592977,-0.902339609799981,1.00578737599997
07/26/2023 13:35:39.240,449.046167729,-0.907689777799874,0.997101925999999
07/26/2023 13:35:39.250,451.040371581,-0.907027408800161,0.993606951000032
07/26/2023 13:35:39.260,453.027585483,-0.90674286479998,0.994848575999953
07/26/2023 13:35:39.270,455.017282635,-0.897319651800274,0.996631460000003
07/26/2023 13:35:39.280,457.010545555,-0.89771970579983,1.00514647100005
07/26/2023 13:35:39.290,459.020838497,-0.898159728800067,1.00351998799997
07/26/2023 13:35:39.300,461.027878473,-0.911799475800194,0.996916228000032
07/26/2023 13:35:39.310,463.021710929,-0.922176153800024,0.999099450999978
07/26/2023 13:35:39.320,465.019909831,-0.92131048479979,1.00276375499999
07/26/2023 13:35:39.330,467.025437341,-0.926004278799951,0.996772179000033
07/26/2023 13:35:39.340,469.018981699,-0.931339724800125,1.00008280899996
07/26/2023 13:35:39.350,471.019147317,-0.912293626799908,0.998585581000071
07/26/2023 13:35:39.360,473.016318479,-0.893429109800195,1.00470294999994
07/26/2023 13:35:39.370,475.025724379,-0.895880531799946,1.006485279
07/26/2023 13:35:39.380,477.038694937,-0.90813758079986,0.997130646999977
07/26/2023 13:35:39.390,479.032956231,-0.908480635799947,0.993879810999999
07/26/2023 13:35:39.400,481.020715853,-0.900205068799949,0.998129242999994
07/26/2023 13:35:39.410,483.016974339,-0.900441181799977,0.999440329000038
07/26/2023 13:35:39.420,485.015854997,-0.911520648799979,0.999569361999988
07/26/2023 13:35:39.430,487.014993721,-0.909574916800011,0.994520494
07/26/2023 13:35:39.440,489.004034709,-0.906202438800165,0.988388421000053
07/26/2023 13:35:39.450,490.980811551,-0.898543276800183,1.00035342799995
07/26/2023 13:35:39.460,492.981518407,-0.906520697800033,1.00384773699997
07/26/2023 13:35:39.470,494.989213881,-0.914099125799908,1.00071023100003
07/26/2023 13:35:39.480,496.990634343,-0.917031235800039,1.00574652499998
07/26/2023 13:35:39.490,499.002127393,-0.903401276800196,0.998328291999997
07/26/2023 13:35:39.500,500.998783977,-0.910611853799821,0.993592357999972
07/26/2023 13:35:39.510,502.985968693,-0.927360092799915,1.00750035500008
07/26/2023 13:35:39.520,505.000969403,-0.922537392800052,1.00500397599998
07/26/2023 13:35:39.530,507.010977355,-0.917985575800174,1.00282019799999
07/26/2023 13:35:39.540,509.016617751,-0.924658465799837,1.00491781299999
07/26/2023 13:35:39.550,511.026453377,-0.917090376800274,0.999426866999983
07/26/2023 13:35:39.560,513.025307111,-0.910152804800248,0.993619636000062
07/26/2023 13:35:39.570,515.012546383,-0.92786060380007,1.00456134299992
07/26/2023 13:35:39.580,517.021669069,-0.925348409800222,1.00267725900005
07/26/2023 13:35:39.590,519.027023587,-0.927015347800136,1.00283512399994
07/26/2023 13:35:39.600,521.032693835,-0.916666038799974,1.00771333100005
07/26/2023 13:35:39.610,523.048120497,-0.901763851799842,1.00619995599999
07/26/2023 13:35:39.620,525.060520409,-0.904026636800097,0.993777278999971
07/26/2023 13:35:39.630,527.048074967,-0.909711132800226,0.99332173900001
07/26/2023 13:35:39.640,529.034718445,-0.899435852800252,0.995289655000022
07/26/2023 13:35:39.650,531.025297755,-0.887923624800067,1.00039607600002
07/26/2023 13:35:39.660,533.026089907,-0.879852518799908,1.00508858500001
07/26/2023 13:35:39.670,535.036267077,-0.87826758180023,0.999439773999995
07/26/2023 13:35:39.680,537.035146625,-0.889329408800108,0.992422767999983
07/26/2023 13:35:39.690,539.019992161,-0.90019438180002,0.992580965999991
07/26/2023 13:35:39.700,541.005154093,-0.899053691800077,1.00748376400003
07/26/2023 13:35:39.710,543.020121621,-0.911200270800009,0.989000271999942
07/26/2023 13:35:39.720,544.998122165,-0.907435245799888,1.00236421400007
07/26/2023 13:35:39.730,547.002850593,-0.898134247799987,0.996118921999937
07/26/2023 13:35:39.740,548.995088437,-0.880577789799986,0.998754778000034
07/26/2023 13:35:39.750,550.992597993,-0.902732134799919,1.00381912699999
07/26/2023 13:35:39.760,553.000236247,-0.90930866680003,1.007385027
07/26/2023 13:35:39.770,555.015006301,-0.900450158800254,0.997957028000087
07/26/2023 13:35:39.780,557.010920357,-0.894657255799984,0.996487965999961
07/26/2023 13:35:39.790,559.003896289,-0.890033717799838,0.995689196000001
07/26/2023 13:35:39.800,560.995274681,-0.892516281799885,0.988242575000015
07/26/2023 13:35:39.810,562.971759831,-0.914844541800051,0.991282342999966
07/26/2023 13:35:39.820,564.954324517,-0.920845784800235,1.00403365699998
07/26/2023 13:35:39.830,566.962391831,-0.917392221800071,1.00331949600002
07/26/2023 13:35:39.840,568.969030823,-0.924011640800245,0.999041343000044
07/26/2023 13:35:39.850,570.967113509,-0.921113955800081,0.997145239999952
07/26/2023 13:35:39.860,572.961403989,-0.90442422779978,0.993334868000034
07/26/2023 13:35:39.870,574.948073725,-0.912155402799897,1.00140757899993
07/26/2023 13:35:39.880,576.950888883,-0.921976753800152,1.015786375
07/26/2023 13:35:39.890,578.982461633,-0.909175326800209,1.00885408900007
07/26/2023 13:35:39.900,581.000169811,-0.899147453800254,0.999710857999958
07/26/2023 13:35:39.910,582.999591527,-0.902161809799964,0.99208122400006
07/26/2023 13:35:39.920,584.983753975,-0.901060478800048,0.997073648999958
07/26/2023 13:35:39.930,586.977901273,-0.899406797800111,1.00140824499999
07/26/2023 13:35:39.940,588.980717763,-0.909249316799958,1.00778401299999
07/26/2023 13:35:39.950,590.996285789,-0.914367960799837,1.00785749099998
07/26/2023 13:35:39.960,593.012000771,-0.904510533799851,0.997999544000038
07/26/2023 13:35:39.970,595.007999859,-0.917750677800257,0.99242276800004
07/26/2023 13:35:39.980,596.992845395,-0.928615650800054,0.99687393399995
07/26/2023 13:35:39.990,598.986593263,-0.919966337800076,0.999953776000041
07/26/2023 13:35:40.000,600.986500815,-0.913945438800283,1.00650042699999
07/26/2023 13:35:40.010,602.999501669,-0.909187344799932,1.01093677800003
07/26/2023 13:35:40.020,605.021375225,-0.901940691800064,1.007341602
07/26/2023 13:35:40.030,607.036058429,-0.909106014799931,0.99738624999992
07/26/2023 13:35:40.040,609.030830929,-0.91840615779995,0.990498609999975
07/26/2023 13:35:40.050,611.011828149,-0.914494831799914,1.00289267700003
07/26/2023 13:35:40.060,613.017613503,-0.906159898800126,1.00135102499996
07/26/2023 13:35:40.070,615.020315553,-0.913998625799991,1.00092476100008
07/26/2023 13:35:40.080,617.022165075,-0.906900640799961,0.998700353999993
07/26/2023 13:35:40.090,619.019565783,-0.892054291800093,0.991452781999953
07/26/2023 13:35:40.100,621.002471347,-0.904028102800112,0.994618897999999
07/26/2023 13:35:40.110,622.991709143,-0.921650127799921,1.00508891800001
07/26/2023 13:35:40.120,625.001886979,-0.920075774800239,1.00899625100004
07/26/2023 13:35:40.130,627.019879481,-0.91502915779995,1.00644331799998
07/26/2023 13:35:40.140,629.032766117,-0.90827079980005,1.00635870899998
07/26/2023 13:35:40.150,631.045483535,-0.89854556180012,1.00176538100004
07/26/2023 13:35:40.160,633.049014297,-0.903353353800242,1.00282053099988
07/26/2023 13:35:40.170,635.054655359,-0.9100368277999,1.00339164200005
07/26/2023 13:35:40.180,637.061438643,-0.901637839800117,0.999526846000037
07/26/2023 13:35:40.190,639.060492335,-0.880659060799985,1.006358154
07/26/2023 13:35:40.200,641.073208643,-0.870916182799988,1.00264953699997
07/26/2023 13:35:40.210,643.078507717,-0.871609448800257,0.99946860600005
07/26/2023 13:35:40.220,645.077444929,-0.883680227799971,1.00001243899999
07/26/2023 13:35:40.230,647.077469807,-0.879708984800061,0.999967571000013
07/26/2023 13:35:40.240,649.077404949,-0.891715708799893,1.00597318499996
07/26/2023 13:35:40.250,651.089351319,-0.886030357800223,1.00657257300003
07/26/2023 13:35:40.260,653.102496465,-0.866253856799972,1.00260779799993
07/26/2023 13:35:40.270,655.107712061,-0.847938771799988,0.997686721000093
07/26/2023 13:35:40.280,657.103085503,-0.850218035800026,0.997244309999985
07/26/2023 13:35:40.290,659.097574123,-0.854543978799938,1.00384818100002
07/26/2023 13:35:40.300,661.105270485,-0.862136518800241,1.00190776499994
07/26/2023 13:35:40.310,663.109086015,-0.871932622800045,0.99857087700002
07/26/2023 13:35:40.320,665.106227769,-0.870097360800173,0.998058116999971
07/26/2023 13:35:40.330,667.102344003,-0.85029853080016,0.999098118999996
07/26/2023 13:35:40.340,669.100540241,-0.849390525800004,0.991537502000028
07/26/2023 13:35:40.350,671.083615245,-0.864334744800146,0.997872418999975
07/26/2023 13:35:40.360,673.079360083,-0.855574961800187,1.00747107900003
07/26/2023 13:35:40.370,675.094302241,-0.849729197800116,0.999396571000034
07/26/2023 13:35:40.380,677.093095383,-0.876821911800164,0.999270444999922
07/26/2023 13:35:40.390,679.091636273,-0.881946450799887,1.00222360600003
07/26/2023 13:35:40.400,681.096083485,-0.8677135888002,0.998027154999988
07/26/2023 13:35:40.410,683.092137795,-0.881923876799931,0.992008190000035
07/26/2023 13:35:40.420,685.076154175,-0.895812728799854,0.996803585000009
07/26/2023 13:35:40.430,687.069761345,-0.867153168799916,1.00463315600001
07/26/2023 13:35:40.440,689.079027657,-0.849611983800116,1.00758194599996
07/26/2023 13:35:40.450,691.094191549,-0.882746009800258,0.994319204000021
07/26/2023 13:35:40.460,693.082829957,-0.907413609800187,0.990413667999974
07/26/2023 13:35:40.470,695.063657293,-0.900524819799955,0.989614010000025
07/26/2023 13:35:40.480,697.042885313,-0.900713907800252,0.997427655999957
07/26/2023 13:35:40.490,699.037740625,-0.929011817800074,0.998928013000011
07/26/2023 13:35:40.500,701.035596651,-0.922141828800079,1.002295086
07/26/2023 13:35:40.510,703.040186823,-0.892869391800048,0.997214812000038
07/26/2023 13:35:40.520,705.034616447,-0.896165214800249,0.995288412999969
07/26/2023 13:35:40.530,707.025193273,-0.919699280799932,0.998599487000035
07/26/2023 13:35:40.540,709.022392247,-0.918865914800278,1.00139511600003
07/26/2023 13:35:40.550,711.025182479,-0.910701978799977,1.00457369499986
07/26/2023 13:35:40.560,713.034329869,-0.926171543800137,1.00165160699999
07/26/2023 13:35:40.570,715.037633083,-0.926992919799943,0.996703939000099
07/26/2023 13:35:40.580,717.031040961,-0.912385150800105,0.997358416999987
07/26/2023 13:35:40.590,719.025757795,-0.920708093799931,0.991052554000021
07/26/2023 13:35:40.600,721.007862903,-0.953751046800107,0.987646760000018
07/26/2023 13:35:40.610,722.983156423,-0.955198250800152,1.00252396599996
07/26/2023 13:35:40.620,724.988204355,-0.933940981799992,1.00418894800003
07/26/2023 13:35:40.630,726.996582251,-0.95347512980004,1.00388880999998
07/26/2023 13:35:40.640,729.004359871,-0.980040740800064,0.998173112000018
07/26/2023 13:35:40.650,731.000706095,-0.964267134800025,0.994836334999945
07/26/2023 13:35:40.660,732.990378765,-0.936865690799834,1.00377481400005
07/26/2023 13:35:40.670,734.997928393,-0.959437829800038,1.00263527699991
07/26/2023 13:35:40.680,737.003198947,-0.977174462800065,1.00037035200006
07/26/2023 13:35:40.690,739.003939651,-0.968193188800058,0.998600042000078
07/26/2023 13:35:40.700,741.001139735,-0.967377462799902,1.0028903249999
07/26/2023 13:35:40.710,743.006920385,-0.994053543799964,0.996002574000045
07/26/2023 13:35:40.720,744.998925533,-1.00751462779994,0.990343429999996
07/26/2023 13:35:40.730,746.979612393,-0.980619118800121,1.00372005700001
07/26/2023 13:35:40.740,748.987052507,-0.966179979800074,1.00491457299995
07/26/2023 13:35:40.750,750.996881653,-0.993594680799902,0.997272143000032
07/26/2023 13:35:40.760,752.991425939,-0.998897823800007,0.997189552999998
07/26/2023 13:35:40.770,754.985805045,-0.966212488800181,1.00383394200003
07/26/2023 13:35:40.780,756.993472929,-0.955763293799976,1.00746850500002
07/26/2023 13:35:40.790,759.008409939,-0.98492148780025,1.00587342799992
07/26/2023 13:35:40.800,761.020156795,-0.993284399799848,0.998473361000038
07/26/2023 13:35:40.810,763.017103517,-0.970482858800153,1.00048168400002
07/26/2023 13:35:40.820,765.018066885,-0.965410384800066,0.99861206099996
07/26/2023 13:35:40.830,767.015291007,-0.982565833799924,0.994334462999973
07/26/2023 13:35:40.840,769.003959933,-0.990221818800023,0.99981294600002
07/26/2023 13:35:40.850,771.003585825,-0.979261999800087,1.00212251700003
07/26/2023 13:35:40.860,773.007830859,-0.979035064800144,1.00341834399995
07/26/2023 13:35:40.870,775.014667547,-1.0066630988,0.993307812000012
07/26/2023 13:35:40.880,777.001283171,-1.01344176979984,0.99527896799998
07/26/2023 13:35:40.890,778.991841107,-0.984000702800131,1.00797071000011
07/26/2023 13:35:40.900,781.007782527,-0.978112051800053,1.0049159049999
07/26/2023 13:35:40.910,783.017614337,-1.00556908879992,1.00711449800008
07/26/2023 13:35:40.920,785.031843333,-1.00477569179992,1.0004417209999
07/26/2023 13:35:40.930,787.032726775,-0.980751314800045,0.998941253000055
07/26/2023 13:35:40.940,789.030609281,-0.991891308800064,0.996214862999921
07/26/2023 13:35:40.950,791.023039007,-1.0303368398001,0.998043080000059
07/26/2023 13:35:40.960,793.019125167,-1.02755668079999,0.993967105000024
07/26/2023 13:35:40.970,795.007059377,-0.987247563799826,1.00039718599993
07/26/2023 13:35:40.980,797.007853749,-0.979211737800085,1.0006662510001
07/26/2023 13:35:40.990,799.009186251,-0.998150038799849,1.00176615800007
07/26/2023 13:35:41.000,801.012718567,-1.00298252680005,0.992240531999869
07/26/2023 13:35:41.010,802.997199631,-0.989910812799963,0.995077900000013
07/26/2023 13:35:41.020,804.987355431,-0.988516879799988,1.01120595399993
07/26/2023 13:35:41.030,807.009767339,-1.00824788180029,1.00775473700008
07/26/2023 13:35:41.040,809.025276813,-1.01234346179996,0.997445488999972
07/26/2023 13:35:41.050,811.020167791,-0.988625798800115,0.99500666299997
07/26/2023 13:35:41.060,813.010181117,-0.967193394800177,0.995945021000011
07/26/2023 13:35:41.070,815.002071159,-0.978640102800171,0.996002130000022
07/26/2023 13:35:41.080,816.994075419,-0.992087074800111,0.994122729000026
07/26/2023 13:35:41.090,818.982320877,-0.974776252800154,0.99972755999994
07/26/2023 13:35:41.100,820.981775997,-0.960824857800048,1.01280493700011
07/26/2023 13:35:41.110,823.007385871,-0.966389519800089,1.00832615999997
07/26/2023 13:35:41.120,825.024038191,-0.990498323800239,0.99420631800001
07/26/2023 13:35:41.130,827.012450827,-1.01120773180031,0.991854341999954
07/26/2023 13:35:41.140,828.996159511,-1.00215473680009,0.99969795100003
07/26/2023 13:35:41.150,830.995555413,-0.98716969380024,1.00711338799999
07/26/2023 13:35:41.160,833.009782189,-0.98634101679977,1.00811198399998
07/26/2023 13:35:41.170,835.026006157,-0.985405397799809,0.996203975000071
07/26/2023 13:35:41.180,837.018414107,-0.97082993180004,0.995705786999906
07/26/2023 13:35:41.190,839.009825681,-0.956343216800178,0.999838760000046
07/26/2023 13:35:41.200,841.009503201,-0.981382195799824,0.999895868999943
07/26/2023 13:35:41.210,843.009294939,-1.00842143879999,1.00292184199998
07/26/2023 13:35:41.220,845.015138623,-1.00110604179986,1.00058321700004
07/26/2023 13:35:41.230,847.016305057,-0.982041752800171,1.00223551400006
07/26/2023 13:35:41.240,849.020776085,-0.985776537800064,1.00675636299997
07/26/2023 13:35:41.250,851.034288811,-0.989986115800207,1.00350530500003
07/26/2023 13:35:41.260,853.041299421,-0.985570015799908,0.992324141999916
07/26/2023 13:35:41.270,855.025947705,-0.975433429799921,1.00200741100008
07/26/2023 13:35:41.280,857.029962527,-0.97117774280008,1.003946939
07/26/2023 13:35:41.290,859.037856405,-0.964690267800279,1.00106636799995
07/26/2023 13:35:41.300,861.039989141,-0.962555898799849,1.00364802200005
07/26/2023 13:35:41.310,863.047285185,-0.963138694800136,1.00265009199995
07/26/2023 13:35:41.320,865.052585369,-0.963849600799904,1.00520269200001
07/26/2023 13:35:41.330,867.062990753,-0.966261663800083,1.00426120500003
07/26/2023 13:35:41.340,869.071513163,-0.97078093280021,0.998883699999965
07/26/2023 13:35:41.350,871.069280563,-0.979906550799853,1.00247898699996
07/26/2023 13:35:41.360,873.074238537,-0.974623720800196,0.99703168800005
07/26/2023 13:35:41.370,875.068301913,-0.953954632800048,0.99499007199995
07/26/2023 13:35:41.380,877.058282057,-0.949491507799962,1.00570154600007
07/26/2023 13:35:41.390,879.069685149,-0.951835987800166,1.00731354699997
07/26/2023 13:35:41.400,881.084312243,-0.958017054800223,0.998770924999974
07/26/2023 13:35:41.410,883.081854093,-0.963188008799932,0.99710214800001
07/26/2023 13:35:41.420,885.076058389,-0.962532695800235,0.998570766000114
07/26/2023 13:35:41.430,887.073199921,-0.960693905799872,0.991810028999851
07/26/2023 13:35:41.440,889.056819979,-0.967636517800202,0.994691155000055
07/26/2023 13:35:41.450,891.046202289,-0.970243663800147,1.00527550400005
07/26/2023 13:35:41.460,893.056753297,-0.957658487800074,1.00317788899991
07/26/2023 13:35:41.470,895.063109075,-0.959314290800023,0.999724764000121
07/26/2023 13:35:41.480,897.062558603,-0.980359797800247,0.999910017999866
07/26/2023 13:35:41.490,899.062378639,-0.990352145800045,0.991382210999973
07/26/2023 13:35:41.500,901.045143061,-0.982308653800089,0.997059854000099
07/26/2023 13:35:41.510,903.039262769,-0.962627349800073,1.00650031599992
07/26/2023 13:35:41.520,905.052263401,-0.957865727800254,0.9966874590001
07/26/2023 13:35:41.530,907.045638319,-0.960230765800247,0.977305661999935
07/26/2023 13:35:41.540,909.000249643,-0.967845620799949,0.935044984000058
07/26/2023 13:35:41.550,910.870339611,-0.986270902799959,0.905892422999955
07/26/2023 13:35:41.560,912.682124457,-1.00100649479987,0.882802918000039
07/26/2023 13:35:41.570,914.447730293,-0.996371169799886,0.851610849999929
07/26/2023 13:35:41.580,916.150951993,-1.00431914979993,0.820974412000055
07/26/2023 13:35:41.590,917.792900817,-1.02677253179985,0.777402092999978
07/26/2023 13:35:41.600,919.347705003,-1.04917534680015,0.721722494000005
07/26/2023 13:35:41.610,920.791149991,-1.05090622780006,0.676055467000026
07/26/2023 13:35:41.620,922.143260925,-1.03183414680007,0.631213246000016
07/26/2023 13:35:41.630,923.405687417,-1.02085885580021,0.593201888999999
07/26/2023 13:35:41.640,924.592091195,-1.02920214380021,0.52833518999995
07/26/2023 13:35:41.650,925.648761575,-1.04592544579998,0.488700722000033
07/26/2023 13:35:41.660,926.626163019,-1.02510268679981,0.418276079000009
07/26/2023 13:35:41.670,927.462715177,-0.958300949800048,0.325487735999957
07/26/2023 13:35:41.680,928.113690649,-0.904207130800216,0.232109338999976
07/26/2023 13:35:41.690,928.577909327,-0.929883984799915,0.160050935000015
07/26/2023 13:35:41.700,928.898011197,-1.02780757079989,0.12161644300005
07/26/2023 13:35:41.710,929.141244083,-1.0951267058,0.118167688999904
07/26/2023 13:35:41.720,929.377579461,-1.11180293280017,0.112046879000047
07/26/2023 13:35:41.730,929.601673219,-1.10705385280005,0.07782887999997
07/26/2023 13:35:41.740,929.757330979,-1.07907251380021,0
07/26/2023 13:35:41.750,929.835230937,-1.02246989880013,0
07/26/2023 13:35:41.760,929.847125991,-0.967660705800029,0
07/26/2023 13:35:41.770,929.895958621,-0.945792371800223,0
07/26/2023 13:35:41.780,929.972233365,-0.948438439799872,0
07/26/2023 13:35:41.790,930.048169229,-0.94514369180007,0
07/26/2023 13:35:41.800,930.090986869,-0.94072069480012,0
07/26/2023 13:35:41.810,930.085198359,-0.927049705799959,0
07/26/2023 13:35:41.820,930.055304359,-0.929761571800157,0
07/26/2023 13:35:41.830,930.012003103,-0.943255103800141,0
07/26/2023 13:35:41.840,929.998879949,-0.959014497800013,0
07/26/2023 13:35:41.850,929.995941603,-0.960180334800214,0
07/26/2023 13:35:41.860,930.000672965,-0.972881730800168,0
07/26/2023 13:35:41.870,930.005719391,-0.973556295799938,0
07/26/2023 13:35:41.880,930.006146453,-0.963494448800077,0
07/26/2023 13:35:41.890,930.001012775,-0.943751556800123,0
07/26/2023 13:35:41.900,930.013480431,-0.934053481800106,0
07/26/2023 13:35:41.910,930.034733051,-0.937876566800242,0
07/26/2023 13:35:41.920,930.049623365,-0.953070108799864,0
07/26/2023 13:35:41.930,930.043862889,-0.957433798800253,0
07/26/2023 13:35:41.940,930.011143651,-0.963294125800132,0
07/26/2023 13:35:41.950,929.966555701,-0.971799896800007,0
07/26/2023 13:35:41.960,929.960992963,-0.962087099800215,0
07/26/2023 13:35:41.970,929.958483455,-0.953219313800219,0
07/26/2023 13:35:41.980,930.042749853,-0.955483477799874,0
07/26/2023 13:35:41.990,930.053387981,-0.948834528799921,0
07/26/2023 13:35:42.000,930.056782533,-0.955659163800021,0
07/26/2023 13:35:42.010,930.030485041,-0.951186209800198,0
07/26/2023 13:35:42.020,930.010120129,-0.945362309800089,0
07/26/2023 13:35:42.030,930.018077269,-0.961928516799901,0
07/26/2023 13:35:42.040,930.024838117,-0.957539579800027,0
07/26/2023 13:35:42.050,930.034878411,-0.95796090180022,0
07/26/2023 13:35:42.060,930.003099661,-0.962751749799963,0
07/26/2023 13:35:42.070,929.994025669,-0.97926034780005,0
07/26/2023 13:35:42.080,929.982302137,-0.966901496800119,0
07/26/2023 13:35:42.090,930.005807351,-0.957550104799793,0
07/26/2023 13:35:42.100,930.029800399,-0.939195209800005,0
07/26/2023 13:35:42.110,930.060865099,-0.939442616799909,0
07/26/2023 13:35:42.120,930.050226749,-0.946088037800223,0
07/26/2023 13:35:42.130,930.032055837,-0.961151698799995,0
07/26/2023 13:35:42.140,929.999393597,-0.9680103938,0
07/26/2023 13:35:42.150,929.989464857,-0.96954699980023,0
07/26/2023 13:35:42.160,930.004810753,-0.957635327799835,0
07/26/2023 13:35:42.170,930.023608199,-0.953546658800121,0
07/26/2023 13:35:42.180,930.025661501,-0.954423972799816,0
07/26/2023 13:35:42.190,930.012853633,-0.958160063799994,0
07/26/2023 13:35:42.200,930.003926153,-0.959685534800258,0
07/26/2023 13:35:42.210,930.013027069,-0.961193975800199,0
07/26/2023 13:35:42.220,930.040755325,-0.955632755799797,0
07/26/2023 13:35:42.230,930.050511517,-0.951076349799905,0
07/26/2023 13:35:42.240,930.037360995,-0.948811648800188,0
07/26/2023 13:35:42.250,930.009689959,-0.955374764799842,0
07/26/2023 13:35:42.260,929.991345833,-0.967408041799843,0
07/26/2023 13:35:42.270,929.995452881,-0.969169725800214,0
07/26/2023 13:35:42.280,930.014023001,-0.961098168800163,0
07/26/2023 13:35:42.290,930.028429297,-0.950270087799936,0
07/26/2023 13:35:42.300,930.034192437,-0.945948733800037,0
07/26/2023 13:35:42.310,930.027433143,-0.950362366799936,0
07/26/2023 13:35:42.320,930.020073351,-0.961803934799946,0
07/26/2023 13:35:42.330,930.017306443,-0.965971931799857,0
07/26/2023 13:35:42.340,930.021185721,-0.963743671799875,0
07/26/2023 13:35:42.350,930.025834493,-0.957450828800063,0
07/26/2023 13:35:42.360,930.023665641,-0.954552082799864,0
07/26/2023 13:35:42.370,930.012796635,-0.957161695799812,0
07/26/2023 13:35:42.380,930.000986919,-0.960837259799973,0
07/26/2023 13:35:42.390,930.003155327,-0.963728949800156,0
07/26/2023 13:35:42.400,930.019073867,-0.961843293799973,0
07/26/2023 13:35:42.410,930.037759093,-0.955786112799785,0
07/26/2023 13:35:42.420,930.040526889,-0.951632227799905,0
07/26/2023 13:35:42.430,930.027490807,-0.95137131880017,0
07/26/2023 13:35:42.440,930.013911669,-0.959143768800232,0
07/26/2023 13:35:42.450,930.028002901,-0.960342518800189,0
07/26/2023 13:35:42.460,930.028344445,-0.966325670800018,0
07/26/2023 13:35:42.470,930.042549007,-0.969510572799948,0
07/26/2023 13:35:42.480,930.020243457,-0.964784926800064,0
07/26/2023 13:35:42.490,930.037558691,-0.969820263799932,0
07/26/2023 13:35:42.500,930.066483461,-0.985217715800275,0
07/26/2023 13:35:42.510,930.165808059,-1.0056211338001,0.0630541849999986
07/26/2023 13:35:42.520,930.291916429,-1.02146930680021,0.0724965549999865
07/26/2023 13:35:42.530,930.436909539,-1.01721203580007,0.0837624380000079
07/26/2023 13:35:42.540,930.604434415,-1.02164565880025,0.0927193050000596
07/26/2023 13:35:42.550,930.789873025,-1.02405493180015,0.118563365999933
07/26/2023 13:35:42.560,931.026999757,-1.01951736880017,0.137277979000032
07/26/2023 13:35:42.570,931.301555715,-1.00389203580016,0.167726700000003
07/26/2023 13:35:42.580,931.637009115,-1.0198219458,0.181331540999963
07/26/2023 13:35:42.590,931.999672197,-1.05620222580029,0.200656784000046
07/26/2023 13:35:42.600,932.400985765,-1.08535006479991,0.218130014999986
07/26/2023 13:35:42.610,932.837245795,-1.07747075680021,0.258392390999973
07/26/2023 13:35:42.620,933.354030577,-1.05895962580018,0.290010945000006
07/26/2023 13:35:42.630,933.934052467,-1.04280895779999,0.326752732999978
07/26/2023 13:35:42.640,934.587557933,-1.01549765180022,0.355079357000079
07/26/2023 13:35:42.650,935.297716647,-0.998026105799909,0.370865623999919
07/26/2023 13:35:42.660,936.039447895,-1.0247912367999,0.410859025000036
07/26/2023 13:35:42.670,936.861165945,-1.04903904780025,0.436233619000006
07/26/2023 13:35:42.680,937.733633183,-1.06743419780003,0.477660901999968
07/26/2023 13:35:42.690,938.688954987,-1.11601771680006,0.537147786000048
07/26/2023 13:35:42.700,939.763250559,-1.12566838079999,0.595216047000065
07/26/2023 13:35:42.710,940.953682653,-1.04666888579999,0.620374445999914
07/26/2023 13:35:42.720,942.194431545,-0.971793904800109,0.647199048000004
07/26/2023 13:35:42.730,943.488829641,-0.941873662799992,0.659507597000015
07/26/2023 13:35:42.740,944.807844835,-0.939619811799844,0.659766307999973
07/26/2023 13:35:42.750,946.127377451,-0.946421832800183,0.709672191000038
07/26/2023 13:35:42.760,947.546721833,-0.964613184799873,0.750033414999905
07/26/2023 13:35:42.770,949.046788663,-0.993181328799949,0.778843433000077
07/26/2023 13:35:42.780,950.604475529,-1.01344110679986,0.799811527999964
07/26/2023 13:35:42.790,952.204098585,-0.996292384799915,0.808794895999995
07/26/2023 13:35:42.800,953.821688377,-0.978054176799958,0.83751662100002
07/26/2023 13:35:42.810,955.496721619,-0.983509400800074,0.883997899000008
07/26/2023 13:35:42.820,957.264717417,-0.985656925800185,0.921197135
07/26/2023 13:35:42.830,959.107111687,-0.957578462799916,0.937528366000038
07/26/2023 13:35:42.840,960.982168419,-0.922644832800074,0.946283942999912
07/26/2023 13:35:42.850,962.874736305,-0.913726930800181,0.936286053999993
07/26/2023 13:35:42.860,964.747308413,-0.922995903800199,0.936059393999983
07/26/2023 13:35:42.870,966.619427201,-0.924320268799875,0.934261695000089
07/26/2023 13:35:42.880,968.487950591,-0.932847093800149,0.936514267999996
07/26/2023 13:35:42.890,970.360979127,-0.950110066799937,0.937341536999952
07/26/2023 13:35:42.900,972.235662201,-0.961265305799884,0.933861709999974
07/26/2023 13:35:42.910,974.103385621,-0.955783226799952,0.917159548000143
07/26/2023 13:35:42.920,975.937704717,-0.94416341879986,0.900101803999974
07/26/2023 13:35:42.930,977.737908325,-0.931490000799954,0.898775347999901
07/26/2023 13:35:42.940,979.535459021,-0.924981315799982,0.90272597400002
07/26/2023 13:35:42.950,981.340910969,-0.934058109800048,0.893457060999992
07/26/2023 13:35:42.960,983.127825091,-0.934223069799941,0.881220969999958
07/26/2023 13:35:42.970,984.890267031,-0.926798917800227,0.862807161000035
07/26/2023 13:35:42.980,986.615881353,-0.923452240800032,0.832668466999962
07/26/2023 13:35:42.990,988.281218287,-0.934508102800237,0.810049983000113
07/26/2023 13:35:43.000,989.901318253,-0.925148264799873,0.808667194999998
07/26/2023 13:35:43.010,991.518652643,-0.919977591799864,0.807965940999964
07/26/2023 13:35:43.020,993.134584525,-0.942879299800097,0.799337822000041
07/26/2023 13:35:43.030,994.733260169,-0.961775790800232,0.789798844999893
07/26/2023 13:35:43.040,996.312857859,-0.944754568800136,0.776847372000077
07/26/2023 13:35:43.050,997.866552603,-0.930178408800145,0.784075778999977
07/26/2023 13:35:43.060,999.434704161,-0.940755325800126,0.803089974999978
07/26/2023 13:35:43.070,1001.040884111,-0.933195369799932,0.833841297000049
07/26/2023 13:35:43.080,1002.708566705,-0.915151707800078,0.841370285999972
07/26/2023 13:35:43.090,1004.391307277,-0.915243771800135,0.862507244999961
07/26/2023 13:35:43.100,1006.116321767,-0.918935613799988,0.853764575000014
07/26/2023 13:35:43.110,1007.823850917,-0.914611126799855,0.845249342000045
07/26/2023 13:35:43.120,1009.514349601,-0.910239614799991,0.862862604999918
07/26/2023 13:35:43.130,1011.240074811,-0.908840281800167,0.880505477000099
07/26/2023 13:35:43.140,1013.001085765,-0.911446775800187,0.903867508999951
07/26/2023 13:35:43.150,1014.808820783,-0.925422579799942,0.904838161000043
07/26/2023 13:35:43.160,1016.618497105,-0.938310713799922,0.918372874999989
07/26/2023 13:35:43.170,1018.455242855,-0.951646026799892,0.928429093999966
07/26/2023 13:35:43.180,1020.312101043,-0.948833536799896,0.959106493999968
07/26/2023 13:35:43.190,1022.230314031,-0.950499299799844,0.976821290000032
07/26/2023 13:35:43.200,1024.183956611,-0.941145426800119,1.0063870969999
07/26/2023 13:35:43.210,1026.196730805,-0.93241502879988,0.994520383000122
07/26/2023 13:35:43.220,1028.185771571,-0.929039022799998,0.982824773999937
07/26/2023 13:35:43.230,1030.151421119,-0.937011144799897,0.977605023000137
07/26/2023 13:35:43.240,1032.106631165,-0.937569840799995,0.986347359999854
07/26/2023 13:35:43.250,1034.079325885,-0.946134281800141,0.990454741000008
07/26/2023 13:35:43.260,1036.060235367,-0.958232674800058,0.996359709999979
07/26/2023 13:35:43.270,1038.052954787,-0.966659031799963,0.999897555000075
07/26/2023 13:35:43.280,1040.052749897,-0.958666092800115,0.991054461999852
07/26/2023 13:35:43.290,1042.034858821,-0.956683919800014,0.996545741000205
07/26/2023 13:35:43.300,1044.027950303,-0.954081813799917,1.00876936899999
07/26/2023 13:35:43.310,1046.045489041,-0.941083532800235,1.01939412499996
07/26/2023 13:35:43.320,1048.084277291,-0.931858944800183,1.0193788659999
07/26/2023 13:35:43.330,1050.123035023,-0.939645971800019,1.01609942000005
07/26/2023 13:35:43.340,1052.155233863,-0.937812480800062,1.00627365599996
07/26/2023 13:35:43.350,1054.167781175,-0.925106250799899,0.990084698000146
07/26/2023 13:35:43.360,1056.147950571,-0.924239971799977,0.987872642999946
07/26/2023 13:35:43.370,1058.123695857,-0.933607087799828,0.995233989000099
07/26/2023 13:35:43.380,1060.114163835,-0.920140459800223,1.00456167599987
07/26/2023 13:35:43.390,1062.123287187,-0.917638849800255,1.00507388099993
07/26/2023 13:35:43.400,1064.133434949,-0.933083167799907,1.00687169100001
07/26/2023 13:35:43.410,1066.147178331,-0.941328553799963,0.994792687999961
07/26/2023 13:35:43.420,1068.136763707,-0.929943884799798,1.00081120900018
07/26/2023 13:35:43.430,1070.138386125,-0.918866539799865,1.01149274099998
07/26/2023 13:35:43.440,1072.161371607,-0.913552567800025,1.01768203400002
07/26/2023 13:35:43.450,1074.196735675,-0.914529071800189,1.00617278899983
07/26/2023 13:35:43.460,1076.209081253,-0.915835824800183,1.00362007800004
07/26/2023 13:35:43.470,1078.216321409,-0.915437892800242,0.989699395999992
07/26/2023 13:35:43.480,1080.195720201,-0.918618556800197,0.979829541000072
07/26/2023 13:35:43.490,1082.155379283,-0.926929144800113,0.995604365000077
07/26/2023 13:35:43.500,1084.146588013,-0.926437772799886,0.990641104999895
07/26/2023 13:35:43.510,1086.127870223,-0.927518286799966,0.975977984999986
07/26/2023 13:35:43.520,1088.079826193,-0.941259066799944,0.962971290000041
07/26/2023 13:35:43.530,1090.005768773,-0.955504620800241,0.950320731999909
07/26/2023 13:35:43.540,1091.906410237,-0.965188469800182,0.937113656000065
07/26/2023 13:35:43.550,1093.780637549,-0.968360292799787,0.935274328999867
07/26/2023 13:35:43.560,1095.651186207,-0.959729752800229,0.922895188000098
07/26/2023 13:35:43.570,1097.496976583,-0.938500620800085,0.913281490999907
07/26/2023 13:35:43.580,1099.323539565,-0.931376140799784,0.897292470000139
07/26/2023 13:35:43.590,1101.118124505,-0.943094299799839,0.870893001000127
07/26/2023 13:35:43.600,1102.859910507,-0.959844253799815,0.846233011999743
07/26/2023 13:35:43.610,1104.552376531,-0.97238799880023,0.846233011999743
