Simulation,Gap_%,Overlap_%,Total_layout_area_mm2,Gap_area_mm2,Overlap_area_mm2
1,2.5045795360796044,1.3928617737563085,184082.12424547775,4610.483213432868,2564.009540933853
2,2.6828257986391413,1.3936946625670636,184187.99232639797,4941.442976128087,2567.0182181424416
3,2.569880795500965,1.4185565825223305,183846.3705840329,4724.632570864596,2607.9647916481963
4,2.5535022567609142,1.1683771710415496,184465.7991431848,4710.338344073279,2155.2562855683295
5,2.4458778517084774,1.2610034699517858,184057.2731653069,4501.816078808812,2320.968601313157
6,2.5453835542470857,1.4643032525667559,184006.64369047398,4683.674847219358,2694.4152684985315
7,2.5510982218467664,1.261412706134792,184120.48664344187,4697.094460816458,2322.519213117588
8,2.8356071280018864,1.6314430877871375,184065.58493631822,5219.376846652606,3002.9252624385263
9,2.702437647671012,1.496150829756629,184127.969176615,4975.943558920921,2754.8321386499556
10,2.606993228629931,1.3098464358340667,184296.11802056868,4804.587317424051,2413.996133272964
11,2.5994818190595628,1.3922268739405383,184063.58288848258,4784.699372695733,2562.582666111273
12,2.914118351892384,1.70520452362742,184135.3526066482,5365.9221026320865,3139.8843622458658
13,2.493864453586831,1.3432997215039084,184002.35941546713,4588.769435223417,2471.7031815885907
14,2.580782655063226,1.352785040308355,184092.88441082364,4751.03723008013,2490.381000581774
15,2.9743243608136236,1.6751484400290395,184274.1029479294,5480.909534651039,3086.8647609097457
16,2.513218226529801,1.4488609993385837,183935.5309143585,4622.701288004014,2664.9701713445043
17,2.5783330967339126,1.3996184784117616,184125.45628402333,4747.367578883305,2577.0539096111606
18,2.7031225127959817,1.3011377452216002,184479.5763985326,4986.708961139398,2400.3334007462263
19,2.466491796782359,1.3324122208851223,183967.0951868127,4537.533311561529,2451.200058676458
20,2.5904896311848487,1.3746955545508939,184119.76127991243,4769.6033249184275,2531.0861733646743
21,2.5429899845066335,1.3008260676912555,184200.0179517353,4684.1880079720495,2396.121850208145
22,2.690140888336734,1.4886730855665962,183928.4089206583,4947.933333641818,2738.0927203127103
23,2.661540866939122,1.446414537973124,184183.38455396265,4902.116050015355,2664.0552507194607
24,2.8780887417090106,1.5394985899270643,184389.5067869338,5306.893635727514,2838.6738569583144
25,2.534605559105296,1.322059754840291,184052.3365655468,4665.000754253539,2433.2818695762953
26,2.546397582970702,1.4179060981501093,183897.34907137282,4682.7576519006325,2607.4917268193885
27,2.434173770671875,1.221181771584248,184071.96282201895,4480.6314381744705,2247.853256579829
28,2.8587134436327144,1.5289322866895054,184191.77523849468,5265.5150408086,2816.167521047911
29,2.638149471429729,1.510760196512243,183955.04805612168,4853.009127960878,2779.119645506855
30,2.6547349877495527,1.4285819884688418,184144.61621999647,4888.551554849385,2630.656820053943
31,2.437547612868159,1.3535761795604153,183861.3059847062,4481.706875018427,2488.7028412376717
32,2.618575536753156,1.3853484090741401,184164.9654235965,4822.498731852206,2551.3264185677344
33,2.674356911082509,1.44933951810639,184096.38221314526,4923.394320770121,2668.1816188192975
34,2.5125362336475465,1.374766842237592,184051.42215722357,4624.358670243851,2530.2779244842422
35,2.714053782324359,1.4388939037013857,184307.2406565675,5002.197636137229,2651.985649887592
36,2.6650312205298934,1.4488736444918304,184141.68503745657,4907.433396258041,2667.9803430308643
37,2.442449660755845,1.2943872012688893,184083.37138376187,4496.143679870614,2382.7515988556906
38,2.5256444903622564,1.40585435075599,183966.43080528107,4646.338023749674,2586.3000714065515
39,2.4781334850957673,1.3413312051308945,183929.71482854665,4558.02385220737,2467.1066605035626
40,2.4945335431140307,1.400038898078408,183923.47662703204,4588.032818122809,2575.0002154765975
41,2.653962348319391,1.4608898786344608,184175.58560840244,4887.950696843748,2690.602489068898
42,2.7392738680175546,1.5837258787948623,183997.63919969246,5040.1992483664,2914.0182283771296
43,2.710735502605171,1.4160917543595064,184217.89099635454,4993.659773388677,2608.6943644543603
44,2.355306361589121,1.2701831852452086,183854.81162287993,4330.344074241386,2335.292902498074
45,2.59872503306259,1.4465745821565028,184016.80586638226,4782.090799091864,2661.940340559362
46,2.557684392216175,1.3044085678488846,184215.65574754117,4711.6550750735405,2402.924796889933
47,2.6094637023130565,1.4203230406105207,184024.60888470206,4802.055372169868,2613.7439203828185
48,2.603279215949159,1.2929711021029395,184147.05127491514,4793.861912623107,2380.9681583593356
49,2.5913017951529196,1.2961169568689426,184323.27078180492,4776.372224653488,2389.0451680584306
50,2.4330410800507165,1.4819425977786145,183512.37659470824,4464.931509526628,2719.548080952893
51,2.5839871167681214,1.300129846505406,184188.06122277147,4759.395772621395,2394.6839576569023
52,2.5563018208367994,1.348199266669704,184243.57794430546,4709.8219377651485,2483.970566731151
53,2.622836979979779,1.5739876843310305,183842.66333658685,4821.893358971727,2893.660879464036
54,2.550763738129784,1.3751647825543345,183998.93249947834,4693.378048742591,2530.288520008748
55,2.5895201314836225,1.4090949948875728,183959.98906489235,4763.680950710458,2592.1709985091243
56,2.8007393372230367,1.4940363303268192,184343.02815817125,5162.967705054041,2754.1518131076764
57,2.5067620957062835,1.2660171309045987,184088.48287982764,4614.66031139227,2330.5917292809972
58,2.502477308002896,1.278610159421629,184242.95142178526,4610.638050924975,2355.749094897203
59,2.587528617686967,1.4014686838561465,184108.91408839214,4763.870839749859,2580.228775136433
60,2.753636977713046,1.58770213245569,183967.17685242742,5065.788208663196,2920.8507899045208
61,2.5782839165398816,1.381000290909314,183962.01227111032,4743.062974929161,2540.515924626661
62,2.4583885125524825,1.2879286762329676,184086.8884217422,4525.570918075416,2370.907825168604
63,2.703534019586673,1.3354852005109792,184248.63708889848,4981.2245843231585,2460.613280465422
64,2.5355509769960154,1.380496286010046,183996.73966439767,4665.33113020145,2540.068157446583
65,2.677318544250296,1.401363373869629,184153.00473169048,4930.362545475675,2580.652760190315
66,2.7516958689060247,1.5453631380835413,184060.57323732506,5064.787190056222,2844.4042505548814
67,2.4794459828233455,1.2537116630929752,184084.19582021172,4564.268198276901,2307.8850329089055
68,2.7153607631046124,1.4145542682605283,184343.22095126932,5005.583491154008,2607.6349002151164
69,2.6185214271868515,1.543695470302979,183942.03449341087,4816.561586813394,2839.5048544579267
70,2.4682791375333,1.279118055298543,184015.3631446042,4542.012818354407,2353.773734505813
71,2.6041503956655374,1.3394442508391726,184126.14824882106,4794.921818145388,2466.2671070104457
72,2.452654663447368,1.341778356599671,183915.7311236756,4510.817756218152,2467.741474599524
73,2.6661246522422766,1.5396854006830638,183902.58326476015,4903.072108532149,2831.5212260065273
74,2.6048318084318134,1.4117951510227278,184153.96049026502,4796.900939337377,2599.8766846178714
75,2.476886636700803,1.3896354828938906,184001.04955206244,4557.4974077442575,2556.9438734726295
76,2.3994298736585757,1.2915601170989368,183986.81930071698,4414.634705895625,2376.3003788069495
77,2.5002445726145317,1.3976214151305426,183920.5013521252,4598.462352981946,2570.512313712761
78,2.8980736749805813,1.7548828437768424,184050.86503841158,5333.9296682522445,3229.8770543819555
79,2.709734773977591,1.3792973463142981,184224.96681586682,4992.0079881582205,2541.0100785396476
80,2.7726241628394694,1.5632499582790944,184062.05065516787,5103.348891083008,2877.349930074557
81,2.3646563537003282,1.1773131447446565,184021.2015667595,4351.469035004066,2166.5057951625195
82,2.729035121917863,1.4830706871606254,184147.8519982537,5025.459557289669,2731.0428140220324
83,2.9129521807276637,1.7329643324040136,184173.8673348143,5364.8966848599475,3191.6674305214183
84,2.740207866648973,1.537145072397206,184058.97532220458,5043.598521052541,2829.253469470057
85,2.4323697054964475,1.121472412476671,184266.85074624047,4482.051054823907,2066.5018964586498
86,2.637536767860492,1.4508948295715385,183969.99527222314,4852.276267136094,2669.2111493676894
87,2.499637789977007,1.3207210926037423,183900.96290058523,4596.8579647946235,2428.818806529412
88,2.762582441077317,1.679631757692164,183865.52485900972,5079.436704949651,3088.2637469793076
89,2.517841063216112,1.376984606544044,183969.37254254532,4632.056405617233,2533.2299406665143
90,2.356303688869579,1.2332122984981475,183851.81800996372,4332.1071698225605,2267.283230711305
91,2.678739932085918,1.4386074889665001,184034.45264229356,4929.804371724866,2647.533417990542
92,2.4986436273756953,1.3748087485732061,183982.0293944941,4597.055252982005,2529.401035918033
93,2.4876352122224286,1.2917661329871826,184129.32313173317,4580.465878251812,2378.520237114263
94,2.4191871618182916,1.0423661437496188,184357.25529294534,4459.947051927506,1921.6776127197143
95,2.7167869864992915,1.4972770398650344,184008.02987027937,4999.106209629479,2755.1099827556873
96,2.6557446692545423,1.3822542268132434,184283.23627804365,4894.092223783897,2547.262822761495
97,2.7375656184727095,1.5278661171921524,184074.96583783356,5039.172976991917,2812.419033269289
98,2.6640866143557385,1.4461036504395046,184105.24867331152,4904.723286232038,2662.3527217154856
99,2.387788939363599,1.1769011837439802,184185.4927042415,4397.960822704227,2167.6812439209007
100,2.6091694661881206,1.232298549167905,184261.37790159113,4807.6916101858205,2270.6502865580983
101,2.5027642474086695,1.264928627749465,184171.80734783833,4609.38614810807,2329.6419153863994
102,2.641280807170431,1.52628177838271,184086.87672365888,4862.251343421493,2809.6844558270477
103,2.5832330790764475,1.4757503281627604,183948.9786536931,4751.830865205474,2714.6276561339223
104,2.733739268449828,1.4619823806163752,184176.967533723,5034.918084909476,2692.634814496572
105,3.095853047811375,1.6374990909774194,184423.36707473523,5709.47643045955,3019.930959398739
106,2.635619008807547,1.3983068032866108,184095.5020130304,4852.056045415109,2574.2199291928437
107,2.687723577594626,1.3626057065070745,184245.48362448462,4952.009304028519,2510.539473848785
108,2.600186236990851,1.4759734600193557,183930.8471131657,4782.544572217218,2714.7704881791033
109,2.770199172962263,1.3977939686440166,184368.247609898,5107.367670494412,2577.0882451858206
110,2.580774455788063,1.2425573282476177,184332.8806954372,4757.2158986061295,2290.441717451093
111,2.8203398963354434,1.5604871461349779,184193.36256316665,5194.878890770782,2874.313746832012
112,2.520195392140875,1.3851340394327356,183940.30055651785,4635.654978915439,2547.8197152432103
113,2.609242464785874,1.3974568860633994,184096.12041072617,4803.514149780001,2572.66391165526
114,2.6210259454988147,1.4591964826854484,184061.76026474097,4824.306492280689,2685.8227317520227
115,2.573081487794311,1.3500379284732262,184122.87717973546,4737.631667506029,2485.728676922603
116,2.5228607180484377,1.3104715255168737,184159.07968430535,4646.0770800748605,2413.3523009167516
117,2.7026593757844304,1.5636065756930888,183892.67086753985,4969.992510581969,2875.3578939025024
118,2.5046976965466774,1.4616666106297027,183886.82042572304,4605.80895545601,2687.812255511394
119,2.5776371825861717,1.5105776772704542,183871.5711029308,4739.541984954514,2777.5229079273436
120,2.4835279158910377,1.3091040180828653,183923.3318956167,4567.787291464565,2407.7477280374023
