time,width_CAM,center_CAM,error_CAM,width_LLS_A,center_LLS_A,width error_LLS_A,x,y,z,error_LT,z error,width_LLS_B,center_LLS_B,width error_LLS_B
7.999000000003434,6.1492116,0.25488960000000005,12.499211599999999,6.00664667472876,-1.6885,-0.34335332527123974,136.722793098,211.5419851632,0.0280046251999962,-0.9580148368000039,4.028004625199996,6.25108710545614,0.49150000000000005,-0.09891289454385976
8.014999999999418,6.1173504,0.22302840000000002,12.4673504,5.96697073426841,-1.709,-0.38302926573158924,142.75555494,211.5778574022,0.0152200141999862,-0.92214259779999,4.015220014199986,6.31819000980502,0.5479999999999998,-0.03180999019497932
8.031999999999243,6.1014198,0.2469243000000001,12.4514198,5.96353306545417,-1.7215000000000003,-0.3864669345458296,144.754067574,211.5907710702,0.0096190012000148,-0.9092289298000082,4.009619001200015,6.30704566338314,0.5294999999999999,-0.042954336616859656
8.048000000002503,6.0854892,0.22302840000000002,12.4354892,5.9872121790092,-1.7449999999999999,-0.36278782099079976,146.76216181200002,211.5762075942,0.0101171002000143,-0.9237924057999862,4.010117100200015,6.35810765872992,0.5429999999999999,0.008107658729920253
8.063999999998487,6.1014198,0.21506309999999984,12.4514198,5.98505432375195,-1.7925,-0.3649456762480501,150.779580248,211.5781728232,0.0030038242000342,-0.9218271768000079,4.003003824200034,6.38318047684695,0.4914999999999998,0.033180476846950135
8.080000000001746,6.1014198,0.2309937000000002,12.4514198,6.01199307879344,-1.771,-0.33800692120655995,154.777912474,211.5811011992,0.00988299520000568,-0.9188988008000081,4.009882995200005,6.31614637259144,0.40900000000000003,-0.03385362740855946
8.097000000001572,6.1651422,0.2628549,12.5151422,6.00286049320385,-1.7650000000000001,-0.34713950679614936,156.78497986000002,211.5845224592,0.0143174402000242,-0.9154775407999978,4.014317440200024,6.29209734508296,0.397,-0.05790265491704005
8.112999999997555,6.1173504,0.28675079999999986,12.4673504,5.96206705596355,-1.759,-0.38793294403645007,160.75843554800002,211.5670280932,0.0292631822000349,-0.9329719067999918,4.029263182200035,6.26403863334191,0.33299999999999996,-0.08596136665808984
8.129000000000815,6.0854892,0.3026814,12.4354892,6.00276404822129,-1.7400000000000002,-0.3472359517787096,162.758232434,211.5749928082,0.0196798891999863,-0.925007191800006,4.0196798891999865,6.25014111840685,0.30100000000000016,-0.09985888159314982
8.145000000004075,6.1014198,0.2787854999999999,12.4514198,6.04904246090382,-1.6975,-0.3009575390961796,166.752199768,211.5666541412,0.026597840200016,-0.9333458588000099,4.026597840200016,6.33900386496175,0.3085,-0.010996135038249477
8.1620000000039,6.1173504,0.3026814,12.4673504,5.98276028049906,-1.7145000000000001,-0.36723971950093937,170.756644934,211.6028752852,0.00236071020003892,-0.8971247147999861,4.002360710200039,6.34238630170065,0.32000000000000006,-0.007613698299349991
8.177999999999884,6.1173504,0.23895900000000014,12.4673504,5.97942188377299,-1.702,-0.3705781162270094,174.785418392,211.5813967522,-0.0196674257999867,-0.9186032478000072,3.9803325742000135,6.32927499797568,0.3005,-0.020725002024319927
8.194000000003143,6.133281,0.2469243000000001,12.483281,6.02522436930922,-1.7015,-0.3247756306907794,176.781905314,211.5771601112,-0.0272083947999681,-0.9228398888000129,3.972791605200032,6.28835693961467,0.2689999999999999,-0.06164306038532974
8.209999999999127,6.1014198,0.2469243000000001,12.4514198,5.97523949150281,-1.6875,-0.37476050849718945,180.751117252,211.5813741722,-0.0363403417999584,-0.9186258278000139,3.9636596582000414,6.28714704774749,0.25649999999999995,-0.06285295225251009
8.226999999998952,6.1014198,0.2787854999999999,12.4514198,6.05373152250546,-1.665,-0.29626847749453944,184.766622238,211.5993056822,-0.0295102827999872,-0.9006943178000029,3.970489717200013,6.28706688369068,0.24449999999999994,-0.06293311630931964
8.243000000002212,6.0695586,0.2628549,12.419558599999998,5.98373888075764,-1.6835,-0.3662611192423597,186.75506117400002,211.5956749212,-0.0190550627999958,-0.9043250788000137,3.9809449372000043,6.32316732342265,0.26249999999999996,-0.026832676577349446
8.258999999998196,6.1651422,0.2628549,12.5151422,5.99013371958868,-1.6904999999999997,-0.3598662804113193,188.73622583600002,211.5966475912,-0.00561768279996189,-0.9033524088000036,3.994382317200038,6.3491260028448,0.3265,-0.0008739971551996462
8.275000000001455,6.1651422,0.27878550000000013,12.5151422,6.08280492591276,-1.642,-0.2671950740872395,194.73497682,211.5966397782,0.0147169421999855,-0.9033602217999999,4.0147169421999855,6.32418216056432,0.2629999999999999,-0.025817839435680057
8.29200000000128,6.1492116,0.27082019999999996,12.499211599999999,6.08952428452982,-1.6624999999999999,-0.26047571547017956,196.73713829800002,211.6158139862,0.021094731200015,-0.8841860137999902,4.021094731200015,6.31232445300461,0.2310000000000001,-0.03767554699538955
8.307999999997264,6.1173504,0.27082019999999996,12.4673504,6.11033516160216,-1.6385,-0.23966483839783947,198.725780078,211.6261785682,0.020500548200039,-0.8738214317999962,4.020500548200039,6.32121388658856,0.20050000000000012,-0.02878611341143955
8.324000000000524,6.0217668,0.3345425999999998,12.3717668,6.01631913005654,-1.7085,-0.3336808699434597,202.733866678,211.5986064722,0.0254894842000007,-0.9013935277999963,4.0254894842,6.33125658933517,0.0665,-0.018743410664829874
8.340000000003783,6.053628,0.3345426,12.403628,6.08970639745099,-1.67,-0.2602936025490097,206.74823277200002,211.6014026002,0.0193726041999961,-0.8985973997999963,4.019372604199996,6.29313355968233,0.08550000000000013,-0.05686644031766974
8.357000000003609,6.1173504,0.3026814,12.4673504,6.04198872057602,-1.6715,-0.30801127942397954,210.746450336,211.6063382962,0.0292446872000106,-0.8936617038000065,4.029244687200011,6.31643348734078,0.008999999999999897,-0.033566512659219505
8.372999999999593,6.053628,0.27082019999999996,12.403628,6.06847841512046,-1.6575,-0.28152158487954004,214.719109384,211.6027999142,0.0381409751999919,-0.8972000857999944,4.038140975199992,6.30614660470243,0.028999999999999915,-0.043853395297569264
8.389000000002852,6.133281,0.23099369999999997,12.483281,6.04332969579615,-1.6455000000000002,-0.3066703042038492,216.71508066,211.6075909212,0.0425681192000108,-0.8924090788000001,4.042568119200011,6.2551278963743,0.01649999999999996,-0.09487210362569964
8.404999999998836,6.1492116,0.25488960000000005,12.499211599999999,5.94444081771558,-1.7205,-0.4055591822844198,218.705030286,211.5950424312,0.0560551571999882,-0.9049575688000004,4.056055157199988,6.28244769178383,0.015000000000000124,-0.06755230821616998
8.421999999998661,6.1492116,0.3186119999999999,12.499211599999999,6.11680100175082,-1.634,-0.23319899824918,222.698056466,211.5856448692,0.0619766282000392,-0.9143551308000042,4.061976628200039,6.34643143821786,0.04700000000000015,-0.00356856178213949
8.43800000000192,6.1970034,0.29471610000000004,12.5470034,6.10875859706658,-1.715,-0.24124140293341956,226.67268352000002,211.5651806462,0.0679330502000357,-0.9348193538000089,4.067933050200036,6.32123065549739,0.034499999999999975,-0.02876934450261004
8.453999999997905,6.212934,0.35047319999999993,12.562933999999998,6.06437888181565,-1.746,-0.2856211181843493,228.68246281400002,211.5737365192,0.0643499312000159,-0.926263480800003,4.064349931200016,6.33430343447486,0.04100000000000015,-0.01569656552513976
8.470000000001164,6.1970034,0.3902996999999999,12.5470034,6.13333748931905,-1.7154999999999998,-0.21666251068094944,232.68861081600002,211.5801195192,0.0722186592000217,-0.9198804808000034,4.072218659200022,6.25616184253573,0.05400000000000005,-0.09383815746426993
8.48700000000099,6.212934,0.3982650000000001,12.562933999999998,6.08961859578927,-1.7280000000000002,-0.26038140421072953,236.68386311,211.6019064172,0.0800306172000255,-0.8980935827999872,4.080030617200025,6.28229615666119,0.016000000000000014,-0.0677038433388093
8.50300000000425,6.2607258,0.42216089999999995,12.6107258,6.07081811509813,-1.7344999999999997,-0.27918188490186946,238.693781104,211.5904837952,0.0895180992000407,-0.9095162048000134,4.089518099200041,6.30718265154895,0.02849999999999997,-0.042817348451049675
8.519000000000233,6.1970034,0.3902996999999999,12.5470034,6.04167893092741,-1.734,-0.3083210690725897,240.690120404,211.5712816672,0.101030020200007,-0.9287183328000026,4.101030020200007,6.26915440869022,0.034499999999999975,-0.08084559130977986
8.535000000003492,6.2766564,0.4141956,12.6266564,6.00630612916205,-1.775,-0.34369387083794933,246.68662057,211.5580711532,0.106410627200026,-0.9419288468000104,4.106410627200026,6.22014179902677,0.04699999999999993,-0.12985820097322964
8.552000000003318,6.2766564,0.3345426,12.6266564,6.11238939392621,-1.7325,-0.23761060607378948,248.67626227800002,211.5684680382,0.0988165071999885,-0.9315319618000046,4.098816507199989,6.2702775855619,0.08500000000000019,-0.07972241443809924
8.567999999999302,6.2607258,0.39029970000000014,12.6107258,6.03637807146882,-1.778,-0.31362192853117943,252.689686552,211.5702158552,0.0947031291999941,-0.9297841448000099,4.094703129199994,6.29631519223744,0.07200000000000006,-0.05368480776255957
8.584000000002561,6.2607258,0.3743691,12.6107258,6.08470319762512,-1.7645000000000002,-0.2652968023748796,254.696213102,211.5655684762,0.0921658752000072,-0.9344315237999865,4.092165875200007,6.28419891473846,0.040999999999999925,-0.0658010852615396
8.599999999998545,6.2288646,0.3584384999999999,12.5788646,6.01229846718849,-1.7769999999999997,-0.3377015328115096,260.697221564,211.5786575242,0.097454698200027,-0.9213424758000031,4.097454698200027,6.27017615382535,0.009000000000000119,-0.07982384617464966
8.61699999999837,6.1651422,0.3902996999999999,12.5151422,5.97068722726637,-1.759,-0.3793127727336296,262.699669364,211.5928187242,0.0978501982000266,-0.9071812758000135,4.097850198200026,6.28414711794687,0.0030000000000001137,-0.06585288205312967
8.63300000000163,6.133281,0.40623030000000004,12.483281,6.02186487846984,-1.721,-0.3281351215301598,264.702743254,211.5960119882,0.102284559199988,-0.9039880118000099,4.102284559199988,6.29821466766575,-0.0040000000000000036,-0.051785332334249645
8.648999999997613,6.1173504,0.35047319999999993,12.4673504,5.93302512963583,-1.753,-0.4169748703641698,266.707329388,211.5902628272,0.10275078019999,-0.9097371727999928,4.10275078019999,6.34914561181266,0.034499999999999975,-0.0008543881873395165
8.665000000000873,6.212934,0.3186120000000001,12.562933999999998,5.90478203223832,-1.7770000000000001,-0.4452179677616792,270.715991782,211.5877004252,0.0896514912000356,-0.912299574799988,4.089651491200035,6.32340991870684,0.07250000000000001,-0.02659008129315943
8.681000000004133,6.1810728,0.38233439999999996,12.5310728,5.91992641250556,-1.7690000000000001,-0.4300735874944399,274.698523238,211.5866864332,0.0865409912000168,-0.9133135668000136,4.086540991200017,6.20623492948825,0.04100000000000015,-0.14376507051174947
8.698000000003958,6.1651422,0.3743691,12.5151422,5.94600763539497,-1.77,-0.4039923646050294,278.705157964,211.6020905762,0.0883779611999938,-0.8979094238000016,4.088377961199994,6.20755491316831,0.07850000000000001,-0.14244508683168977
8.713999999999942,6.1810728,0.3345426,12.5310728,6.0987014488266,-1.6965,-0.2512985511733996,280.711422452,211.5844815022,0.106886515200022,-0.9155184978000079,4.106886515200022,6.16714301763791,0.08549999999999991,-0.18285698236208958
8.730000000003201,6.212934,0.2867508000000001,12.562933999999998,5.9688498738847,-1.7285,-0.3811501261152994,286.697682228,211.6278248352,0.125065402200018,-0.8721751648000122,4.125065402200018,6.19222682078104,0.07299999999999995,-0.1577731792189594
8.745999999999185,6.133281,0.32657730000000007,12.483281,5.90843603346966,-1.7085,-0.4415639665303397,288.700867672,211.6290601712,0.140506767200004,-0.8709398288000045,4.140506767200004,6.1800634300952,0.05400000000000005,-0.16993656990479966
8.76299999999901,6.1014198,0.3425079,12.4514198,6.05451534331316,-1.7864999999999998,-0.2954846566868392,290.70714019400003,211.6464091912,0.130891806200014,-0.8535908087999928,4.130891806200014,6.1933306871182,0.08549999999999991,-0.15666931288179953
8.77900000000227,6.0854892,0.3345426,12.4354892,6.11975179161006,-1.7815000000000003,-0.23024820838993953,294.697744118,211.6268110882,0.123848642200032,-0.873188911800014,4.123848642200032,6.15527326769495,0.14250000000000007,-0.19472673230504967
8.794999999998254,6.0695586,0.31064669999999994,12.419558599999998,6.03137195871389,-1.7525,-0.31862804128611,298.693089214,211.6294414592,0.094727966200002,-0.8705585408000047,4.094727966200002,6.20317805644816,0.11749999999999994,-0.14682194355183942
8.811000000001513,6.1810728,0.19116719999999998,12.5310728,6.09752959097352,-1.7595,-0.25247040902648,302.69955468,211.6127273802,0.0806781102000169,-0.8872726198000009,4.080678110200017,6.24316946750607,0.11150000000000015,-0.10683053249392938
8.828000000001339,6.1492116,0.15930599999999995,12.499211599999999,6.13116701081588,-1.7469999999999999,-0.21883298918411942,304.70114769,211.6067754702,0.0721443222000019,-0.8932245297999941,4.0721443222000016,6.22928896423982,0.12950000000000017,-0.12071103576017972
8.844000000004598,6.133281,0.1672712999999999,12.483281,6.11978549611872,-1.734,-0.23021450388127995,306.69187125,211.5982210032,0.0696173372000155,-0.9017789968000045,4.0696173372000155,6.21533989416508,0.1745000000000001,-0.13466010583491972
8.860000000000582,6.1173504,0.22302840000000002,12.4673504,6.09123092581486,-1.7219999999999998,-0.25876907418513984,308.700620764,211.5897223742,0.0750942172000112,-0.9102776258000063,4.075094217200011,6.17739661993627,0.1805000000000001,-0.17260338006372944
8.876000000003842,6.133281,0.21506310000000006,12.483281,6.06988410765635,-1.6965,-0.28011589234365,314.67832397,211.6075012372,0.0833613292000156,-0.8924987627999883,4.083361329200016,6.20421792009275,0.15500000000000003,-0.14578207990724934
8.893000000003667,6.0854892,0.23895900000000014,12.4354892,6.18200395180655,-1.6019999999999999,-0.1679960481934497,316.658348852,211.5933526372,0.0878517462000346,-0.9066473627999869,4.087851746200035,6.21741690736595,0.1864999999999999,-0.13258309263404922
8.90899999999965,6.053628,0.19116719999999998,12.403628,6.14362901784793,-1.6395000000000002,-0.20637098215206962,320.65442870600003,211.5831030082,0.0867768572000259,-0.9168969918000016,4.086776857200026,6.23127932289991,0.21850000000000014,-0.11872067710008949
8.92500000000291,6.0854892,0.19116719999999998,12.4354892,6.07161489089977,-1.6715000000000002,-0.2783851091002294,322.65179712,211.5809659662,0.0922287612000214,-0.9190340337999885,4.092228761200022,6.24245056047703,0.19899999999999984,-0.10754943952296969
8.940999999998894,5.9580444,0.27082019999999996,12.3080444,6.12216425635404,-1.6720000000000002,-0.2278357436459597,326.64271189,211.5734617262,0.101143102200003,-0.9265382737999914,4.101143102200003,6.22610407879599,0.2320000000000002,-0.12389592120401005
8.95799999999872,6.0217668,0.2867508000000001,12.3717668,6.13682739678122,-1.665,-0.21317260321877995,330.620992048,211.5942761132,0.107954709200031,-0.9057238867999899,4.107954709200031,6.2531478472846,0.26949999999999985,-0.0968521527153996
8.974000000001979,6.1014198,0.2309937000000002,12.4514198,6.11026038165734,-1.6535000000000002,-0.2397396183426599,332.630940782,211.5998615782,0.111382153200016,-0.9001384217999941,4.111382153200016,6.23742719396387,0.26350000000000007,-0.11257280603612951
8.989999999997963,6.133281,0.21506310000000006,12.483281,6.1298996016064,-1.6775000000000002,-0.2201003983935994,334.649219162,211.5999022432,0.111830993200017,-0.9000977567999939,4.111830993200017,6.21210431335469,0.2889999999999999,-0.13789568664530982
9.006000000001222,6.1492116,0.19116719999999998,12.499211599999999,6.08865540656278,-1.6830000000000003,-0.2613445934372196,340.648967146,211.5648874952,0.130289334200013,-0.9351125048000029,4.130289334200013,6.18830065526878,0.22499999999999987,-0.16169934473122005
9.023000000001048,6.133281,0.1672712999999999,12.483281,6.06952445965017,-1.7185000000000001,-0.2804755403498298,342.644055598,211.5676000712,0.127723569200027,-0.9323999288000095,4.127723569200027,6.18825338847724,0.22499999999999987,-0.1617466115227595
9.039000000004307,6.1651422,0.1832018999999998,12.5151422,6.14412526781295,-1.6960000000000002,-0.20587473218704933,346.63634258,211.5711530692,0.125599133200041,-0.928846930800006,4.125599133200041,6.17429153830624,0.21900000000000008,-0.17570846169375987
9.055000000000291,6.1492116,0.17523659999999985,12.499211599999999,6.08345291397208,-1.7654999999999998,-0.26654708602792,348.639248362,211.5772955732,0.117022967200027,-0.92270442680001,4.117022967200027,6.19852926104249,0.21900000000000008,-0.15147073895751006
9.07100000000355,6.1651422,0.1672712999999999,12.5151422,6.00782465294809,-1.7654999999999998,-0.34217534705191,354.640374108,211.5532498632,0.0994426812000219,-0.9467501368000057,4.0994426812000215,6.22627015154338,0.29499999999999993,-0.1237298484566196
9.088000000003376,6.1173504,0.2070977999999999,12.4673504,6.0466706283154,-1.7984999999999998,-0.3033293716845993,356.641483766,211.5733089922,0.0898170102000312,-0.9266910078000024,4.089817010200031,6.20030999225039,0.30800000000000005,-0.1496900077496095
9.10399999999936,6.1014198,0.2469243000000001,12.4514198,6.03502853810478,-1.791,-0.31497146189521974,358.63677151,211.5900733592,0.0922017462000399,-0.9099266407999949,4.09220174620004,6.22533934818015,0.3074999999999999,-0.12466065181985009
9.12000000000262,6.1492116,0.25488960000000005,12.499211599999999,6.14979184422279,-1.7849999999999997,-0.20020815577720974,360.626321706,211.5845205012,0.107664027200027,-0.9154794988000106,4.107664027200027,6.20044159717677,0.30699999999999994,-0.14955840282322974
9.135999999998603,6.2288646,0.2469243000000001,12.5788646,6.12308083260545,-1.8475000000000001,-0.22691916739454943,366.628953078,211.5867233082,0.123991690200012,-0.9132766918000073,4.123991690200012,6.18609343608711,0.28900000000000015,-0.1639065639128896
9.152999999998428,6.1492116,0.2867508000000001,12.499211599999999,6.09314826380078,-1.9240000000000004,-0.25685173619921997,368.634308928,211.5850352022,0.127443774199998,-0.9149647977999962,4.127443774199998,6.19935133703519,0.25649999999999995,-0.1506486629648096
9.169000000001688,6.2447952,0.3026814000000002,12.5947952,6.08045878386517,-1.9264999999999999,-0.2695412161348294,372.64108701600003,211.5803867622,0.121351471199993,-0.9196132378000073,4.121351471199993,6.18623568901153,0.264,-0.16376431098846922
9.184999999997672,6.2447952,0.3345426,12.5947952,6.03903700409627,-1.9405000000000001,-0.3109629959037292,374.645245422,211.5645863382,0.118853039200008,-0.9354136617999984,4.118853039200008,6.14641009045117,0.27,-0.20358990954883005
9.201000000000931,6.2288646,0.31064670000000016,12.5788646,6.12439172781529,-1.8605,-0.2256082721847097,380.65581677800003,211.5680847452,0.0901776052000348,-0.9319152548000034,4.090177605200035,6.15730216896978,0.2885,-0.19269783103021965
9.218000000000757,6.2607258,0.31064670000000016,12.6107258,6.03753653334898,-1.8485,-0.3124634666510193,382.66895944000004,211.5528149522,0.0926793321999879,-0.9471850477999908,4.092679332199988,6.16936382457705,0.2695000000000001,-0.18063617542294974
9.234000000004016,6.1810728,0.3345426,12.5310728,6.03535990312291,-1.8235000000000001,-0.31464009687708927,384.671548826,211.5469517932,0.0931455111999876,-0.9530482067999912,4.093145511199988,6.22220089678885,0.32099999999999995,-0.1277991032111494
9.25,6.1651422,0.32657729999999985,12.5151422,6.09889176525214,-1.8235,-0.2511082347478597,386.672855292,211.5460164192,0.0915940062000341,-0.9539835808000134,4.091594006200034,6.20729973498944,0.3014999999999999,-0.14270026501055977
9.26600000000326,6.2607258,0.31064670000000016,12.6107258,6.18423857160388,-1.841,-0.1657614283961193,392.66499527,211.5565498762,0.08388978820002,-0.9434501238000053,4.08388978820002,6.18417108430871,0.31400000000000006,-0.16582891569128932
9.283000000003085,6.1810728,0.3186119999999999,12.5310728,6.08472381448539,-1.8529999999999998,-0.26527618551460996,394.66579208400003,211.5645468942,0.067306558200025,-0.9354531058000077,4.067306558200025,6.11915819373874,0.3205,-0.23084180626125939
9.298999999999069,6.1810728,0.35047320000000015,12.5310728,6.08409753006091,-1.8245,-0.26590246993908995,398.677217792,211.5311238352,0.0633168212000286,-0.9688761648000082,4.063316821200028,6.08131605822292,0.3145,-0.26868394177707966
9.315000000002328,6.133281,0.3902996999999999,12.483281,6.02804630249482,-1.8215000000000003,-0.32195369750517955,400.690393636,211.5328233212,0.0487585761999863,-0.9671766788000014,4.048758576199987,6.133303351376,0.3264999999999998,-0.21669664862399962
9.330999999998312,6.1970034,0.32657730000000007,12.5470034,6.05836787730757,-1.7790000000000004,-0.29163212269242944,406.710484312,211.5450127262,0.0580548442000235,-0.9549872737999863,4.058054844200024,6.16725425128558,0.25750000000000006,-0.18274574871441995
9.347999999998137,6.212934,0.3345426,12.562933999999998,6.08476881260454,-1.777,-0.26523118739546003,408.708793658,211.5439381072,0.0655032222000292,-0.956061892799994,4.06550322220003,6.15626388323308,0.238,-0.19373611676692004
9.364000000001397,6.2288646,0.29471610000000004,12.5788646,6.00318633431295,-1.8345000000000002,-0.3468136656870495,410.717145296,211.5424104142,0.0659553872000291,-0.9575895858000081,4.065955387200029,6.20747758755519,0.25049999999999994,-0.14252241244480945
9.37999999999738,6.1173504,0.3026814,12.4673504,6.15546403818928,-1.7850000000000001,-0.19453596181072008,414.711054522,211.5350877552,0.0778697731999969,-0.96491224479999,4.077869773199997,6.21954057788837,0.23150000000000004,-0.1304594221116293
9.39600000000064,6.1810728,0.2708202000000002,12.5310728,6.01671781761067,-1.83,-0.33328218238932994,418.710532966,211.5530350892,0.0646960811999869,-0.9469649108000056,4.064696081199987,6.24352544641247,0.23150000000000004,-0.10647455358753
9.413000000000466,6.133281,0.2787854999999999,12.483281,6.01785559853674,-1.7714999999999999,-0.3321444014632595,422.721902606,211.5556813882,0.0645791022000094,-0.9443186118000142,4.0645791022000095,6.25521614334789,0.22650000000000015,-0.09478385665210975
9.429000000003725,6.1173504,0.3186120000000001,12.4673504,6.07328785387337,-1.7469999999999999,-0.27671214612662975,424.72192593,211.5596773272,0.0620099072000241,-0.9403226727999936,4.062009907200024,6.2805095334694,0.276,-0.06949046653059998
9.444999999999709,6.133281,0.29471610000000004,12.483281,6.0918017779015,-1.7550000000000001,-0.25819822209849974,426.71967018000004,211.5685087722,0.0474230672000376,-0.9314912277999952,4.047423067200038,6.25223320102505,0.30200000000000005,-0.09776679897494933
9.461000000002969,6.1810728,0.2548895999999998,12.5310728,6.02680912029307,-1.8114999999999999,-0.32319087970692983,432.727242196,211.5719032142,0.0377474562000133,-0.928096785799994,4.037747456200013,6.29057429810665,0.3330000000000002,-0.059425701893349725
9.478000000002794,6.1810728,0.2708202000000002,12.5310728,5.98641491444811,-1.8170000000000002,-0.3635850855518896,434.741527968,211.5717017712,0.0341962361999951,-0.9282982288000028,4.034196236199995,6.29130550839808,0.3205,-0.058694491601920085
9.493999999998778,6.1492116,0.2867508000000001,12.499211599999999,6.05437934069798,-1.7920000000000003,-0.29562065930201964,436.746910964,211.5519930982,0.0397119171999906,-0.9480069017999995,4.03971191719999,6.27728675464169,0.3405,-0.07271324535830992
9.510000000002037,6.0854892,0.35047319999999993,12.4354892,6.04820108641209,-1.7705000000000002,-0.30179891358791,440.76087873800003,211.5617672182,0.0305703101999982,-0.9382327817999965,4.030570310199998,6.32929395746477,0.3394999999999999,-0.02070604253522923
9.525999999998021,6.1492116,0.3186119999999999,12.499211599999999,6.01043072461767,-1.7534999999999998,-0.3395692753823294,444.763774662,211.5549363822,0.0364849211999941,-0.9450636178000025,4.036484921199994,6.31728493895914,0.3205,-0.03271506104085997
9.542999999997846,6.133281,0.3584385000000001,12.483281,6.07123643327355,-1.7280000000000002,-0.2787635667264494,446.771670538,211.5613921052,0.0359088122000184,-0.9386078947999863,4.035908812200018,6.31569956536883,0.35850000000000004,-0.034300434631169274
9.559000000001106,6.133281,0.3425079,12.483281,6.06264469052196,-1.7659999999999998,-0.28735530947803944,450.77205873,211.5634008312,0.0327916201999997,-0.9365991688000008,4.032791620199999,6.31532429887809,0.3085,-0.034675701121909874
9.575000000004366,6.1492116,0.3186119999999999,12.499211599999999,6.11518619461488,-1.7855,-0.23481380538511942,452.766829676,211.5541253842,0.0442681702000224,-0.945874615799994,4.044268170200023,6.2923783261975,0.33299999999999996,-0.057621673802499274
9.59100000000035,6.1492116,0.3345426,12.499211599999999,6.08029750188431,-1.7154999999999998,-0.2697024981156897,458.758735668,211.5687475692,0.0635496501999955,-0.9312524307999865,4.063549650199995,6.2146089981591,0.371,-0.13539100184089925
9.608000000000175,6.1173504,0.35047319999999993,12.4673504,6.08333213393806,-1.7405,-0.2666678660619395,460.754534396,211.5765583762,0.0749661472000187,-0.9234416237999881,4.074966147200019,6.1866546695286,0.3460000000000001,-0.1633453304713992
9.624000000003434,6.1492116,0.35047320000000015,12.499211599999999,6.05228025133932,-1.7594999999999998,-0.29771974866067996,462.7512745,211.5854245502,0.086379130199986,-0.9145754497999974,4.086379130199986,6.25160539381686,0.38949999999999996,-0.09839460618314
9.639999999999418,6.133281,0.29471610000000004,12.483281,6.05471760469303,-1.7409999999999997,-0.29528239530696965,466.73762646,211.5876654102,0.0922580552000396,-0.9123345897999968,4.092258055200039,6.27519131182469,0.35250000000000004,-0.07480868817530961
9.656000000002678,6.1014198,0.32657730000000007,12.4514198,6.00266623198292,-1.759,-0.34733376801708005,470.745228598,211.5861219932,0.101155078200021,-0.9138780067999903,4.101155078200021,6.25031751193489,0.3650000000000002,-0.09968248806510971
9.673000000002503,6.053628,0.27082019999999996,12.403628,6.08956464212654,-1.7045,-0.26043535787345995,474.764301128,211.5942020122,0.0970206162000257,-0.905797987800014,4.097020616200026,6.25034847028548,0.3530000000000002,-0.09965152971451996
9.688999999998487,6.1492116,0.3186119999999999,12.499211599999999,6.038862696387,-1.717,-0.31113730361300007,476.743211642,211.5820249012,0.110503888200002,-0.9179750988000137,4.110503888200002,6.22360811748298,0.3014999999999999,-0.12639188251701938
9.705000000001746,6.133281,0.2787854999999999,12.483281,6.02524960607498,-1.7049999999999998,-0.3247503939250196,478.73684507,211.5926780062,0.110909804200001,-0.9073219937999966,4.110909804200001,6.22356690331196,0.3014999999999999,-0.12643309668803937
9.72099999999773,6.1173504,0.35047319999999993,12.4673504,6.00542333975462,-1.6214999999999997,-0.34457666024537925,480.73604012600003,211.5936359542,0.112351169200035,-0.9063640457999895,4.112351169200035,6.22545179083414,0.3145,-0.12454820916585962
9.737999999997555,6.0058362,0.3584385000000001,12.355836199999999,6.12818373544658,-1.6320000000000001,-0.22181626455341963,486.74517627800003,211.5871707472,0.121710815200016,-0.9128292528000088,4.121710815200016,6.17433170472724,0.31500000000000017,-0.17566829527275996
9.754000000000815,6.053628,0.35047319999999993,12.403628,6.07503071307315,-1.597,-0.27496928692684985,488.715961322,211.5945126112,0.121123324200039,-0.9054873887999975,4.121123324200039,6.18845449203596,0.27,-0.16154550796404
9.770000000004075,6.0376974,0.31064669999999994,12.3876974,6.01140650922547,-1.6414999999999997,-0.3385934907745298,492.72019694200003,211.5817591502,0.130059148200021,-0.9182408497999859,4.130059148200021,6.18755670681086,0.3074999999999999,-0.1624432931891393
9.786000000000058,6.0376974,0.4380915000000001,12.3876974,6.02389737835345,-1.6724999999999999,-0.3261026216465499,496.71935788,211.5877184612,0.130927771200021,-0.9122815387999879,4.130927771200021,6.2143193513047,0.21999999999999997,-0.13568064869529994
9.802999999999884,6.0058362,0.4540221,12.355836199999999,6.05435965750609,-1.6724999999999999,-0.29564034249390936,500.704824574,211.5879196982,0.140813721200035,-0.912080301799989,4.140813721200035,6.23852586754275,0.19400000000000017,-0.11147413245724991
9.819000000003143,6.053628,0.4301261999999999,12.403628,6.07815345548986,-1.686,-0.27184654451013923,502.708498962,211.5981408972,0.140223388200003,-0.9018591027999889,4.140223388200003,6.18869881315935,0.23199999999999998,-0.16130118684064954
9.834999999999127,6.0376974,0.40623030000000004,12.3876974,6.08641259082622,-1.69,-0.26358740917377954,504.704527014,211.6019370642,0.145654061199997,-0.8980629357999987,4.145654061199997,6.20141798301002,0.23849999999999993,-0.14858201698997942
9.851000000002387,6.0854892,0.4301261999999999,12.4354892,6.04517855822168,-1.6714999999999998,-0.30482144177831927,508.703743396,211.6069227032,0.153526177200002,-0.8930772967999872,4.153526177200002,6.21417774126232,0.21999999999999997,-0.1358222587376794
9.868000000002212,6.0376974,0.4380915000000001,12.3876974,6.02066465833915,-1.634,-0.3293353416608493,512.712742894,211.5984477092,0.162447966200041,-0.901552290799998,4.162447966200041,6.20037289201222,0.238,-0.14962710798777934
9.883999999998196,6.1492116,0.38233439999999996,12.499211599999999,5.98769877724964,-1.616,-0.3623012227503599,514.717416988,211.6087047392,0.155857690200037,-0.8912952608000069,4.155857690200037,6.16121944098731,0.2074999999999998,-0.18878055901268986
9.900000000001455,6.1651422,0.3584385000000001,12.5151422,6.02323010143087,-1.6469999999999998,-0.32676989856912986,518.707562708,211.5971288602,0.15878618619999,-0.9028711397999984,4.15878618619999,6.11148508956702,0.2064999999999999,-0.23851491043298
9.916000000004715,6.1492116,0.35047320000000015,12.499211599999999,6.12841793441991,-1.647,-0.22158206558008953,520.7108102560001,211.5972846842,0.151231224200008,-0.902715315800009,4.151231224200008,6.06026806337806,0.30800000000000005,-0.28973193662193975
9.932999999997264,6.1492116,0.39826499999999987,12.499211599999999,6.11893958892795,-1.659,-0.23106041107204955,526.7125029160001,211.5983897882,0.155562473199994,-0.9016102118000049,4.155562473199994,6.12441156357082,0.276,-0.22558843642918003
9.949000000000524,6.0854892,0.4301261999999999,12.4354892,6.12419849722189,-1.66,-0.2258015027781095,528.714293442,211.6065178932,0.159979138200012,-0.8934821068000076,4.159979138200012,6.17524493441353,0.23849999999999993,-0.1747550655864698
9.965000000003783,6.133281,0.40623030000000004,12.483281,6.10291593732306,-1.678,-0.24708406267693928,530.716199518,211.6126245662,0.157402915200027,-0.8873754338000026,4.157402915200027,6.22542801741374,0.22550000000000003,-0.1245719825862599
9.980999999999767,6.1014198,0.40623030000000004,12.4514198,6.07771939983847,-1.6769999999999998,-0.27228060016152966,534.727766632,211.5942657782,0.162360120199988,-0.9057342218000031,4.162360120199988,6.20116327796648,0.25149999999999983,-0.1488367220335194
9.997999999999593,6.1014198,0.42216089999999995,12.4514198,6.16897848903517,-1.62,-0.18102151096482988,538.719340674,211.5927628812,0.158253350199994,-0.9072371187999977,4.158253350199994,6.18854328578221,0.23199999999999998,-0.16145671421779006
10.014000000002852,6.133281,0.40623030000000004,12.483281,6.0820608992986,-1.6635000000000002,-0.26793910070139937,540.723415158,211.5959778642,0.152687792200022,-0.9040221358000053,4.152687792200022,6.20130002499476,0.22550000000000003,-0.1486999750052398
10.029999999998836,6.1492116,0.4301262000000001,12.499211599999999,6.12002371064907,-1.6590000000000003,-0.22997628935092962,544.726172382,211.6091255232,0.145531802200041,-0.8908744768000076,4.145531802200041,6.2152345892975,0.24550000000000005,-0.13476541070249937
10.046000000002095,6.133281,0.4380915000000001,12.483281,6.10721110000869,-1.689,-0.24278889999130993,546.728903618,211.6183195792,0.152944935199989,-0.8816804207999951,4.152944935199989,6.22628910347086,0.2639999999999998,-0.1237108965291398
10.06300000000192,6.133281,0.4380915000000001,12.483281,6.09219999351419,-1.758,-0.2578000064858097,552.744287414,211.6252321492,0.162258773200027,-0.8747678507999979,4.162258773200027,6.19966789433112,0.27649999999999997,-0.15033210566887956
10.078999999997905,6.1173504,0.4141956,12.4673504,6.19861220334342,-1.7355,-0.15138779665657953,554.746046978,211.6163556952,0.173735470199994,-0.8836443047999865,4.173735470199994,6.17428190156556,0.3270000000000002,-0.17571809843443997
10.095000000001164,6.1492116,0.39826499999999987,12.499211599999999,6.17705224718716,-1.7969999999999997,-0.17294775281283936,556.75377186,211.6258065222,0.173148756200018,-0.8741934777999916,4.173148756200018,6.20059642292578,0.2889999999999999,-0.14940357707421992
10.111000000004424,6.133281,0.4380915000000001,12.483281,6.18032720916449,-1.7899999999999998,-0.16967279083550935,558.770255226,211.6397461722,0.167548121199989,-0.860253827799994,4.167548121199989,6.25242616909628,0.32699999999999996,-0.09757383090371974
10.12800000000425,6.1492116,0.4301262000000001,12.499211599999999,6.08128731807899,-1.8145,-0.2687126819210093,564.77411585,211.6379666422,0.170890023199999,-0.8620333577999872,4.170890023199999,6.28840083009981,0.3959999999999999,-0.06159916990018921
10.144000000000233,6.1492116,0.4301262000000001,12.499211599999999,6.03818195118292,-1.8274999999999997,-0.31181804881707986,566.76615196,211.6415101172,0.169320654199988,-0.8584898828000007,4.169320654199988,6.35037487082456,0.353,0.00037487082456078014
10.160000000003492,6.1970034,0.3902996999999999,12.5470034,6.14560905466797,-1.7719999999999998,-0.20439094533202962,570.772955418,211.6188693342,0.173291900200032,-0.8811306657999864,4.173291900200032,6.32521375132888,0.35250000000000004,-0.024786248671119893
10.175999999999476,6.1651422,0.4380915000000001,12.5151422,6.06599911571457,-1.7855000000000003,-0.2840008842854296,572.781106432,211.6033110182,0.174793528200009,-0.896688981799997,4.174793528200009,6.29943465717361,0.3524999999999998,-0.05056534282638925
10.192999999999302,6.1173504,0.44605680000000003,12.4673504,6.07344445018606,-1.7920000000000003,-0.27655554981393937,578.747116804,211.6153717172,0.171078135200013,-0.8846282828000085,4.171078135200013,6.32558463701182,0.36549999999999994,-0.024415362988179368
10.209000000002561,6.1651422,0.42216090000000017,12.5151422,6.10996320647492,-1.7805000000000002,-0.24003679352507934,580.742888788,211.6061109332,0.170554778200037,-0.8938890667999999,4.170554778200037,6.29944648362061,0.3524999999999998,-0.05055351637938976
10.224999999998545,6.1970034,0.3902996999999999,12.5470034,6.14468768944738,-1.7435,-0.20531231055261934,582.73660858,211.5977098232,0.163027886199998,-0.902290176799994,4.163027886199998,6.28657466351908,0.3579999999999999,-0.06342533648092008
10.241000000001804,6.212934,0.46198739999999994,12.562933999999998,6.08441264887447,-1.7525,-0.26558735112552956,586.738509904,211.5907620122,0.151942578199998,-0.9092379877999974,4.151942578199998,6.29834581457703,0.31400000000000006,-0.05165418542296951
10.25800000000163,6.1651422,0.4062302999999998,12.5151422,6.04036167159421,-1.7725000000000002,-0.3096383284057893,590.745714166,211.5961895312,0.155814886200041,-0.9038104688000033,4.155814886200041,6.24828808554791,0.3400000000000001,-0.10171191445208994
10.273999999997613,6.1651422,0.42216090000000017,12.5151422,6.07930687721997,-1.8405,-0.2706931227800293,594.75160166,211.5895861402,0.177729464199998,-0.910413859800002,4.177729464199998,6.23528868617965,0.37149999999999994,-0.11471131382034994
10.290000000000873,6.1810728,0.4141956,12.5310728,6.11691035961221,-1.809,-0.23308964038778957,596.744634368,211.5932148382,0.184160068200027,-0.906785161800002,4.184160068200027,6.27429653427378,0.391,-0.07570346572621922
10.306000000004133,6.1651422,0.3902996999999999,12.5151422,6.0547531299399,-1.8275000000000001,-0.2952468700601001,598.73900766,211.5909067992,0.189611909200022,-0.9090932007999868,4.189611909200022,6.28634647470214,0.34599999999999986,-0.06365352529785984
10.323000000003958,6.133281,0.42216089999999995,12.483281,6.03139369996381,-1.8405,-0.3186063000361896,604.735911252,211.5706371492,0.175017381200003,-0.929362850800004,4.175017381200003,6.2844356946348,0.3460000000000001,-0.06556430536519997
10.338999999999942,6.1492116,0.39826499999999987,12.499211599999999,6.19198474148734,-1.808,-0.15801525851265996,606.719044808,211.5546698662,0.181514919200031,-0.9453301338000131,4.181514919200031,6.26048592363245,0.2829999999999999,-0.08951407636754993
10.355000000003201,6.1014198,0.42216089999999995,12.4514198,6.13597392567919,-1.8395000000000001,-0.21402607432080956,608.704491286,211.5508257722,0.179970148200022,-0.9491742278000004,4.179970148200022,6.22258057400625,0.264,-0.12741942599374934
10.370999999999185,6.0854892,0.4301261999999999,12.4354892,6.09575514998928,-1.8725,-0.2542448500107195,612.742673398,211.5399820532,0.180906734200022,-0.9600179468000078,4.180906734200022,6.24848685683182,0.31400000000000006,-0.10151314316817928
10.38799999999901,6.1810728,0.44605680000000003,12.5310728,6.20778627406332,-1.8144999999999998,-0.14221372593667958,616.735726988,211.5476454982,0.195768077200032,-0.9523545017999879,4.195768077200032,6.22154040411215,0.3014999999999999,-0.1284595958878496
10.40400000000227,6.1970034,0.3584385000000001,12.5470034,6.1514765893615,-1.7825000000000002,-0.19852341063849988,620.740333338,211.5459416682,0.207665019199999,-0.9540583318000131,4.207665019199999,6.23427918848683,0.258,-0.11572081151317004
10.419999999998254,6.1492116,0.4141956,12.499211599999999,6.10877558259266,-1.7765,-0.2412244174073397,622.748115662,211.5543870712,0.205081852200014,-0.9456129287999886,4.205081852200014,6.22120904647963,0.2905,-0.12879095352036973
10.436000000001513,6.1014198,0.42216089999999995,12.4514198,6.09661282655354,-1.7585000000000002,-0.2533871734464599,624.754817688,211.5817591302,0.190431592200027,-0.9182408698000017,4.190431592200027,6.24818437628084,0.252,-0.10181562371916009
10.453000000001339,6.1014198,0.4858833,12.4514198,6.13881777558802,-1.7835,-0.21118222441197965,630.73554423,211.5465856812,0.187886125200008,-0.953414318799986,4.187886125200008,6.24833809904682,0.30200000000000005,-0.10166190095317962
10.469000000004598,6.0217668,0.46198739999999994,12.3717668,6.11877933554696,-1.8055,-0.23122066445303968,632.737848182,211.5457214182,0.190334617200018,-0.954278581799997,4.190334617200018,6.22316270074952,0.27649999999999997,-0.1268372992504796
10.485000000000582,6.053628,0.46198739999999994,12.403628,6.15802507417891,-1.7635,-0.19197492582108922,634.722920156,211.5308876692,0.202828626200017,-0.9691123307999874,4.202828626200017,6.17037470499159,0.29000000000000004,-0.1796252950084094
10.501000000003842,6.0695586,0.42216089999999995,12.419558599999998,6.10446453089462,-1.7565000000000002,-0.2455354691053797,638.734863148,211.5585824702,0.195623356200036,-0.9414175297999918,4.195623356200036,6.20739470309404,0.3085,-0.1426052969059599
10.518000000003667,6.133281,0.42216089999999995,12.483281,6.02981953165856,-1.7520000000000002,-0.32018046834144,642.736047314,211.5466457962,0.201555600200032,-0.9533542037999894,4.201555600200032,6.2203292517358,0.32699999999999996,-0.1296707482641999
10.53399999999965,6.133281,0.4858833,12.483281,6.06971233438777,-1.7574999999999998,-0.28028766561222973,646.74824833,211.5522806942,0.183428145200027,-0.9477193058000069,4.183428145200027,6.24638111229214,0.264,-0.10361888770785921
10.55000000000291,6.0695586,0.4858833,12.419558599999998,6.04179498775356,-1.7959999999999998,-0.3082050122464395,648.753032826,211.5255123342,0.184968574200003,-0.9744876658000123,4.184968574200003,6.23429843687323,0.2450000000000001,-0.11570156312676971
10.565999999998894,6.053628,0.5097792000000001,12.403628,6.11026928997644,-1.7269999999999999,-0.23973071002355972,650.75748137,211.5397240282,0.167364224200031,-0.9602759718000016,4.167364224200031,6.2081704229185,0.32099999999999995,-0.14182957708149946
10.58299999999872,6.1970034,0.3584385000000001,12.5470034,6.1310628369417,-1.7269999999999999,-0.2189371630582997,656.735470856,211.5174047812,0.161772778200025,-0.982595218799986,4.161772778200025,6.22137163332974,0.26350000000000007,-0.12862836667025945
10.599000000001979,6.133281,0.3743691,12.483281,6.15843502128375,-1.7155,-0.1915649787162499,658.744910604,211.5319120542,0.14716851520004,-0.9680879457999936,4.14716851520004,6.22145208130706,0.3014999999999999,-0.1285479186929397
10.614999999997963,6.1970034,0.3584385000000001,12.5470034,6.07715522825626,-1.737,-0.2728447717437392,660.745672238,211.5229715452,0.156645203199996,-0.9770284548000063,4.156645203199996,6.19365392962829,0.25149999999999983,-0.15634607037170944
10.631000000001222,6.1651422,0.3902996999999999,12.5151422,6.15737243996041,-1.751,-0.1926275600395897,664.7232392340001,211.5387335652,0.162474470199993,-0.9612664347999953,4.162474470199993,6.14434382175998,0.264,-0.20565617824001947
10.648000000001048,6.2607258,0.42216089999999995,12.6107258,6.11876363694596,-1.7475,-0.23123636305403927,668.765184186,211.5321536502,0.175396928199993,-0.9678463497999985,4.175396928199993,6.18144295452122,0.23249999999999993,-0.1685570454787797
10.664000000004307,6.2607258,0.40623030000000004,12.6107258,6.09963488759167,-1.7795,-0.25036511240832926,672.775072766,211.5607434052,0.171188063199997,-0.939256594800014,4.171188063199997,6.20632999444922,0.27100000000000013,-0.14367000555077958
10.680000000000291,6.1810728,0.44605680000000003,12.5310728,6.05444239617439,-1.7605,-0.2955576038256096,674.775038204,211.5657518242,0.17261530920003,-0.9342481758000076,4.1726153092000295,6.18009910923765,0.23299999999999987,-0.16990089076234938
10.69600000000355,6.2766564,0.38233439999999996,12.6266564,6.1093008412568,-1.7295,-0.24069915874319925,678.806628908,211.5475487602,0.181576445200012,-0.9524512398000127,4.181576445200012,6.14229305715708,0.30300000000000016,-0.20770694284291924
10.713000000003376,6.2288646,0.4540221,12.5788646,6.1677766206832,-1.7075,-0.18222337931679977,680.809020598,211.5626942162,0.177968434199993,-0.9373057838000136,4.177968434199993,6.11617298643523,0.31500000000000017,-0.23382701356476954
10.72899999999936,6.212934,0.47791800000000006,12.562933999999998,6.18153891586143,-1.701,-0.16846108413856964,682.809782676,211.5537466512,0.185445134199998,-0.9462533488000133,4.185445134199998,6.11540064100464,0.23950000000000005,-0.23459935899535989
10.74500000000262,6.1651422,0.4540221,12.5151422,6.13873340030788,-1.7830000000000001,-0.21126659969211925,688.82990294,211.5478766812,0.185805065200021,-0.9521233188000053,4.185805065200021,6.1642920112532,0.2769999999999999,-0.18570798874679983
10.760999999998603,6.212934,0.44605680000000003,12.562933999999998,6.25161993159815,-1.7894999999999999,-0.09838006840184921,690.8317208340001,211.5379806912,0.191285333200017,-0.9620193087999951,4.191285333200017,6.13719561363332,0.3145,-0.2128043863666793
10.777999999998428,6.2288646,0.3584384999999999,12.5788646,6.25353827953238,-1.7905000000000002,-0.09646172046761947,694.831826478,211.5449424492,0.177150532200031,-0.9550575508000065,4.177150532200031,6.13615775546881,0.33999999999999986,-0.2138422445311896
10.794000000001688,6.1810728,0.46198739999999994,12.5310728,6.11769312440845,-1.7955,-0.23230687559154983,696.850618062,211.5359942742,0.176631193199997,-0.964005725800007,4.176631193199997,6.13731317434592,0.2895000000000001,-0.21268682565407993
10.809999999997672,6.212934,0.36640380000000006,12.562933999999998,6.05036023460287,-1.8025000000000002,-0.29963976539712966,700.843076038,211.5365521682,0.174517362200012,-0.9634478318000106,4.174517362200012,6.17351836475765,0.3835000000000002,-0.17648163524234928
10.826000000000931,6.1810728,0.44605680000000003,12.5310728,6.09218606468385,-1.7585000000000002,-0.2578139353161495,704.86379929,211.5157147952,0.180485355200008,-0.9842852047999884,4.180485355200008,6.21135065827071,0.25150000000000006,-0.13864934172928933
10.843000000000757,6.1651422,0.3902996999999999,12.5151422,6.01890048390331,-1.7704999999999997,-0.33109951609668986,706.860511762,211.5075234902,0.183958460199993,-0.9924765098000137,4.183958460199993,6.17217141693262,0.3340000000000001,-0.17782858306738003
10.859000000004016,6.1492116,0.35047320000000015,12.499211599999999,6.09603494246885,-1.773,-0.2539650575311496,708.838260276,211.5332531622,0.172307573199993,-0.9667468378000024,4.172307573199993,6.22430879696694,0.3340000000000001,-0.12569120303305947
10.875,6.1651422,0.3425079000000002,12.5151422,6.06834219796399,-1.7690000000000001,-0.2816578020360092,714.807349248,211.5264765072,0.173659357199993,-0.9735234928000125,4.173659357199993,6.22324304522971,0.2835000000000001,-0.1267569547702898
10.89100000000326,6.1810728,0.2548895999999998,12.5310728,6.14328533093073,-1.7455000000000003,-0.20671466906927005,716.807462308,211.5464504132,0.15603371320002,-0.9535495867999941,4.15603371320002,6.2204052118813,0.29600000000000004,-0.12959478811870007
10.908000000003085,6.1492116,0.2867508000000001,12.499211599999999,6.04593581381692,-1.783,-0.30406418618307995,720.822107578,211.5092613272,0.168058083199987,-0.9907386728000063,4.168058083199987,6.20749007248501,0.25150000000000006,-0.1425099275149897
10.923999999999069,6.1810728,0.2708202000000002,12.5310728,6.07975244360905,-1.778,-0.27024755639094966,722.818138072,211.5130186862,0.162488822200016,-0.986981313799987,4.162488822200016,6.20829968670972,0.30200000000000005,-0.1417003132902792
10.940000000002328,6.2447952,0.2070977999999999,12.5947952,6.13603853228412,-1.8200000000000003,-0.21396146771587965,726.804350666,211.5352486252,0.15829712820002,-0.9647513747999881,4.15829712820002,6.23252637379097,0.2390000000000001,-0.1174736262090299
10.955999999998312,6.2447952,0.23895900000000014,12.5947952,6.25537317880133,-1.7494999999999998,-0.09462682119866983,730.773843154,211.5345414062,0.16918273620001,-0.9654585938000082,4.1691827362000105,6.19311658214182,0.3085,-0.15688341785817972
10.972999999998137,6.2288646,0.16727130000000012,12.5788646,6.12104985247795,-1.7834999999999999,-0.2289501475220499,732.76203228,211.5528400122,0.153560363199992,-0.9471599878000063,4.153560363199992,6.17946737186952,0.2895000000000001,-0.17053262813047976
10.989000000001397,6.212934,0.14337540000000004,12.562933999999998,6.09446457387198,-1.7585,-0.25553542612802005,736.775393034,211.4855183052,0.162690738200029,-1.014481694799997,4.162690738200029,6.22921704550419,0.28949999999999987,-0.12078295449580967
11.00499999999738,6.1810728,0.11151420000000001,12.5310728,6.0420510130137,-1.7465000000000002,-0.30794898698629947,740.7624383360001,211.5107156752,0.134488604200034,-0.9892843247999963,4.134488604200034,6.2293085491088,0.25249999999999995,-0.12069145089119981
11.02100000000064,6.1651422,0.1832018999999998,12.5151422,6.05733315276185,-1.778,-0.2926668472381495,742.769020996,211.5050840402,0.13595486120001,-0.9949159598000108,4.13595486120001,6.2014657138454,0.25149999999999983,-0.1485342861545993
11.038000000000466,6.1970034,0.18320190000000003,12.5470034,6.11829847567451,-1.779,-0.23170152432548985,746.759425448,211.5065227762,0.132837459199991,-0.9934772237999994,4.132837459199991,6.21309858283289,0.37250000000000005,-0.13690141716710968
11.054000000003725,6.1970034,0.21506310000000006,12.5470034,6.09488133199559,-1.8224999999999998,-0.2551186680044095,748.762361304,211.5296839512,0.12120123719999,-0.9703160487999867,4.12120123719999,6.21350223304056,0.25749999999999984,-0.13649776695943938
11.069999999999709,6.1014198,0.21506309999999984,12.4514198,6.13281096808371,-1.7775000000000003,-0.21718903191628947,752.76322437,211.4707306002,0.149299431200033,-1.0292693998000004,4.149299431200033,6.24721642013465,0.35250000000000004,-0.10278357986535003
11.086000000002969,6.2447952,0.19116719999999998,12.5947952,6.12341910687615,-1.7595,-0.22658089312384977,756.750413298,211.5109569612,0.120044299200005,-0.9890430387999913,4.120044299200005,6.26132709575215,0.27049999999999996,-0.0886729042478498
11.103000000002794,6.2607258,0.16727130000000012,12.6107258,6.03845635804924,-1.7814999999999999,-0.31154364195075956,758.738652054,211.4932885212,0.129548994200019,-1.006711478800014,4.129548994200019,6.25919970922801,0.27149999999999985,-0.09080029077198937
11.118999999998778,6.2288646,0.2469243000000001,12.5788646,6.16886528846175,-1.7585000000000002,-0.18113471153824978,760.738273242,211.4692373262,0.133078701200005,-1.0307626738000124,4.133078701200005,6.27218367078006,0.3400000000000001,-0.07781632921993964
11.135000000002037,6.2288646,0.23099369999999997,12.5788646,6.05275901120838,-1.7294999999999998,-0.29724098879161964,766.740482478,211.4963857722,0.129318130200009,-1.0036142278,4.129318130200009,6.27042494572736,0.32800000000000007,-0.07957505427263989
11.150999999998021,6.1651422,0.32657729999999985,12.5151422,5.90590944057078,-1.7095000000000002,-0.4440905594292195,768.736081692,211.4901483162,0.136784120200014,-1.009851683800008,4.136784120200014,6.23346332306528,0.37149999999999994,-0.11653667693471981
11.167999999997846,6.212934,0.27082019999999996,12.562933999999998,6.03809533878171,-1.6404999999999998,-0.3119046612182901,772.746855982,211.5207706382,0.126568242199991,-0.9792293618000087,4.126568242199991,6.22909279108925,0.3094999999999999,-0.12090720891074991
11.184000000001106,6.2288646,0.2469243000000001,12.5788646,6.0091989118961,-1.7200000000000002,-0.3408010881039001,774.750583108,211.4949753992,0.137105061200038,-1.0050246007999988,4.137105061200038,6.25518416995055,0.2965,-0.09481583004944927
11.200000000004366,6.2288646,0.23099369999999997,12.5788646,6.17071942105013,-1.6724999999999999,-0.1792805789498697,780.7365364780001,211.5261543092,0.119326563200033,-0.9738456908000046,4.119326563200033,6.26439111167239,0.30299999999999994,-0.08560888832760938
11.21600000000035,6.1651422,0.24692429999999987,12.5151422,6.09379566287234,-1.7335,-0.25620433712765944,782.73199251,211.5048808062,0.125845563200004,-0.9951191938000079,4.125845563200004,6.27744804837125,0.3085,-0.07255195162874983
11.233000000000175,6.1651422,0.23099369999999997,12.5151422,6.10741847899248,-1.7394999999999998,-0.24258152100751929,784.743023984,211.4915008072,0.130340166200023,-1.0084991928000022,4.130340166200023,6.26332699130422,0.36549999999999994,-0.08667300869577943
11.249000000003434,6.1173504,0.28675079999999986,12.4673504,6.15897594026838,-1.741,-0.1910240597316193,786.741422622,211.5064112112,0.124732083199995,-0.9935887887999968,4.124732083199995,6.26339117411646,0.28949999999999987,-0.08660882588353935
11.264999999999418,6.1492116,0.2867508000000001,12.499211599999999,6.10599281621521,-1.7595,-0.24400718378478992,792.76681575,211.4958979002,0.14310968619999,-1.0041020998000079,4.14310968619999,6.24725099543791,0.3214999999999999,-0.10274900456208957
11.281000000002678,6.1173504,0.23895900000000014,12.4673504,6.16780071217682,-1.7594999999999998,-0.1821992878231793,794.75172321,211.5190420452,0.134469533200033,-0.9809579548000045,4.134469533200033,6.23513480207124,0.3165,-0.1148651979287596
11.298000000002503,6.133281,0.21506310000000006,12.483281,6.0908649333383,-1.7585000000000002,-0.25913506666169983,798.7439242300001,211.5065571002,0.130401648200037,-0.9934428997999873,4.130401648200037,6.23233896703316,0.2649999999999999,-0.11766103296683994
11.313999999998487,6.1492116,0.22302840000000002,12.499211599999999,6.10433369120573,-1.74,-0.2456663087942692,800.753527604,211.4831005912,0.140931523200029,-1.0168994087999863,4.140931523200029,6.23320054225757,0.34150000000000014,-0.11679945774243006
11.330000000001746,6.1970034,0.2628549,12.5470034,6.11068591462974,-1.7274999999999998,-0.23931408537025955,802.745222836,211.4926166342,0.134340974200024,-1.0073833657999955,4.134340974200024,6.20726171512045,0.3155000000000001,-0.14273828487954976
11.34599999999773,6.1810728,0.3345426,12.5310728,5.99605597783867,-1.7579999999999998,-0.3539440221613299,808.722439762,211.5013672982,0.14663985619999,-0.9986327018000054,4.14663985619999,6.2191852360257,0.37250000000000005,-0.1308147639742998
11.362999999997555,6.1492116,0.3026814,12.499211599999999,5.97879896549228,-1.7380000000000002,-0.37120103450771946,810.7072274120001,211.4915148052,0.156116208200005,-1.008485194799988,4.156116208200005,6.23210983536074,0.31600000000000006,-0.11789016463925961
11.379000000000815,6.212934,0.27082019999999996,12.562933999999998,6.02271568234696,-1.7449999999999997,-0.32728431765303956,812.692816184,211.5027208702,0.159518403199991,-0.9972791298000061,4.159518403199991,6.25535882264159,0.27749999999999986,-0.09464117735840993
11.395000000004075,6.2288646,0.2469243000000001,12.5788646,5.97449853858535,-1.7849999999999997,-0.37550146141464946,818.724201776,211.4925142732,0.167896192199997,-1.007485726800013,4.167896192199997,6.20322641856639,0.3405,-0.1467735814336093
11.411000000000058,6.1651422,0.2628549,12.5151422,6.03977096697969,-1.7400000000000002,-0.3102290330203097,820.72559598,211.5075886182,0.160288184200014,-0.9924113817999967,4.160288184200014,6.20347789550346,0.3274999999999999,-0.14652210449653946
11.427999999999884,6.1970034,0.27878550000000013,12.5470034,5.96065241701478,-1.764,-0.38934758298522,824.701309812,211.5031805292,0.157188142199996,-0.9968194708000055,4.157188142199996,6.17822733476197,0.353,-0.1717726652380298
11.444000000003143,6.2288646,0.2469243000000001,12.5788646,5.94953356774232,-1.7575,-0.4004664322576801,826.691374544,211.4886176632,0.165682280200035,-1.0113823368000112,4.165682280200035,6.14031302133694,0.347,-0.20968697866305952
11.459999999999127,6.1492116,0.3026814,12.499211599999999,5.98468014459763,-1.7655,-0.3653198554023698,828.69176882,211.5036597052,0.1650742092,-0.9963402948000066,4.1650742092,6.12809995022927,0.353,-0.22190004977072952
11.476000000002387,6.1651422,0.27878550000000013,12.5151422,6.05190963840678,-1.734,-0.29809036159321955,834.685901328,211.5143741922,0.176369919199992,-0.9856258078000053,4.176369919199992,6.20216325164051,0.3540000000000001,-0.1478367483594898
11.493000000002212,6.1810728,0.3026814,12.5310728,5.97730230217721,-1.7719999999999998,-0.3726976978227894,836.6869497280001,211.5004136192,0.177864330200025,-0.9995863807999967,4.177864330200025,6.26626842706247,0.29700000000000015,-0.08373157293752964
11.508999999998196,6.1970034,0.27878550000000013,12.5470034,5.97656981500831,-1.7725,-0.37343018499168945,840.672305312,211.5025657282,0.174743288200006,-0.9974342717999889,4.174743288200006,6.20114908706443,0.3154999999999999,-0.1488509129355693
11.525000000001455,6.133281,0.32657730000000007,12.483281,5.99045436902363,-1.7659999999999998,-0.3595456309763696,842.6920665700001,211.5117198152,0.179160331200024,-0.9882801848000042,4.179160331200024,6.16409936649305,0.3720000000000001,-0.1859006335069493
11.541000000004715,6.212934,0.35047319999999993,12.562933999999998,6.00295506215576,-1.7599999999999998,-0.34704493784423995,846.688260906,211.5345514962,0.183968793199988,-0.9654485037999905,4.183968793199988,6.15223699153406,0.391,-0.19776300846594008
11.557999999997264,6.212934,0.35047319999999993,12.562933999999998,6.05402321485025,-1.7344999999999997,-0.29597678514974923,850.6829164760001,211.5492504832,0.179805547199992,-0.9507495167999878,4.179805547199992,6.24126028939669,0.2845,-0.10873971060330945
11.574000000000524,6.1173504,0.3982650000000001,12.4673504,5.99203376352866,-1.7659999999999998,-0.3579662364713396,854.67374373,211.5257329962,0.193776397200026,-0.9742670038000085,4.193776397200026,6.29218308697387,0.33499999999999996,-0.057816913026129235
11.590000000003783,6.1173504,0.4141956,12.4673504,5.97693687108121,-1.7594999999999998,-0.37306312891878957,858.671879148,211.5496558752,0.192581402200015,-0.9503441248000115,4.192581402200015,6.27908671703139,0.2915000000000001,-0.07091328296860944
11.605999999999767,6.133281,0.4380915000000001,12.483281,5.97693687108121,-1.7594999999999998,-0.37306312891878957,858.671879148,211.5496558752,0.192581402200015,-0.9503441248000115,4.192581402200015,6.27908671703139,0.2915000000000001,-0.07091328296860944
11.622999999999593,6.1651422,0.3902996999999999,12.5151422,5.97879842182412,-1.7465000000000002,-0.37120157817587973,864.69767641,211.5671579462,0.195860157200025,-0.9328420537999875,4.195860157200025,6.36829215724279,0.32199999999999984,0.018292157242790097
11.639000000002852,6.212934,0.35047319999999993,12.562933999999998,5.96849914030513,-1.766,-0.3815008596948699,866.68694428,211.5665545922,0.199304835200011,-0.9334454078000078,4.199304835200011,6.31506207412089,0.3604999999999998,-0.0349379258791096
11.654999999998836,6.2288646,0.31064670000000016,12.5788646,5.95667712623258,-1.7839999999999998,-0.3933228737674197,868.685113594,211.5854796362,0.199682576200012,-0.9145203637999941,4.199682576200012,6.33105338786525,0.39149999999999996,-0.018946612134749685
11.671000000002095,6.2288646,0.2787854999999999,12.5788646,5.98036796675126,-1.7469999999999999,-0.36963203324873994,872.7003897,211.6074187302,0.210498471200002,-0.8925812697999902,4.210498471200002,6.38109058077066,0.4285000000000001,0.031090580770660736
11.68800000000192,6.1970034,0.29471610000000004,12.5470034,5.99922118674586,-1.7530000000000001,-0.3507788132541396,874.703091528,211.5995835312,0.217971678200007,-0.9004164687999889,4.217971678200007,6.33118195916055,0.39149999999999996,-0.0188180408394496
11.703999999997905,6.133281,0.32657730000000007,12.483281,6.01902124718295,-1.7409999999999999,-0.3309787528170496,878.697775354,211.5962443112,0.210872059200026,-0.903755688800004,4.210872059200026,6.29621473585519,0.43500000000000005,-0.05378526414480955
11.720000000001164,6.1492116,0.36640380000000006,12.499211599999999,6.01927525471179,-1.7405000000000002,-0.33072474528820983,880.687726978,211.5836640692,0.215359151199988,-0.9163359307999883,4.215359151199988,6.25709237585638,0.4415,-0.09290762414361975
11.736000000004424,6.0695586,0.3743691,12.419558599999998,6.01939863789127,-1.7405000000000002,-0.33060136210872937,886.7203766,211.6215048202,0.194567518199997,-0.8784951798000122,4.194567518199997,6.29619067373281,0.45999999999999996,-0.05380932626718948
11.75300000000425,6.1173504,0.46198739999999994,12.4673504,5.99300071287399,-1.7530000000000001,-0.35699928712600926,888.745700152,211.6209531662,0.197020028200006,-0.8790468338000039,4.197020028200006,6.28617570546672,0.44100000000000006,-0.06382429453327987
11.769000000000233,6.0854892,0.35047319999999993,12.4354892,5.95539340842444,-1.771,-0.39460659157555966,892.762288766,211.6199051002,0.200917270199992,-0.8800948998000138,4.200917270199992,6.29716801427435,0.3965000000000001,-0.052831985725649844
11.785000000003492,6.1014198,0.2787854999999999,12.4514198,5.96813748404509,-1.766,-0.38186251595490983,894.759802582,211.6327688252,0.19731622420003,-0.867231174799997,4.19731622420003,6.32435490781471,0.397,-0.025645092185289542
11.800999999999476,6.0854892,0.3345426,12.4354892,5.96797105942597,-1.7655000000000003,-0.38202894057402936,900.777357894,211.6367403132,0.189640811200015,-0.8632596868000064,4.189640811200015,6.26124157016801,0.4405000000000001,-0.0887584298319899
11.817999999999302,6.1014198,0.3743691,12.4514198,6.00377047158096,-1.7469999999999999,-0.3462295284190393,902.7647436780001,211.6340156412,0.190092535200015,-0.8659843588000058,4.190092535200015,6.26327789579865,0.4405000000000001,-0.08672210420134974
11.834000000002561,6.1173504,0.38233439999999996,12.4673504,5.95663253267652,-1.7839999999999998,-0.39336746732347994,904.752073352,211.6322752252,0.186540748199997,-0.8677247747999957,4.186540748199997,6.30110283997968,0.4095,-0.04889716002031985
11.849999999998545,6.1173504,0.3982650000000001,12.4673504,6.00607032129737,-1.759,-0.34392967870262936,908.696697516,211.6110147282,0.16849314919999,-0.88898527180001,4.16849314919999,6.24914794191976,0.39749999999999996,-0.10085205808023989
11.866000000001804,6.1173504,0.3982650000000001,12.4673504,5.96706202693484,-1.778,-0.3829379730651601,910.613995164,211.5902906712,0.175992830199996,-0.9097093288000053,4.175992830199996,6.25241457358675,0.3839999999999999,-0.09758542641325008
11.88300000000163,6.1173504,0.3982650000000001,12.4673504,6.00636827116613,-1.759,-0.34363172883386994,914.225588406,211.5951570972,0.176779091199996,-0.9048429027999987,4.176779091199996,6.24134897277824,0.39050000000000007,-0.10865102722176001
11.898999999997613,6.1173504,0.36640380000000006,12.4673504,6.00689441880813,-1.759,-0.3431055811918693,915.9295234900001,211.5922579562,0.1721683422,-0.907742043799999,4.1721683422,6.24026954546036,0.3780000000000001,-0.10973045453963959
11.915000000000873,6.133281,0.3584385000000001,12.483281,5.98074204814215,-1.7715,-0.3692579518578496,919.118175956,211.5489354472,0.172030524200023,-0.9510645528000055,4.172030524200023,6.30350767430325,0.3584999999999998,-0.046492325696749326
11.931000000004133,6.1014198,0.39029970000000014,12.4514198,6.00591815423351,-1.7584999999999997,-0.3440818457664898,920.545048682,211.5392293672,0.166382149199996,-0.9607706328000063,4.166382149199996,6.33025662986897,0.3340000000000001,-0.01974337013102989
11.948000000003958,6.1014198,0.39029970000000014,12.4514198,6.00591045960444,-1.7584999999999997,-0.3440895403955597,924.3674126120001,211.5541293742,0.168179905200029,-0.945870625800012,4.168179905200029,6.32932358155277,0.23350000000000004,-0.020676418447229672
11.963999999999942,6.1173504,0.3982650000000001,12.4673504,6.0177409399508,-1.7584999999999997,-0.3322590600491999,926.414324154,211.5789553692,0.200547878200012,-0.9210446307999973,4.200547878200012,6.27733653709915,0.1835,-0.07266346290084957
11.980000000003201,6.1173504,0.38233439999999996,12.4673504,6.01782291603824,-1.7584999999999997,-0.33217708396175993,927.262079272,211.6074184172,0.227636224199998,-0.8925815828000054,4.227636224199998,6.29247113620714,0.10099999999999998,-0.05752886379285993
11.995999999999185,6.1173504,0.3982650000000001,12.4673504,6.00609348625102,-1.7584999999999997,-0.34390651374897985,927.9834249840001,211.6745656452,0.205559650200006,-0.8254343547999952,4.205559650200006,6.26725920957479,0.10149999999999992,-0.08274079042520999
12.01299999999901,6.133281,0.3743691,12.483281,6.01734263660654,-1.7529999999999997,-0.3326573633934595,928.86122311,211.5803409422,0.176087161200034,-0.9196590578000041,4.176087161200034,6.24203204093026,0.17700000000000005,-0.10796795906973955
12.02900000000227,6.133281,0.3584385000000001,12.483281,6.00596046624663,-1.7584999999999997,-0.34403953375336993,929.0977768500001,211.4896527432,0.169459694200028,-1.010347256800003,4.169459694200028,6.30428552652876,0.14500000000000002,-0.04571447347123936
12.044999999998254,6.133281,0.3743691,12.483281,6.00658673729622,-1.7584999999999997,-0.3434132627037796,929.68060567,211.4917462172,0.132581723199994,-1.0082537828000113,4.132581723199994,6.26925011464689,0.16349999999999998,-0.0807498853531099
12.061000000001513,6.1492116,0.4141956,12.499211599999999,6.01743574954109,-1.7529999999999997,-0.33256425045890925,929.770858844,211.5600506992,0.146360908200003,-0.9399493008000093,4.146360908200003,6.25735870795338,0.23350000000000004,-0.0926412920466193
12.078000000001339,6.1651422,0.3743691,12.5151422,6.01770189449132,-1.7529999999999997,-0.3322981055086798,929.821603676,211.6361441242,0.168103876199995,-0.8638558757999988,4.168103876199995,6.24227883068355,0.18999999999999995,-0.10772116931644948
12.094000000004598,6.1651422,0.3584385000000001,12.5151422,6.01892387428438,-1.7519999999999998,-0.3310761257156196,929.882327682,211.6076227932,0.186218127200025,-0.8923772068000062,4.186218127200025,6.25359136816598,0.08250000000000002,-0.09640863183402004
12.110000000000582,6.1492116,0.36640380000000006,12.499211599999999,5.95697230553656,-1.7694999999999999,-0.39302769446343966,930.0,211.6342813062,0.160150082200014,-0.8657186938000052,4.160150082200014,6.23930805458426,0.15149999999999997,-0.11069194541573957
12.126000000003842,6.1492116,0.38233439999999996,12.499211599999999,6.00572635541063,-1.745,-0.3442736445893697,929.97019285,211.6475932712,0.157096466200027,-0.8524067287999912,4.157096466200027,6.23916957615354,0.15149999999999997,-0.11083042384645925
12.143000000003667,6.1492116,0.38233439999999996,12.499211599999999,6.00370158301063,-1.7465000000000002,-0.34629841698936925,929.932113232,211.6303630382,0.148148726200014,-0.8696369618000119,4.148148726200014,6.24060646091388,0.15100000000000002,-0.1093935390861196
12.15899999999965,6.1492116,0.36640380000000006,12.499211599999999,6.00585343870253,-1.7595,-0.34414656129746923,929.891006642,211.5959713612,0.150260931200022,-0.904028638800014,4.150260931200022,6.24434880511971,0.30200000000000005,-0.10565119488028962
12.17500000000291,6.1492116,0.38233439999999996,12.499211599999999,6.0061526681975,-1.7595,-0.3438473318024995,929.896652234,211.6023458992,0.162239775200023,-0.897654100799997,4.162239775200023,6.22834970116483,0.28400000000000003,-0.12165029883516976
12.190999999998894,6.133281,0.3743691,12.483281,6.0192240899165,-1.7519999999999998,-0.33077591008349927,929.9285125060001,211.6232452502,0.176173219200034,-0.8767547497999999,4.176173219200034,6.24228836245171,0.27700000000000014,-0.10771163754828983
12.20799999999872,6.1492116,0.38233439999999996,12.499211599999999,6.01819194933282,-1.7525,-0.33180805066717944,929.911026944,211.6312651072,0.177141041200011,-0.8687348928000063,4.177141041200011,6.24126028939669,0.3274999999999999,-0.10873971060330945
12.224000000001979,6.1492116,0.36640380000000006,12.499211599999999,6.01816003312741,-1.7530000000000001,-0.33183996687258954,929.9193581440001,211.6256956112,0.167162479200019,-0.8743043887999988,4.167162479200019,6.24209259783929,0.22699999999999987,-0.10790740216071004
12.239999999997963,6.133281,0.3743691,12.483281,5.9913992900738,-1.766,-0.35860070992619963,929.948171138,211.6122596152,0.151216188199999,-0.8877403847999972,4.151216188199999,6.24220834320675,0.252,-0.10779165679324976
12.256000000001222,6.1492116,0.38233439999999996,12.499211599999999,6.00365313371717,-1.746,-0.34634686628282996,929.8922608620001,211.6090888392,0.157214976200028,-0.8909111607999876,4.157214976200028,6.24329800666283,0.3025,-0.10670199333717001
12.273000000001048,6.1492116,0.38233439999999996,12.499211599999999,6.00377172437077,-1.746,-0.34622827562922964,929.858712468,211.6002046332,0.169238935200028,-0.8997953667999923,4.169238935200028,6.24431781702373,0.2769999999999999,-0.10568218297626952
12.289000000004307,6.1492116,0.38233439999999996,12.499211599999999,5.99080265499338,-1.7519999999999998,-0.3591973450066197,929.901358892,211.6076262622,0.163222199199999,-0.8923737377999998,4.163222199199999,6.24230790653585,0.27700000000000014,-0.10769209346414943
12.305000000000291,6.1492116,0.38233439999999996,12.499211599999999,5.97894518447057,-1.7579999999999998,-0.37105481552942976,929.981711762,211.6212673012,0.174192019200023,-0.8787326988000075,4.174192019200023,6.22855304224023,0.28400000000000003,-0.12144695775976988
12.32100000000355,6.1492116,0.38233439999999996,12.499211599999999,5.98007251356353,-1.7720000000000002,-0.36992748643646944,929.96639816,211.6263390202,0.156170602199995,-0.8736609798000075,4.156170602199995,6.22838221370526,0.2709999999999999,-0.12161778629474007
12.338000000003376,6.1492116,0.36640380000000006,12.499211599999999,5.97839365805244,-1.7584999999999997,-0.3716063419475599,929.920474732,211.6236888422,0.148169684200013,-0.8763111577999894,4.148169684200013,6.24223357461093,0.252,-0.10776642538906955
12.35399999999936,6.1492116,0.36640380000000006,12.499211599999999,5.95586621729541,-1.7845,-0.3941337827045892,929.93736024,211.6086339942,0.150226568200023,-0.8913660057999948,4.150226568200023,6.243438555796,0.27649999999999997,-0.10656144420399993
12.37000000000262,6.1492116,0.38233439999999996,12.499211599999999,5.96664748309252,-1.7645,-0.38335251690747985,929.929914528,211.6162395852,0.155198111200018,-0.8837604148000082,4.155198111200018,6.21838282835658,0.278,-0.1316171716434198
12.385999999998603,6.1492116,0.38233439999999996,12.499211599999999,6.02944707679867,-1.7334999999999998,-0.3205529232013298,929.913509264,211.6053327862,0.168233026199995,-0.8946672138000054,4.168233026199995,6.2283288288272,0.22100000000000009,-0.12167117117279957
12.402999999998428,6.133281,0.3743691,12.483281,5.97775256519547,-1.759,-0.37224743480452993,929.907177698,211.6109704162,0.16521170820001,-0.88902958380001,4.16521170820001,6.22915540021278,0.3214999999999999,-0.12084459978721984
12.419000000001688,6.133281,0.3743691,12.483281,5.96824067676575,-1.7645,-0.38175932323424977,929.92580637,211.6180189092,0.158190939200004,-0.8819810907999965,4.158190939200004,6.22946362056959,0.27049999999999996,-0.12053637943040929
12.434999999997672,6.1492116,0.38233439999999996,12.499211599999999,5.96974275166315,-1.7769999999999997,-0.38025724833685004,929.975443854,211.6258007232,0.141174416200009,-0.8741992767999989,4.141174416200009,6.24331786792888,0.23950000000000005,-0.10668213207111954
12.451000000000931,6.1492116,0.36640380000000006,12.499211599999999,5.98068574122499,-1.7579999999999998,-0.36931425877500956,929.962750204,211.6200643682,0.140191824200032,-0.8799356318000093,4.140191824200032,6.23013491025676,0.272,-0.1198650897432394
12.468000000000757,6.1492116,0.36640380000000006,12.499211599999999,5.98158931975559,-1.7704999999999997,-0.36841068024441004,929.89947836,211.6054802482,0.153229287200008,-0.8945197518000043,4.153229287200008,6.24322496791522,0.3025,-0.10677503208478001
12.484000000004016,6.133281,0.3743691,12.483281,5.98027110550236,-1.7585,-0.3697288944976398,929.95609869,211.6137527832,0.162212755200024,-0.8862472168000011,4.162212755200024,6.24234891687416,0.27700000000000014,-0.10765108312583926
12.5,6.1492116,0.38233439999999996,12.499211599999999,5.96926452728627,-1.7769999999999997,-0.38073547271373,929.9359034400001,211.6166027472,0.16119820119999,-0.8833972527999947,4.16119820119999,6.24214810782314,0.29000000000000004,-0.10785189217685964
12.51600000000326,6.133281,0.3743691,12.483281,5.98011939734973,-1.7585,-0.36988060265026945,929.92603525,211.6140113252,0.154205103200043,-0.8859886747999894,4.154205103200043,6.22927941258056,0.24549999999999983,-0.1207205874194397
12.533000000003085,6.1492116,0.36640380000000006,12.499211599999999,5.97999894887332,-1.7579999999999998,-0.37000105112668,929.958384202,211.6088149652,0.145230574200027,-0.891185034800003,4.145230574200027,6.24230790653585,0.2650000000000001,-0.10769209346414943
12.548999999999069,6.1651422,0.3584385000000001,12.5151422,5.96979927905766,-1.7769999999999997,-0.3802007209423399,929.965971986,211.6162630612,0.146205991200005,-0.8837369388000127,4.146205991200005,6.24324226664319,0.26550000000000007,-0.10675773335680994
12.565000000002328,6.1651422,0.32657729999999985,12.5151422,5.99281798202041,-1.765,-0.35718201797958926,929.927032292,211.6140894922,0.160205088200015,-0.8859105077999914,4.160205088200015,6.22927002143911,0.2585000000000002,-0.12072997856088996
12.580999999998312,6.1492116,0.3026814,12.499211599999999,5.99310034703368,-1.752,-0.35689965296631954,929.917560646,211.6045483022,0.164236669200034,-0.8954516978000129,4.164236669200034,6.22937115606383,0.2585000000000002,-0.1206288439361698
12.597999999998137,6.1651422,0.27878550000000013,12.5151422,5.9784321106839,-1.7585,-0.37156788931609963,929.944175644,211.6120633712,0.160216050200014,-0.8879366287999915,4.160216050200014,6.2411695218124,0.2905,-0.10883047818759994
12.614000000001397,6.1810728,0.3026814,12.5310728,5.9683349393341,-1.7769999999999997,-0.3816650606658998,929.958753378,211.6198892922,0.155191650200018,-0.8801107077999859,4.155191650200018,6.22936032028972,0.27049999999999996,-0.12063967971027978
12.62999999999738,6.1970034,0.31064669999999994,12.5470034,5.97881998961622,-1.7584999999999997,-0.3711800103837799,929.963689582,211.6211514872,0.14918825619999,-0.8788485128000048,4.14918825619999,6.22837121565502,0.2330000000000001,-0.12162878434497948
12.64600000000064,6.212934,0.3026814,12.562933999999998,5.97899636219993,-1.759,-0.3710036378000696,929.934592888,211.6044730532,0.151240639199999,-0.895526946800004,4.151240639199999,6.243307857218,0.26449999999999996,-0.10669214278199934
12.663000000000466,6.1970034,0.27878550000000013,12.5470034,5.96832347006641,-1.7639999999999998,-0.38167652993359,929.940468914,211.6068153112,0.152233689200033,-0.8931846888000052,4.152233689200033,6.24241523771048,0.22699999999999987,-0.10758476228951963
12.679000000003725,6.212934,0.27082019999999996,12.562933999999998,5.97899932435143,-1.7584999999999997,-0.37100067564856953,929.953104234,211.6135712022,0.159212710200038,-0.8864287977999936,4.159212710200038,6.22821708035293,0.2709999999999999,-0.12178291964706922
12.694999999999709,6.2447952,0.27082019999999996,12.5947952,5.9787953376552,-1.7584999999999997,-0.3712046623448,929.939069556,211.6137786402,0.16120886919999,-0.8862213598000039,4.1612088691999904,6.24222500395492,0.27700000000000014,-0.10777499604507934
12.711000000002969,6.2288646,0.2787854999999999,12.5788646,5.9782346428236,-1.759,-0.37176535717639947,929.9323107060001,211.6093579512,0.153222910200008,-0.8906420488000037,4.153222910200008,6.24222500395492,0.27700000000000014,-0.10777499604507934
12.728000000002794,6.2447952,0.25488960000000005,12.5947952,5.97793408924882,-1.7584999999999997,-0.37206591075117945,929.94945539,211.6073106622,0.147233908200037,-0.8926893377999932,4.147233908200037,6.22937115606383,0.2585000000000002,-0.1206288439361698
12.743999999998778,6.2288646,0.2469243000000001,12.5788646,5.97795198256244,-1.7584999999999997,-0.37204801743755933,929.96386213,211.6181316872,0.142198903200041,-0.8818683128000089,4.142198903200041,6.23051362248732,0.27100000000000013,-0.11948637751267999
12.760000000002037,6.292587,0.21506310000000006,12.642586999999999,5.96715352646055,-1.7639999999999998,-0.38284647353944923,929.9468884400001,211.6171838722,0.148198510200013,-0.8828161277999982,4.148198510200013,6.2284759773158,0.258,-0.12152402268419937
12.775999999998021,6.2607258,0.23099369999999997,12.6107258,5.97844249036732,-1.7585,-0.3715575096326793,929.951736018,211.6024504602,0.152251595200033,-0.8975495397999964,4.152251595200033,6.2412788753588,0.26550000000000007,-0.10872112464119965
12.792999999997846,6.2766564,0.15930599999999995,12.6266564,5.96675103264512,-1.7645,-0.3832489673548798,929.964884986,211.6002104552,0.156262449199994,-0.8997895448000008,4.156262449199994,6.22920877800704,0.2585000000000002,-0.12079122199295966
12.809000000001106,6.2288646,0.2469243000000001,12.5788646,6.00632989274921,-1.7454999999999998,-0.34367010725078995,929.963289888,211.5930655452,0.144287224199994,-0.9069344547999947,4.144287224199994,6.24117697233463,0.25250000000000017,-0.10882302766536966
12.825000000004366,6.212934,0.3345426,12.562933999999998,5.97824828776955,-1.7585,-0.37175171223044945,929.98163264,211.5700348882,0.133372487200028,-0.9299651117999872,4.133372487200028,6.24223357461094,0.252,-0.10776642538905978
12.84100000000035,6.1810728,0.35047320000000015,12.5310728,5.96666735452581,-1.7639999999999998,-0.3833326454741899,930.189493418,211.5257757952,0.123574812200036,-0.9742242048000094,4.123574812200036,6.2283288288272,0.258,-0.12167117117279957
12.858000000000175,6.1651422,0.31064669999999994,12.5151422,5.97745977539144,-1.759,-0.37254022460856007,930.491400242,211.5360185572,0.128605869200031,-0.9639814427999909,4.128605869200031,6.24113467247743,0.25250000000000017,-0.10886532752256972
12.874000000003434,6.2447952,0.27082019999999996,12.5947952,5.97722467112765,-1.7584999999999997,-0.37277532887234965,930.921526444,211.5636119822,0.13760426119999,-0.9363880177999988,4.13760426119999,6.22923406206574,0.2965,-0.1207659379342596
12.889999999999418,6.2447952,0.3026814000000002,12.5947952,5.97722642772804,-1.759,-0.37277357227196006,931.19702178,211.5803244342,0.132606552199994,-0.9196755657999915,4.132606552199994,6.22923406206574,0.2965,-0.1207659379342596
12.906000000002678,6.2607258,0.2787854999999999,12.6107258,5.97728434960838,-1.7584999999999997,-0.37271565039162,931.88107777,211.5462210812,0.121878974200026,-0.9537789187999977,4.121878974200026,6.24033853248363,0.21500000000000008,-0.10966146751636963
12.923000000002503,6.1970034,0.1672712999999999,12.5470034,5.97773569889366,-1.7579999999999998,-0.37226430110633935,932.264191282,211.5200619002,0.135056577200004,-0.9799380997999947,4.135056577200004,6.24030800521897,0.18900000000000006,-0.10969199478102976
12.938999999998487,6.3085176,0.2070978000000001,12.6585176,6.00543232090163,-1.7465000000000002,-0.34456767909837005,933.166549496,211.5745982122,0.139064932200022,-0.9254017878000127,4.139064932200022,6.22708222203626,0.23350000000000004,-0.12291777796373982
12.955000000001746,6.292587,0.18320190000000003,12.642586999999999,5.9779916164834,-1.7579999999999998,-0.3720083835165999,933.730998608,211.5828130402,0.147161568200003,-0.9171869598000058,4.147161568200003,6.22612214785415,0.23399999999999999,-0.12387785214584923
