x,Weights,y,Weights,error_LT
-5.850072732999979763e+00,2.597507549999840126e-01,-7.861449668000090041e-01,2.597507549999840126e-01,-7.861449668000090041e-01
-5.330571223000010406e+00,2.643330840000159832e-01,-8.854222957998559851e-01,2.643330840000159832e-01,-8.854222957998559851e-01
-4.801905054999980216e+00,3.000836649999880090e-01,-9.171420698002630267e-01,3.000836649999880090e-01,-9.171420698002630267e-01
-4.201737725000000090e+00,2.999658740000100132e-01,-8.327856898001190222e-01,2.999658740000100132e-01,-8.327856898001190222e-01
-3.601805976999980174e+00,3.192554510000050194e-01,-7.794009877998749891e-01,3.192554510000050194e-01,-7.794009877998749891e-01
-2.963295074999969803e+00,3.278484010000130011e-01,-8.228149908002250212e-01,3.278484010000130011e-01,-8.228149908002250212e-01
-2.307598272999949796e+00,3.378793399999909797e-01,-8.163489098001830424e-01,3.378793399999909797e-01,-8.163489098001830424e-01
-1.631839592999960065e+00,3.361948389999839804e-01,-7.928389698000160024e-01,3.361948389999839804e-01,-7.928389698000160024e-01
-9.594499149999959897e-01,3.747772859999989881e-01,-8.155853678001679929e-01,3.747772859999989881e-01,-8.155853678001679929e-01
-2.098953429999969866e-01,4.096548209999980039e-01,-8.390158267999939801e-01,4.096548209999980039e-01,-8.390158267999939801e-01
6.094142989999979942e-01,4.014087640000180146e-01,-8.035127107999640028e-01,4.014087640000180146e-01,-8.035127107999640028e-01
1.412231827000030027e+00,4.115310929999880241e-01,-7.949402248001999904e-01,4.115310929999880241e-01,-7.949402248001999904e-01
2.235294013000010072e+00,4.323518990000160267e-01,-8.251812208000049997e-01,4.323518990000160267e-01,-8.251812208000049997e-01
3.099997811000040127e+00,4.392824299999880111e-01,-8.479552748001419893e-01,4.392824299999880111e-01,-8.479552748001419893e-01
3.978562671000020146e+00,4.436293990000079734e-01,-8.328142248000179881e-01,4.436293990000079734e-01,-8.328142248000179881e-01
4.865821469000030319e+00,4.367121500000080148e-01,-8.120660318001570177e-01,4.367121500000080148e-01,-8.120660318001570177e-01
5.739245769000049791e+00,4.789430870000009888e-01,-7.770727218000389458e-01,4.789430870000009888e-01,-7.770727218000389458e-01
6.697131943000050214e+00,5.089076369999749883e-01,-7.653169108001519616e-01,5.089076369999749883e-01,-7.653169108001519616e-01
7.714947216999999746e+00,5.324008110000120197e-01,-8.032397728001680060e-01,5.324008110000120197e-01,-8.032397728001680060e-01
8.779748839000019345e+00,5.389670709999999643e-01,-8.395737777998989460e-01,5.389670709999999643e-01,-8.395737777998989460e-01
9.857682981000019495e+00,5.496949139999950384e-01,-8.252114627999279639e-01,5.496949139999950384e-01,-8.252114627999279639e-01
1.095707280899999958e+01,5.727828440000040100e-01,-8.006804177999240490e-01,5.727828440000040100e-01,-8.006804177999240490e-01
1.210263849699999916e+01,5.866871569999819735e-01,-8.305559998001970090e-01,5.866871569999819735e-01,-8.305559998001970090e-01
1.327601281099999930e+01,6.178108950000159583e-01,-8.738293207998709677e-01,6.178108950000159583e-01,-8.738293207998709677e-01
1.451163460100000080e+01,6.520409549999940380e-01,-8.494874918001760200e-01,6.520409549999940380e-01,-8.494874918001760200e-01
1.581571651099999976e+01,6.604783600000120325e-01,-7.961788927998439958e-01,6.604783600000120325e-01,-7.961788927998439958e-01
1.713667323099999962e+01,6.569827190000090411e-01,-7.928408997999549790e-01,6.569827190000090411e-01,-7.928408997999549790e-01
1.845063866899999994e+01,6.693061039999830264e-01,-7.898595638001210117e-01,6.693061039999830264e-01,-7.898595638001210117e-01
1.978925087700000063e+01,6.644976909999960046e-01,-7.624337898001269931e-01,6.644976909999960046e-01,-7.624337898001269931e-01
2.111824625899999930e+01,6.861757980000110502e-01,-7.595535007999389965e-01,6.861757980000110502e-01,-7.595535007999389965e-01
2.249059785500000075e+01,7.219926900000059877e-01,-7.792313977998900354e-01,7.219926900000059877e-01,-7.792313977998900354e-01
2.393458323500000162e+01,7.457860019999790202e-01,-7.728865837999020494e-01,7.457860019999790202e-01,-7.728865837999020494e-01
2.542615523899999985e+01,7.533139709999989719e-01,-7.579214498001080047e-01,7.533139709999989719e-01,-7.579214498001080047e-01
2.693278318100000135e+01,7.629695180000130028e-01,-7.961453917999390395e-01,7.629695180000130028e-01,-7.961453917999390395e-01
2.845872221699999827e+01,7.950773700000099975e-01,-8.392765607999880251e-01,7.950773700000099975e-01,-8.392765607999880251e-01
3.004887695700000094e+01,8.096249399999919660e-01,-8.317219488000660021e-01,8.096249399999919660e-01,-8.317219488000660021e-01
3.166812683699999909e+01,8.407286039999970484e-01,-8.074642067998070161e-01,8.407286039999970484e-01,-8.074642067998070161e-01
3.334958404500000029e+01,8.489002950000139602e-01,-8.026214298001830283e-01,8.489002950000139602e-01,-8.026214298001830283e-01
3.504738463500000023e+01,8.740736199999690204e-01,-7.857958698001540343e-01,8.740736199999690204e-01,-7.857958698001540343e-01
3.679553187500000178e+01,8.854824420000010354e-01,-7.560726247998560412e-01,8.854824420000010354e-01,-7.560726247998560412e-01
3.856649675900000318e+01,9.035236340000170063e-01,-7.400462257998019489e-01,9.035236340000170063e-01,-7.400462257998019489e-01
4.037354402700000122e+01,9.160487319999930378e-01,-7.419816377999379764e-01,9.160487319999930378e-01,-7.419816377999379764e-01
4.220564149100000151e+01,9.214843450000029801e-01,-7.265317477998110007e-01,9.214843450000029801e-01,-7.265317477998110007e-01
4.404861018100000081e+01,9.181748249999940326e-01,-7.085075247998130488e-01,9.181748249999940326e-01,-7.085075247998130488e-01
4.588495983100000331e+01,9.372436670000009462e-01,-7.149001258001700387e-01,9.372436670000009462e-01,-7.149001258001700387e-01
4.775944716499999743e+01,9.553440980000119653e-01,-7.401636038002270546e-01,9.553440980000119653e-01,-7.401636038002270546e-01
4.967013536099999982e+01,9.620891319999810287e-01,-7.503710867999300316e-01,9.620891319999810287e-01,-7.503710867999300316e-01
5.159431362499999807e+01,9.629719560000079559e-01,-7.687946708000480411e-01,9.629719560000079559e-01,-7.687946708000480411e-01
5.352025753699999910e+01,9.736677480000109908e-01,-7.830613927998230084e-01,9.736677480000109908e-01,-7.830613927998230084e-01
5.546759303299999999e+01,9.804550969999890064e-01,-7.860481207998190056e-01,9.804550969999890064e-01,-7.860481207998190056e-01
5.742850322700000021e+01,9.837047119999939859e-01,-7.811918387998839641e-01,9.837047119999939859e-01,-7.811918387998839641e-01
5.939591265100000328e+01,9.983552580000040200e-01,-7.849153707998649532e-01,9.983552580000040200e-01,-7.849153707998649532e-01
6.139262316700000355e+01,1.008196947000000065e+00,-7.579898217998110033e-01,1.008196947000000065e+00,-7.579898217998110033e-01
6.340901706100000013e+01,1.008053321000019986e+00,-7.249465648002340057e-01,1.008053321000019986e+00,-7.249465648002340057e-01
6.542512370299999702e+01,1.005458294999999946e+00,-7.219612898002769619e-01,1.005458294999999946e+00,-7.219612898002769619e-01
6.743604029300000491e+01,1.001981242999989918e+00,-7.333304407999889918e-01,1.001981242999989918e+00,-7.333304407999889918e-01
6.944000277899999674e+01,1.001811803000020040e+00,-7.281504737999280330e-01,1.001811803000020040e+00,-7.281504737999280330e-01
7.144362638500000173e+01,1.005604341999980056e+00,-7.170296908000179936e-01,1.005604341999980056e+00,-7.170296908000179936e-01
7.345483506899999782e+01,1.005889998000000007e+00,-7.335035777998659690e-01,1.005889998000000007e+00,-7.335035777998659690e-01
7.546661506499999916e+01,9.944238450000070229e-01,-7.599823127999340011e-01,9.944238450000070229e-01,-7.599823127999340011e-01
7.745546275499999922e+01,9.914850549999839613e-01,-7.707568818001390154e-01,9.914850549999839613e-01,-7.707568818001390154e-01
7.943843286499999579e+01,9.886585960000080497e-01,-7.838490127999190316e-01,9.886585960000080497e-01,-7.838490127999190316e-01
8.141575005699999679e+01,9.946755630000230219e-01,-8.031992577999740313e-01,9.946755630000230219e-01,-8.031992577999740313e-01
8.340510118299999931e+01,1.004830872999999958e+00,-8.228074348002679672e-01,1.004830872999999958e+00,-8.228074348002679672e-01
8.541476292900000544e+01,9.962305869999990016e-01,-8.121983778000300136e-01,9.962305869999990016e-01,-8.121983778000300136e-01
8.740722410300000433e+01,1.005641773000010009e+00,-7.985613038000000108e-01,1.005641773000010009e+00,-7.985613038000000108e-01
8.941850764900000570e+01,1.007866623999990052e+00,-7.988208478001870283e-01,1.007866623999990052e+00,-7.988208478001870283e-01
9.143424089699999513e+01,9.988119079999929761e-01,-8.068428678002419474e-01,9.988119079999929761e-01,-8.068428678002419474e-01
9.343186471299999596e+01,9.986985780000029456e-01,-7.959123747998549936e-01,9.986985780000029456e-01,-7.959123747998549936e-01
9.542926186900000118e+01,1.011237026999999955e+00,-7.810095777999780386e-01,1.011237026999999955e+00,-7.810095777999780386e-01
9.745173592300000109e+01,1.000168173999989918e+00,-7.667349898001130093e-01,1.000168173999989918e+00,-7.667349898001130093e-01
9.945207227100000580e+01,9.937645729999999844e-01,-7.857655697999349487e-01,9.937645729999999844e-01,-7.857655697999349487e-01
1.014396014170000058e+02,9.968322850000109758e-01,-8.085428247999290052e-01,9.968322850000109758e-01,-8.085428247999290052e-01
1.034332659869999986e+02,9.976996279999920114e-01,-8.159737908000009865e-01,9.976996279999920114e-01,-8.159737908000009865e-01
1.054286652429999975e+02,9.921222970000089791e-01,-8.362524538000569718e-01,9.921222970000089791e-01,-8.362524538000569718e-01
1.074129098370000008e+02,9.943480569999889607e-01,-8.541383057998930273e-01,9.943480569999889607e-01,-8.541383057998930273e-01
1.094016059509999934e+02,9.787303210000150022e-01,-8.447297558001880535e-01,9.787303210000150022e-01,-8.447297558001880535e-01
1.113590665929999943e+02,9.918638079999979595e-01,-8.320822227998410092e-01,9.918638079999979595e-01,-8.320822227998410092e-01
1.133427942090000045e+02,9.985977110000090473e-01,-8.409192588001700441e-01,9.985977110000090473e-01,-8.409192588001700441e-01
1.153399896309999946e+02,1.012132758000009902e+00,-8.400294447999390179e-01,1.012132758000009902e+00,-8.400294447999390179e-01
1.173642551469999944e+02,1.007442025000000019e+00,-8.395973938002040393e-01,1.007442025000000019e+00,-8.395973938002040393e-01
1.193791391970000006e+02,1.006616087999979925e+00,-8.327356217999409838e-01,1.006616087999979925e+00,-8.327356217999409838e-01
1.213923713730000031e+02,1.002136867000009923e+00,-8.320239197999510505e-01,1.002136867000009923e+00,-8.320239197999510505e-01
1.233966451069999977e+02,9.968319520000079592e-01,-8.498422477999839630e-01,9.968319520000079592e-01,-8.498422477999839630e-01
1.253903090109999994e+02,1.004806258999979995e+00,-8.572626298001180256e-01,1.004806258999979995e+00,-8.572626298001180256e-01
1.273999215289999967e+02,9.998976659999949668e-01,-8.457786848001660474e-01,9.998976659999949668e-01,-8.457786848001660474e-01
1.293997168610000017e+02,9.946616569999949808e-01,-8.377892737999560469e-01,9.946616569999949808e-01,-8.377892737999560469e-01
1.313890401749999910e+02,9.966165550000309903e-01,-8.393662998001899522e-01,9.966165550000309903e-01,-8.393662998001899522e-01
1.333822732849999966e+02,9.988812579999829522e-01,-8.217034508002140081e-01,9.988812579999829522e-01,-8.217034508002140081e-01
1.353800358009999911e+02,9.895104790000179840e-01,-8.307514528002569731e-01,9.895104790000179840e-01,-8.307514528002569731e-01
1.373590567589999978e+02,9.930775999999920112e-01,-8.448688518001290504e-01,9.930775999999920112e-01,-8.448688518001290504e-01
1.393452119590000109e+02,9.984148090000100062e-01,-8.435900187997730226e-01,9.984148090000100062e-01,-8.435900187997730226e-01
1.413420415770000034e+02,1.004903330999979971e+00,-8.187423498002319722e-01,1.004903330999979971e+00,-8.187423498002319722e-01
1.433518482389999917e+02,1.005246317999999972e+00,-8.282105718000140060e-01,1.005246317999999972e+00,-8.282105718000140060e-01
1.453623408750000010e+02,1.008456302999999998e+00,-8.496909618000360043e-01,1.008456302999999998e+00,-8.496909618000360043e-01
1.473792534810000063e+02,9.968763759999750285e-01,-8.608098468002369774e-01,9.968763759999750285e-01,-8.608098468002369774e-01
1.493730062330000123e+02,1.004449678000010060e+00,-8.522381498002009614e-01,1.004449678000010060e+00,-8.522381498002009614e-01
1.513819055890000129e+02,1.013134017999999914e+00,-8.458065717999260213e-01,1.013134017999999914e+00,-8.458065717999260213e-01
1.534081736249999892e+02,1.010421443999989899e+00,-8.453522508001469760e-01,1.010421443999989899e+00,-8.453522508001469760e-01
1.554290165129999934e+02,9.965886110000210518e-01,-8.551459878001990145e-01,9.965886110000210518e-01,-8.551459878001990145e-01
1.574221937350000076e+02,9.973143469999710131e-01,-8.365024107999370351e-01,9.973143469999710131e-01,-8.365024107999370351e-01
1.594168224290000069e+02,9.955165370000289560e-01,-8.257429148000029473e-01,9.955165370000289560e-01,-8.257429148000029473e-01
1.614078555030000075e+02,1.006341007999989934e+00,-8.221823508001759873e-01,1.006341007999989934e+00,-8.221823508001759873e-01
1.634205375189999927e+02,9.944337759999799520e-01,-8.293911117999640537e-01,9.944337759999799520e-01,-8.293911117999640537e-01
1.654094050710000090e+02,9.984564370000159617e-01,-8.229847218000260201e-01,9.984564370000159617e-01,-8.229847218000260201e-01
1.674063179450000121e+02,9.908687640000120034e-01,-8.171418758001319782e-01,9.908687640000120034e-01,-8.171418758001319782e-01
1.693880554730000085e+02,1.007712421999980013e+00,-8.261987498000280539e-01,1.007712421999980013e+00,-8.261987498000280539e-01
1.714034803170000032e+02,1.005146915000010077e+00,-8.463534408002719722e-01,1.005146915000010077e+00,-8.463534408002719722e-01
1.734137741469999980e+02,1.003449749999999918e+00,-8.468075758000279674e-01,1.003449749999999918e+00,-8.468075758000279674e-01
1.754206736470000010e+02,1.007471079000010095e+00,-8.404406038001179802e-01,1.007471079000010095e+00,-8.404406038001179802e-01
1.774356158049999976e+02,1.009995290999980089e+00,-8.345948398001039603e-01,1.009995290999980089e+00,-8.345948398001039603e-01
1.794556063869999889e+02,9.964885210000179461e-01,-8.294553928002410537e-01,9.964885210000179461e-01,-8.294553928002410537e-01
1.814485834289999957e+02,1.002791143999969936e+00,-8.248494948001620086e-01,1.002791143999969936e+00,-8.248494948001620086e-01
1.834541657169999951e+02,9.973732320000150420e-01,-8.305063768000879865e-01,9.973732320000150420e-01,-8.305063768000879865e-01
1.854489121809999972e+02,9.918093629999870098e-01,-8.218035928000519963e-01,9.918093629999870098e-01,-8.218035928000519963e-01
1.874325309070000003e+02,9.977431640000280488e-01,-8.287250367998809653e-01,9.977431640000280488e-01,-8.287250367998809653e-01
1.894280172349999987e+02,1.004391458999990050e+00,-8.329833967998749866e-01,1.004391458999990050e+00,-8.329833967998749866e-01
1.914368001530000072e+02,9.940364339999799848e-01,-8.245162748000329778e-01,9.940364339999799848e-01,-8.245162748000329778e-01
1.934248730209999962e+02,9.915816830000210302e-01,-8.392707548002820150e-01,9.915816830000210302e-01,-8.392707548002820150e-01
1.954080363870000099e+02,9.945077879999929538e-01,-8.733009408001639606e-01,9.945077879999929538e-01,-8.733009408001639606e-01
1.973970519629999956e+02,1.002708976999999946e+00,-8.870212218001259918e-01,1.002708976999999946e+00,-8.870212218001259918e-01
1.994024699169999906e+02,1.003048745000020059e+00,-8.897888397999049737e-01,1.003048745000020059e+00,-8.897888397999049737e-01
2.014085674069999925e+02,1.007114053999969894e+00,-9.044663138002989600e-01,1.007114053999969894e+00,-9.044663138002989600e-01
2.034227955149999900e+02,1.002920288000010096e+00,-9.036588047998179718e-01,1.002920288000010096e+00,-9.036588047998179718e-01
2.054286360909999871e+02,9.877009830000109680e-01,-8.962940158002650204e-01,9.877009830000109680e-01,-8.962940158002650204e-01
2.074040380570000082e+02,9.966136479999789799e-01,-8.996497558002259920e-01,9.966136479999789799e-01,-8.996497558002259920e-01
2.093972653529999945e+02,9.990273260000179789e-01,-9.169802808000899752e-01,9.990273260000179789e-01,-9.169802808000899752e-01
2.113953200050000021e+02,1.003362032999989939e+00,-8.960479167998870453e-01,1.003362032999989939e+00,-8.960479167998870453e-01
2.134020440710000059e+02,9.967150700000220187e-01,-8.866152807999579943e-01,9.967150700000220187e-01,-8.866152807999579943e-01
2.153954742109999927e+02,1.001151753999989902e+00,-8.899504628001859707e-01,1.001151753999989902e+00,-8.899504628001859707e-01
2.173977777190000040e+02,9.955192009999930258e-01,-8.908076697999830484e-01,9.955192009999930258e-01,-8.908076697999830484e-01
2.193888161209999907e+02,9.964729290000069462e-01,-8.873317778000000544e-01,9.964729290000069462e-01,-8.873317778000000544e-01
2.213817619790000037e+02,9.912533999999769696e-01,-8.997269108002110549e-01,9.912533999999769696e-01,-8.997269108002110549e-01
2.233642687790000139e+02,1.002920843000040030e+00,-9.047156738002399834e-01,1.002920843000040030e+00,-9.047156738002399834e-01
2.253701104650000104e+02,9.945772699999939626e-01,-8.973685248001289638e-01,9.945772699999939626e-01,-8.973685248001289638e-01
2.273592650049999975e+02,1.003134019999990079e+00,-8.959857268002340280e-01,1.003134019999990079e+00,-8.959857268002340280e-01
2.293655330450000065e+02,9.982725149999960301e-01,-9.136512487999080001e-01,9.982725149999960301e-01,-9.136512487999080001e-01
2.313620780749999994e+02,1.006844190999979904e+00,-9.189038977999639535e-01,1.006844190999979904e+00,-9.189038977999639535e-01
2.333757664569999974e+02,9.962315650000159728e-01,-9.261826677998219459e-01,9.962315650000159728e-01,-9.261826677998219459e-01
2.353682295870000019e+02,9.984872669999870221e-01,-9.476624478000990059e-01,9.984872669999870221e-01,-9.476624478000990059e-01
2.373652041210000050e+02,1.001254507999989940e+00,-9.428920578000089536e-01,1.001254507999989940e+00,-9.428920578000089536e-01
2.393677131370000097e+02,1.002179959000029985e+00,-9.297962578000920075e-01,1.002179959000029985e+00,-9.297962578000920075e-01
2.413720730549999871e+02,1.004675671999990083e+00,-9.315801708000890358e-01,1.004675671999990083e+00,-9.315801708000890358e-01
2.433814243989999966e+02,1.001452224999979990e+00,-9.330720328000550179e-01,1.001452224999979990e+00,-9.330720328000550179e-01
2.453843288490000134e+02,1.005843264000030102e+00,-9.269083608002119945e-01,1.005843264000030102e+00,-9.269083608002119945e-01
2.473960153769999977e+02,9.829236429999640423e-01,-9.342199848001090379e-01,9.829236429999640423e-01,-9.342199848001090379e-01
2.493618626630000108e+02,9.986421350000109776e-01,-9.281156197998260415e-01,9.986421350000109776e-01,-9.281156197998260415e-01
2.513591469330000052e+02,1.001109460000010110e+00,-9.112337268000489932e-01,1.001109460000010110e+00,-9.112337268000489932e-01
2.533613658529999952e+02,1.000693418000009993e+00,-8.930649428000380086e-01,1.000693418000009993e+00,-8.930649428000380086e-01
2.553627526889999899e+02,1.000410647999979918e+00,-9.129592758000629749e-01,1.000410647999979918e+00,-9.129592758000629749e-01
2.573635739850000164e+02,1.009639931000009927e+00,-9.229404887998949869e-01,1.009639931000009927e+00,-9.229404887998949869e-01
2.593828538469999785e+02,1.000468200999959922e+00,-9.228922168001080228e-01,1.000468200999959922e+00,-9.228922168001080228e-01
2.613837902490000147e+02,1.000297096000029917e+00,-9.348878057999170377e-01,1.000297096000029917e+00,-9.348878057999170377e-01
2.633843844410000088e+02,1.006744787999990010e+00,-9.408896588001880446e-01,1.006744787999990010e+00,-9.408896588001880446e-01
2.653978740169999924e+02,1.001424614000000046e+00,-9.271421737998369883e-01,1.001424614000000046e+00,-9.271421737998369883e-01
2.674007232449999947e+02,1.005272707999979920e+00,-9.200083577998160456e-01,1.005272707999979920e+00,-9.200083577998160456e-01
2.694112686610000083e+02,9.987138160000480491e-01,-9.424200837999590075e-01,9.987138160000480491e-01,-9.424200837999590075e-01
2.714086962929999913e+02,1.002950118999959894e+00,-9.455907738001769758e-01,1.002950118999959894e+00,-9.455907738001769758e-01
2.734145965309999724e+02,9.950194590000189798e-01,-9.392666887999330250e-01,9.950194590000189798e-01,-9.392666887999330250e-01
2.754046354490000112e+02,9.978847710000310345e-01,-9.358301558000330367e-01,9.978847710000310345e-01,-9.358301558000330367e-01
2.774004049910000163e+02,9.919107849999589943e-01,-9.450521318000260074e-01,9.919107849999589943e-01,-9.450521318000260074e-01
2.793842265609999913e+02,9.998693889999690221e-01,-9.379782327998780200e-01,9.998693889999690221e-01,-9.379782327998780200e-01
2.813839653389999853e+02,9.966024060000220341e-01,-9.289975097998990350e-01,9.966024060000220341e-01,-9.289975097998990350e-01
2.833771701509999730e+02,1.003563191000010013e+00,-9.283815558001150547e-01,1.003563191000010013e+00,-9.283815558001150547e-01
2.853842965329999970e+02,1.008555394000010041e+00,-9.259904158002429941e-01,1.008555394000010041e+00,-9.259904158002429941e-01
2.874014073210000220e+02,1.000280837999979910e+00,-9.230398697998789537e-01,1.000280837999979910e+00,-9.230398697998789537e-01
2.894019689969999831e+02,9.973866940000279957e-01,-9.460215858000540212e-01,9.973866940000279957e-01,-9.460215858000540212e-01
2.913967423849999818e+02,9.982294439999750413e-01,-9.553358408000459656e-01,9.982294439999750413e-01,-9.553358408000459656e-01
2.933932012729999883e+02,1.004389683000030065e+00,-9.415378027999850019e-01,1.004389683000030065e+00,-9.415378027999850019e-01
2.954019806389999871e+02,1.006199844999970061e+00,-9.330142328001900243e-01,1.006199844999970061e+00,-9.330142328001900243e-01
2.974143803289999823e+02,9.969875969999859588e-01,-9.352734897998969954e-01,9.969875969999859588e-01,-9.352734897998969954e-01
2.994083555230000115e+02,9.963181930000080122e-01,-9.306070647998579970e-01,9.963181930000080122e-01,-9.306070647998579970e-01
3.014009919090000267e+02,9.947199870000249522e-01,-9.200321267999239661e-01,9.947199870000249522e-01,-9.200321267999239661e-01
3.033904318830000193e+02,1.000880670000019901e+00,-9.236482248001609552e-01,1.000880670000019901e+00,-9.236482248001609552e-01
3.053921932229999925e+02,1.003620078000009963e+00,-9.325529028001819931e-01,1.003620078000009963e+00,-9.325529028001819931e-01
3.073994333790000155e+02,1.003806441999979926e+00,-9.321549708001839463e-01,1.003806441999979926e+00,-9.321549708001839463e-01
3.094070462629999838e+02,9.901704169999729910e-01,-9.207391598002350186e-01,9.901704169999729910e-01,-9.207391598002350186e-01
3.113873870969999871e+02,9.916112020000009686e-01,-9.228750408000220284e-01,9.916112020000009686e-01,-9.228750408000220284e-01
3.133706095009999899e+02,1.004505566000009953e+00,-9.228502447998609970e-01,1.004505566000009953e+00,-9.228502447998609970e-01
3.153796206330000018e+02,1.002208125000010108e+00,-9.183801227999880412e-01,1.002208125000010108e+00,-9.183801227999880412e-01
3.173840368830000216e+02,1.007313325000009918e+00,-9.211518198001730218e-01,1.007313325000009918e+00,-9.211518198001730218e-01
3.193986635329999899e+02,1.006886506000000070e+00,-9.273258307998729633e-01,1.006886506000000070e+00,-9.273258307998729633e-01
3.214124365449999914e+02,1.009609988999979890e+00,-9.185454898000100510e-01,1.009609988999979890e+00,-9.185454898000100510e-01
3.234316565230000151e+02,9.999382949999929826e-01,-9.174529858000820548e-01,9.999382949999929826e-01,-9.174529858000820548e-01
3.254315331130000004e+02,9.930789320000320552e-01,-9.284366458000480327e-01,9.930789320000320552e-01,-9.284366458000480327e-01
3.274176909770000066e+02,9.990277699999690064e-01,-9.272001488001819780e-01,9.990277699999690064e-01,-9.272001488001819780e-01
3.294157465170000023e+02,9.999827190000299959e-01,-9.062818968000100339e-01,9.999827190000299959e-01,-9.062818968000100339e-01
3.314157119550000061e+02,1.006542054999949976e+00,-9.012734777999189539e-01,1.006542054999949976e+00,-9.012734777999189539e-01
3.334287960649999718e+02,1.003149057000030098e+00,-9.155202067998400306e-01,1.003149057000030098e+00,-9.155202067998400306e-01
3.354350941789999752e+02,9.959327800000039588e-01,-9.161670578001239740e-01,9.959327800000039588e-01,-9.161670578001239740e-01
3.374269597389999831e+02,9.945767149999940049e-01,-9.096355348000320085e-01,9.945767149999940049e-01,-9.096355348000320085e-01
3.394161131690000275e+02,1.001251955000010074e+00,-9.082350968001829949e-01,1.001251955000010074e+00,-9.082350968001829949e-01
3.414186170790000006e+02,1.008484157000000048e+00,-8.950581528002320431e-01,1.008484157000000048e+00,-8.950581528002320431e-01
3.434355853929999967e+02,1.005031475999969892e+00,-8.720691357999039717e-01,1.005031475999969892e+00,-8.720691357999039717e-01
3.454456483449999951e+02,9.979421019999960007e-01,-8.684839348002240111e-01,9.979421019999960007e-01,-8.684839348002240111e-01
3.474415325489999873e+02,9.961886050000150483e-01,-8.797132308001780476e-01,9.961886050000150483e-01,-8.797132308001780476e-01
3.494339097590000165e+02,9.974297859999979865e-01,-8.821458518001460414e-01,9.974297859999979865e-01,-8.821458518001460414e-01
3.514287693310000122e+02,1.002564040000009982e+00,-8.754256918001600551e-01,1.002564040000009982e+00,-8.754256918001600551e-01
3.534338974109999754e+02,1.000068548999990092e+00,-8.731238538002229488e-01,1.000068548999990092e+00,-8.731238538002229488e-01
3.554340345090000142e+02,1.000624289999989980e+00,-8.711211227998769679e-01,1.000624289999989980e+00,-8.711211227998769679e-01
3.574352830889999950e+02,9.941919680000239623e-01,-8.710440167998849681e-01,9.941919680000239623e-01,-8.710440167998849681e-01
3.594236670249999861e+02,9.953043379999829687e-01,-8.737081617998679883e-01,9.953043379999829687e-01,-8.737081617998679883e-01
3.614142757010000082e+02,9.945198279999659663e-01,-8.802517808002220390e-01,9.945198279999659663e-01,-8.802517808002220390e-01
3.634033153569999968e+02,9.978145330000810498e-01,-8.768581347999320208e-01,9.978145330000810498e-01,-8.768581347999320208e-01
3.653989444229999890e+02,1.001195511999980026e+00,-8.660733917999440257e-01,1.001195511999980026e+00,-8.660733917999440257e-01
3.674013354470000081e+02,1.002677702999960063e+00,-8.509173518001490466e-01,1.002677702999960063e+00,-8.509173518001490466e-01
3.694066908529999864e+02,1.002820309000010068e+00,-8.525984018001510067e-01,1.002820309000010068e+00,-8.525984018001510067e-01
3.714123314710000159e+02,9.976011130000019822e-01,-8.592748198001910476e-01,9.976011130000019822e-01,-8.592748198001910476e-01
3.734075336970000194e+02,1.000239764999979908e+00,-8.585554518000440005e-01,1.000239764999979908e+00,-8.585554518000440005e-01
3.754080132270000263e+02,1.006557425000009998e+00,-8.625499848000119929e-01,1.006557425000009998e+00,-8.625499848000119929e-01
3.774211280769999917e+02,1.001422727000000013e+00,-8.597886268000819454e-01,1.001422727000000013e+00,-8.597886268000819454e-01
3.794239735310000015e+02,1.003078152999989925e+00,-8.525948348000159660e-01,1.003078152999989925e+00,-8.525948348000159660e-01
3.814301298369999813e+02,1.003033951000019908e+00,-8.332137987998180506e-01,1.003033951000019908e+00,-8.332137987998180506e-01
3.834361977390000220e+02,9.933068130000040075e-01,-8.298318978001479884e-01,9.933068130000040075e-01,-8.298318978001479884e-01
3.854228113649999727e+02,1.000210156000010064e+00,-8.365788168000559688e-01,1.000210156000010064e+00,-8.365788168000559688e-01
3.874232316769999898e+02,9.975721699999839931e-01,-8.395397018002770384e-01,9.975721699999839931e-01,-8.395397018002770384e-01
3.894183760170000141e+02,1.003348439000010028e+00,-8.378078537998590036e-01,1.003348439000010028e+00,-8.378078537998590036e-01
3.914250728950000280e+02,1.004233261000019972e+00,-8.454397528001890150e-01,1.004233261000019972e+00,-8.454397528001890150e-01
3.934335394170000200e+02,9.991838380000219733e-01,-8.489782938001440016e-01,9.991838380000219733e-01,-8.489782938001440016e-01
3.954319070930000066e+02,9.973453989999260250e-01,-8.510724488000389609e-01,9.973453989999260250e-01,-8.510724488000389609e-01
3.974265978909999717e+02,9.986278750000390225e-01,-8.413924647999809769e-01,9.986278750000390225e-01,-8.413924647999809769e-01
3.994238536409999938e+02,1.001237583999970093e+00,-8.415539387999050325e-01,1.001237583999970093e+00,-8.415539387999050325e-01
4.014263288089999833e+02,1.005787376000000011e+00,-8.454168337999019567e-01,1.005787376000000011e+00,-8.454168337999019567e-01
4.034379035609999846e+02,9.973580840000410008e-01,-8.507670018002500001e-01,9.973580840000410008e-01,-8.507670018002500001e-01
4.054326197290000096e+02,1.006258063999980079e+00,-8.590793608000809600e-01,1.006258063999980079e+00,-8.590793608000809600e-01
4.074451358570000252e+02,9.964025799999940425e-01,-8.633741618002089835e-01,9.964025799999940425e-01,-8.633741618002089835e-01
4.094379410170000142e+02,9.911830509999790539e-01,-8.557590478000070000e-01,9.911830509999790539e-01,-8.557590478000070000e-01
4.114203071189999719e+02,9.982006120000049831e-01,-8.407375637999050522e-01,9.982006120000049831e-01,-8.407375637999050522e-01
4.134167083429999821e+02,9.922516630000469684e-01,-8.259305738001220254e-01,9.922516630000469684e-01,-8.259305738001220254e-01
4.154012116690000198e+02,9.978855479999709788e-01,-8.308018107999830537e-01,9.978855479999709788e-01,-8.308018107999830537e-01
4.173969827650000184e+02,1.003007338999990061e+00,-8.400484828000569504e-01,1.003007338999990061e+00,-8.400484828000569504e-01
4.194029974430000038e+02,1.007342490000010082e+00,-8.357281898001930331e-01,1.007342490000010082e+00,-8.357281898001930331e-01
4.214176824229999738e+02,9.965589809999929605e-01,-8.429217368000649913e-01,9.965589809999929605e-01,-8.429217368000649913e-01
4.234108003850000159e+02,9.987698149999739705e-01,-8.583296137999809616e-01,9.987698149999739705e-01,-8.583296137999809616e-01
4.254083400150000216e+02,9.911832730000470493e-01,-8.634652878000680376e-01,9.911832730000470493e-01,-8.634652878000680376e-01
4.273907065610000018e+02,9.989841229999569805e-01,-8.484508598000960466e-01,9.989841229999569805e-01,-8.484508598000960466e-01
4.293886748069999726e+02,1.000436594000039925e+00,-8.435493827999489547e-01,1.000436594000039925e+00,-8.435493827999489547e-01
4.313895479949999867e+02,1.003946938999999983e+00,-8.544478197999300084e-01,1.003946938999999983e+00,-8.544478197999300084e-01
4.333974418729999911e+02,1.000610827999989905e+00,-8.479603448001850063e-01,1.000610827999989905e+00,-8.479603448001850063e-01
4.353986635289999754e+02,9.974423599999799883e-01,-8.298661998001649609e-01,9.974423599999799883e-01,-8.298661998001649609e-01
4.373935482489999913e+02,1.000510626999979946e+00,-8.411348548001460479e-01,1.000510626999979946e+00,-8.411348548001460479e-01
4.393945695030000138e+02,9.926085769999990482e-01,-8.370748607998169666e-01,9.926085769999990482e-01,-8.370748607998169666e-01
4.413797866570000110e+02,9.933219610000210142e-01,-8.369043148001079624e-01,9.933219610000210142e-01,-8.369043148001079624e-01
4.433664305789999958e+02,1.000953481999999894e+00,-8.266360908001499919e-01,1.000953481999999894e+00,-8.266360908001499919e-01
4.453683375429999955e+02,1.001993595000020054e+00,-8.205435297998630029e-01,1.001993595000020054e+00,-8.205435297998630029e-01
4.473723247330000277e+02,1.001380412000000053e+00,-8.333453217998679774e-01,1.001380412000000053e+00,-8.333453217998679774e-01
4.493750855569999771e+02,1.000868650999990006e+00,-8.422106407999190303e-01,1.000868650999990006e+00,-8.422106407999190303e-01
4.513768228590000149e+02,9.965460740000370299e-01,-8.331441437999269617e-01,9.965460740000370299e-01,-8.331441437999269617e-01
4.533699150069999746e+02,1.000567513999949920e+00,-8.305526218002799999e-01,1.000567513999949920e+00,-8.305526218002799999e-01
4.553710500349999961e+02,1.006059015000009937e+00,-8.284858357998809986e-01,1.006059015000009937e+00,-8.284858357998809986e-01
4.573831680650000067e+02,1.003149723000009930e+00,-8.258061727999570500e-01,1.003149723000009930e+00,-8.258061727999570500e-01
4.593894675110000207e+02,1.009538841999980008e+00,-8.264741918002299625e-01,1.009538841999980008e+00,-8.264741918002299625e-01
4.614085451949999879e+02,1.006900412000049982e+00,-8.404318468001289455e-01,1.006900412000049982e+00,-8.404318468001289455e-01
4.634223460189999741e+02,9.991275059999510377e-01,-8.496826567998709834e-01,9.991275059999510377e-01,-8.496826567998709834e-01
4.654206010309999897e+02,1.007328250999989905e+00,-8.498012437999590274e-01,1.007328250999989905e+00,-8.498012437999590274e-01
4.674352575330000263e+02,1.001922580000009999e+00,-8.389530558001749849e-01,1.001922580000009999e+00,-8.389530558001749849e-01
4.694391026929999953e+02,1.001038313000010005e+00,-8.317234328001179566e-01,1.001038313000010005e+00,-8.317234328001179566e-01
4.714411793190000139e+02,9.990703969999690237e-01,-8.286048077999910166e-01,9.990703969999690237e-01,-8.286048077999910166e-01
4.734393201130000080e+02,9.990259730000450311e-01,-8.267231308001330436e-01,9.990259730000450311e-01,-8.267231308001330436e-01
4.754373720589999834e+02,9.927799040000020447e-01,-8.408335327998199826e-01,9.927799040000020447e-01,-8.408335327998199826e-01
4.774229318669999884e+02,1.002620926999979956e+00,-8.466637788000069831e-01,1.002620926999979956e+00,-8.466637788000069831e-01
4.794281737210000074e+02,9.946333799999820258e-01,-8.463551488000009559e-01,9.946333799999820258e-01,-8.463551488000009559e-01
4.814174404810000283e+02,9.956319760000269525e-01,-8.469408628000110184e-01,9.956319760000269525e-01,-8.469408628000110184e-01
4.834087044330000253e+02,9.944068309999639643e-01,-8.474196348000759826e-01,9.944068309999639643e-01,-8.474196348000759826e-01
4.853975180950000095e+02,9.907546570000249631e-01,-8.400642687998359781e-01,9.907546570000249631e-01,-8.400642687998359781e-01
4.873790274090000025e+02,9.982420179999850207e-01,-8.451241428002159717e-01,9.982420179999850207e-01,-8.451241428002159717e-01
4.893755114449999724e+02,1.000482128000020010e+00,-8.493149198001790356e-01,1.000482128000020010e+00,-8.493149198001790356e-01
4.913764757010000039e+02,1.005003754000030058e+00,-8.442565578001219873e-01,1.005003754000030058e+00,-8.442565578001219873e-01
4.933864832090000050e+02,1.008782608999950092e+00,-8.396976848002279947e-01,1.008782608999950092e+00,-8.396976848002279947e-01
4.954040484270000206e+02,1.003461880000029893e+00,-8.447093868001049888e-01,1.003461880000029893e+00,-8.447093868001049888e-01
4.974109721870000271e+02,9.929661569999550519e-01,-8.563171177998469830e-01,9.929661569999550519e-01,-8.563171177998469830e-01
4.993969045009999945e+02,9.992122259999970391e-01,-8.511259568000469899e-01,9.992122259999970391e-01,-8.511259568000469899e-01
5.013953289529999893e+02,1.003461769000040027e+00,-8.542149518002589703e-01,1.003461769000040027e+00,-8.542149518002589703e-01
5.034022524910000129e+02,9.975156159999869487e-01,-8.658191547999649629e-01,9.975156159999869487e-01,-8.658191547999649629e-01
5.053972837229999868e+02,9.997560590000490466e-01,-8.621046828000660245e-01,9.997560590000490466e-01,-8.621046828000660245e-01
5.073967958410000278e+02,9.961892709999630169e-01,-8.491516558001419579e-01,9.961892709999630169e-01,-8.491516558001419579e-01
5.093891743830000109e+02,9.907120089999920109e-01,-8.516054448002140509e-01,9.907120089999920109e-01,-8.516054448002140509e-01
5.113705984009999952e+02,1.002550890000039940e+00,-8.727138458001489907e-01,1.002550890000039940e+00,-8.727138458001489907e-01
5.133757001809999565e+02,9.960606819999500150e-01,-8.874906548001599838e-01,9.960606819999500150e-01,-8.874906548001599838e-01
5.153678215449999698e+02,9.916674230000239731e-01,-9.029837548000609893e-01,9.916674230000239731e-01,-9.029837548000609893e-01
5.173511563910000177e+02,9.966460530000059714e-01,-9.049309988002389726e-01,9.966460530000059714e-01,-9.049309988002389726e-01
5.193444484970000303e+02,1.004048582999929939e+00,-8.882982698000320143e-01,1.004048582999929939e+00,-8.882982698000320143e-01
5.213525456630000008e+02,1.003205167000029929e+00,-8.678225078000989523e-01,1.003205167000029929e+00,-8.678225078000989523e-01
5.233589559969999527e+02,1.003147836000040094e+00,-8.704378708002310505e-01,1.003147836000040094e+00,-8.704378708002310505e-01
5.253652516690000311e+02,1.002564040000039958e+00,-8.710459138000600232e-01,1.002564040000039958e+00,-8.710459138000600232e-01
5.273703797489999943e+02,9.989691969999510146e-01,-8.687440758001230279e-01,9.989691969999510146e-01,-8.687440758001230279e-01
5.293683181430000104e+02,1.002690942999999946e+00,-8.808647977998590450e-01,1.002690942999999946e+00,-8.808647977998590450e-01
5.313737000290000196e+02,1.001508667999930102e+00,-9.005558307998740020e-01,1.001508667999930102e+00,-9.005558307998740020e-01
5.333767173649999904e+02,1.003805554000110067e+00,-8.963712547999880265e-01,1.003805554000110067e+00,-8.963712547999880265e-01
5.353843284729999823e+02,1.004589952999940028e+00,-8.849272198000339706e-01,1.004589952999940028e+00,-8.849272198000339706e-01
5.373935083789999680e+02,1.003247682999979906e+00,-8.834169217998919521e-01,1.003247682999979906e+00,-8.834169217998919521e-01
5.394000037450000491e+02,9.953622240000189469e-01,-9.050653317998470504e-01,9.953622240000189469e-01,-9.050653317998470504e-01
5.413907281929999726e+02,9.994977709999940396e-01,-9.136339108001719778e-01,9.994977709999940396e-01,-9.136339108001719778e-01
5.433897237349999614e+02,9.987702590000819836e-01,-9.267242258001719968e-01,9.987702590000819836e-01,-9.267242258001719968e-01
5.453872642530000121e+02,1.010851391999950000e+00,-9.318740118002319939e-01,1.010851391999950000e+00,-9.318740118002319939e-01
5.474089670370000249e+02,1.010295539999960024e+00,-9.216357827997969654e-01,1.010295539999960024e+00,-9.216357827997969654e-01
5.494295581170000560e+02,1.002549114000029995e+00,-9.094684007998810049e-01,1.002549114000029995e+00,-9.094684007998810049e-01
5.514346563450000076e+02,9.930650050000050522e-01,-9.241887618002240234e-01,9.930650050000050522e-01,-9.241887618002240234e-01
5.534207863550000184e+02,9.964741499999829610e-01,-9.400062158001110113e-01,9.964741499999829610e-01,-9.400062158001110113e-01
5.554137346549999847e+02,1.002321122000070064e+00,-9.524401567999229989e-01,1.002321122000070064e+00,-9.524401567999229989e-01
5.574183768990000090e+02,1.002080333999910033e+00,-9.591735738000010114e-01,1.002080333999910033e+00,-9.591735738000010114e-01
5.594225375669999494e+02,1.008626541000009924e+00,-9.399241758002859770e-01,1.008626541000009924e+00,-9.399241758002859770e-01
5.614397906489999741e+02,9.959046140000400449e-01,-9.219234707999820477e-01,9.959046140000400449e-01,-9.219234707999820477e-01
5.634315998770000533e+02,9.942059850000080079e-01,-9.144041638002140537e-01,9.942059850000080079e-01,-9.144041638002140537e-01
5.654200118469999552e+02,9.963735049998949656e-01,-9.351029878002350415e-01,9.963735049998949656e-01,-9.351029878002350415e-01
5.674127588569999716e+02,1.002492449000099928e+00,-9.615569678001070208e-01,1.002492449000099928e+00,-9.615569678001070208e-01
5.694177437549999468e+02,1.001667198999939945e+00,-9.742911768000790396e-01,1.001667198999939945e+00,-9.742911768000790396e-01
5.714210781530000531e+02,1.003192592999990085e+00,-9.581115217999920386e-01,1.003192592999990085e+00,-9.581115217999920386e-01
5.734274633390000417e+02,9.971298700000370552e-01,-9.427380698002140180e-01,9.971298700000370552e-01,-9.427380698002140180e-01
5.754217230790000031e+02,9.980428580000190175e-01,-9.430564288001620499e-01,9.980428580000190175e-01,-9.430564288001620499e-01
5.774178087950000418e+02,1.001922801999969970e+00,-9.402692138000929845e-01,1.001922801999969970e+00,-9.402692138000929845e-01
5.794216543989999764e+02,1.005344742999970009e+00,-9.330466468000510050e-01,1.005344742999970009e+00,-9.330466468000510050e-01
5.814323438850000230e+02,1.006813472000090082e+00,-9.404364377998599700e-01,1.006813472000090082e+00,-9.404364377998599700e-01
5.834459708289999753e+02,1.006301044999929895e+00,-9.466462798000070400e-01,1.006301044999929895e+00,-9.466462798000070400e-01
5.854585729189999483e+02,1.007185534000029969e+00,-9.349031378000060011e-01,1.007185534000029969e+00,-9.349031378000060011e-01
5.874729439870000078e+02,9.970159850000189783e-01,-9.190560538002050528e-01,9.970159850000189783e-01,-9.190560538002050528e-01
5.894669759570000451e+02,9.974872279999540403e-01,-9.153844687999139751e-01,9.974872279999540403e-01,-9.153844687999139751e-01
5.914619504129999541e+02,9.998699440000109462e-01,-9.106751567998120356e-01,9.998699440000109462e-01,-9.106751567998120356e-01
5.934616903009999760e+02,9.988275900000189722e-01,-9.017120737998429725e-01,9.988275900000189722e-01,-9.017120737998429725e-01
5.954593454810000139e+02,1.007484873999940023e+00,-9.088691797999219890e-01,1.007484873999940023e+00,-9.088691797999219890e-01
5.974743152290000126e+02,1.000767117999999956e+00,-9.210510387998740445e-01,1.000767117999999956e+00,-9.210510387998740445e-01
5.994758494650000102e+02,9.964607990000899918e-01,-9.259763568000489720e-01,9.964607990000899918e-01,-9.259763568000489720e-01
6.014687710629999629e+02,1.002393934000000097e+00,-9.203967868001540209e-01,1.002393934000000097e+00,-9.203967868001540209e-01
6.034735589309999568e+02,1.005258801999959983e+00,-9.121329647999799617e-01,1.005258801999959983e+00,-9.121329647999799617e-01
6.054840765349999856e+02,1.000781710999999907e+00,-9.165135398001209577e-01,1.000781710999999907e+00,-9.165135398001209577e-01
6.074856399569999894e+02,1.002437802999960104e+00,-9.044060747999650429e-01,1.002437802999960104e+00,-9.044060747999650429e-01
6.094905155630000309e+02,1.002507264000030096e+00,-8.801325338001220189e-01,1.002507264000030096e+00,-8.801325338001220189e-01
6.114955300909999778e+02,1.001279212000039998e+00,-8.758410158002329915e-01,1.001279212000039998e+00,-8.758410158002329915e-01
6.134980885149999494e+02,1.003149611999959889e+00,-8.987087337999359882e-01,1.003149611999959889e+00,-8.987087337999359882e-01
6.155043877389999807e+02,1.004419847000010080e+00,-8.993732248002289653e-01,1.004419847000010080e+00,-8.993732248002289653e-01
6.175132274329999973e+02,1.005373686000039957e+00,-8.919009428001349882e-01,1.005373686000039957e+00,-8.919009428001349882e-01
6.195239748049999662e+02,9.944479039999689629e-01,-9.003032138002140528e-01,9.944479039999689629e-01,-9.003032138002140528e-01
6.215128706130000182e+02,9.934368449999619877e-01,-9.119350308001800132e-01,9.934368449999619877e-01,-9.119350308001800132e-01
6.234997443030000568e+02,1.000681399000030058e+00,-9.056885028001600002e-01,1.000681399000030058e+00,-9.056885028001600002e-01
6.255011071010000023e+02,9.969720049999180045e-01,-9.076116608001709718e-01,9.969720049999180045e-01,-9.076116608001709718e-01
6.274950511109999525e+02,1.009082525000110087e+00,-9.199462667999109833e-01,1.009082525000110087e+00,-9.199462667999109833e-01
6.295132161609999457e+02,9.972593469999539995e-01,-9.179194498002519742e-01,9.972593469999539995e-01,-9.179194498002519742e-01
6.315077348549999670e+02,9.958308030000470046e-01,-9.052267217998629656e-01,9.958308030000470046e-01,-9.052267217998629656e-01
6.334993964609999466e+02,9.966876809999689613e-01,-9.126729017999649640e-01,9.966876809999689613e-01,-9.126729017999649640e-01
6.354927718229999982e+02,1.002093019000029894e+00,-9.150449957999740036e-01,1.002093019000029894e+00,-9.150449957999740036e-01
6.374969578610000553e+02,9.976849450000030428e-01,-9.137879408002049786e-01,9.976849450000030428e-01,-9.137879408002049786e-01
6.394923277509999480e+02,9.987272989999950168e-01,-9.160107568002330281e-01,9.987272989999950168e-01,-9.160107568002330281e-01
6.414897823490000519e+02,1.003719169000020006e+00,-9.021133838000989780e-01,1.003719169000020006e+00,-9.021133838000989780e-01
6.434972206869999809e+02,9.986557079999439646e-01,-8.876460208000479524e-01,9.986557079999439646e-01,-8.876460208000479524e-01
6.454945321029999832e+02,9.916670899999640021e-01,-8.887846948002789960e-01,9.916670899999640021e-01,-8.887846948002789960e-01
6.474778662830000258e+02,9.856200700000390391e-01,-8.907213548000639802e-01,9.856200700000390391e-01,-8.907213548000639802e-01
6.494491064229999893e+02,9.923086610000380059e-01,-8.913523227998889631e-01,9.923086610000380059e-01,-8.913523227998889631e-01
6.514337237449999520e+02,9.981124299999349914e-01,-8.982202958002289961e-01,9.981124299999349914e-01,-8.982202958002289961e-01
6.534299486050000496e+02,1.000952816000050039e+00,-9.154186318000939737e-01,1.000952816000050039e+00,-9.154186318000939737e-01
6.554318542370000387e+02,1.002778792000019958e+00,-9.093049028002160306e-01,1.002778792000019958e+00,-9.093049028002160306e-01
6.574374118209999551e+02,9.960584619999509615e-01,-8.969800258001330295e-01,9.960584619999509615e-01,-8.969800258001330295e-01
6.594295287449999705e+02,9.889850130000470418e-01,-9.124025657999940142e-01,9.889850130000470418e-01,-9.124025657999940142e-01
6.614074987709999505e+02,9.962610839999680445e-01,-9.256491558002150066e-01,9.962610839999680445e-01,-9.256491558002150066e-01
6.634000209390000009e+02,1.002706535000019938e+00,-9.130739537998809885e-01,1.002706535000019938e+00,-9.130739537998809885e-01
6.654054340090000323e+02,1.006071588999990052e+00,-9.157639558000599811e-01,1.006071588999990052e+00,-9.157639558000599811e-01
6.674175771870000062e+02,1.000738285999940080e+00,-9.310731078001599492e-01,1.000738285999940080e+00,-9.310731078001599492e-01
6.694190537590000076e+02,9.915972960000659642e-01,-9.349894738001010008e-01,9.915972960000659642e-01,-9.349894738001010008e-01
6.714022483510000257e+02,9.968293989999780225e-01,-9.169335267999370043e-01,9.968293989999780225e-01,-9.169335267999370043e-01
6.733959071489999815e+02,9.939768830000159650e-01,-9.242727648000369500e-01,9.939768830000159650e-01,-9.242727648000369500e-01
6.753838609150000138e+02,9.954046499999550379e-01,-9.369493648002279462e-01,9.954046499999550379e-01,-9.369493648002279462e-01
6.773746702150000374e+02,9.949337400000789478e-01,-9.294623608000169845e-01,9.949337400000789478e-01,-9.294623608000169845e-01
6.793645376949999672e+02,9.992249109999420398e-01,-9.230236677999530404e-01,9.992249109999420398e-01,-9.230236677999530404e-01
6.813629875169999650e+02,9.989128650000229648e-01,-9.441050058001679846e-01,9.989128650000229648e-01,-9.441050058001679846e-01
6.833608132470000101e+02,1.005004087000030077e+00,-9.542501597999260010e-01,1.005004087000030077e+00,-9.542501597999260010e-01
6.853708214209999596e+02,1.000068104999970009e+00,-9.497018708000269926e-01,1.000068104999970009e+00,-9.497018708000269926e-01
6.873709576310000102e+02,9.950185710000030159e-01,-9.476850278001619499e-01,9.950185710000030159e-01,-9.476850278001619499e-01
6.893609947730000158e+02,1.000939798000050063e+00,-9.442202707998600397e-01,1.000939798000050063e+00,-9.442202707998600397e-01
6.913628743689999965e+02,1.005615826999930018e+00,-9.201036148000409920e-01,1.005615826999930018e+00,-9.201036148000409920e-01
6.933741060229999675e+02,9.984251419999740085e-01,-9.194459348000240118e-01,9.984251419999740085e-01,-9.194459348000240118e-01
6.953709563070000286e+02,9.971013710000989905e-01,-9.476016227998229624e-01,9.971013710000989905e-01,-9.476016227998229624e-01
6.973651590489999990e+02,9.965891659999780439e-01,-9.469216138000999816e-01,9.965891659999780439e-01,-9.469216138000999816e-01
6.993583373809999557e+02,1.002377564999960002e+00,-9.282956767999620551e-01,1.002377564999960002e+00,-9.282956767999620551e-01
7.013630925109999907e+02,9.988678859999710058e-01,-9.370081897999970044e-01,9.988678859999710058e-01,-9.370081897999970044e-01
7.033608282830000462e+02,9.956486780000090020e-01,-9.631277827998590002e-01,9.956486780000090020e-01,-9.631277827998590002e-01
7.053521256389999508e+02,9.990857669999969604e-01,-9.466408038000510006e-01,9.990857669999969604e-01,-9.466408038000510006e-01
7.073502971729999445e+02,9.979424350000269950e-01,-9.277510397998870451e-01,9.979424350000269950e-01,-9.277510397998870451e-01
7.093461820429999989e+02,1.006770490999999934e+00,-9.389909197998920209e-01,1.006770490999999934e+00,-9.389909197998920209e-01
7.113597230249999939e+02,1.010795615000060099e+00,-9.612387048000530232e-01,1.010795615000060099e+00,-9.612387048000530232e-01
7.133813142550000066e+02,1.012049481000020013e+00,-9.490425478001039972e-01,1.012049481000020013e+00,-9.490425478001039972e-01
7.154054132170000457e+02,1.000722138999889932e+00,-9.456859528001470006e-01,1.000722138999889932e+00,-9.456859528001470006e-01
7.174068574950000539e+02,9.904403910001069455e-01,-9.665857097999149827e-01,9.904403910001069455e-01,-9.665857097999149827e-01
7.193877382770000395e+02,9.950783649998700131e-01,-9.606388397999130468e-01,9.950783649998700131e-01,-9.606388397999130468e-01
7.213778950070000064e+02,1.003119670000049979e+00,-9.241739168001570359e-01,1.003119670000049979e+00,-9.241739168001570359e-01
7.233841343469999856e+02,9.996678770000360092e-01,-9.237941758001400050e-01,9.996678770000360092e-01,-9.237941758001400050e-01
7.253834701009999435e+02,9.986290960000020478e-01,-9.428464747999779627e-01,9.986290960000020478e-01,-9.428464747999779627e-01
7.273807282929999474e+02,1.000654342999949931e+00,-9.430467568000150402e-01,1.000654342999949931e+00,-9.430467568000150402e-01
7.293820369789999631e+02,1.005444146000000094e+00,-9.440174108002570286e-01,1.005444146000000094e+00,-9.440174108002570286e-01
7.313929252709999673e+02,9.975010230000409539e-01,-9.724334567998199619e-01,9.975010230000409539e-01,-9.724334567998199619e-01
7.333879273170000488e+02,9.943652029999729969e-01,-9.857517678002519768e-01,9.943652029999729969e-01,-9.857517678002519768e-01
7.353766577229999939e+02,1.000724490999969962e+00,-9.593915788001939893e-01,1.000724490999969962e+00,-9.593915788001939893e-01
7.373781067050000502e+02,1.001135163000010042e+00,-9.452803218001120111e-01,1.001135163000010042e+00,-9.452803218001120111e-01
7.393803770309999663e+02,1.002864511000040038e+00,-9.631068078001590038e-01,1.002864511000040038e+00,-9.631068078001590038e-01
7.413861060530000486e+02,1.004820296999979989e+00,-9.537840908001840035e-01,1.004820296999979989e+00,-9.537840908001840035e-01
7.433957466470000099e+02,1.001379412999940044e+00,-9.252497227999469942e-01,1.001379412999940044e+00,-9.252497227999469942e-01
7.453985054730000002e+02,9.959304280000650378e-01,-9.340832898000139828e-01,9.959304280000650378e-01,-9.340832898000139828e-01
7.473903663290000168e+02,9.944364400000149651e-01,-9.625627807998849983e-01,9.944364400000149651e-01,-9.625627807998849983e-01
7.493792392090000476e+02,9.966189969999850184e-01,-9.562410627998469970e-01,9.966189969999850184e-01,-9.562410627998469970e-01
7.513724772030000167e+02,1.006741547999979947e+00,-9.386558297998699452e-01,1.006741547999979947e+00,-9.386558297998699452e-01
7.533859602989999757e+02,1.003247349999980109e+00,-9.598911348002729937e-01,1.003247349999980109e+00,-9.598911348002729937e-01
7.553924549990000514e+02,9.895162720000030276e-01,-9.815289608002329969e-01,9.895162720000030276e-01,-9.815289608002329969e-01
7.573714875429999438e+02,9.982293330000400200e-01,-9.607447137998970099e-01,9.982293330000400200e-01,-9.607447137998970099e-01
7.593679462090000243e+02,1.000836356999970089e+00,-9.469431478002550140e-01,1.000836356999970089e+00,-9.469431478002550140e-01
7.613696189229999618e+02,1.003105076999990075e+00,-9.718434327998579647e-01,1.003105076999990075e+00,-9.718434327998579647e-01
7.633758290770000485e+02,9.931957240000319764e-01,-9.884964748002289525e-01,9.931957240000319764e-01,-9.884964748002289525e-01
7.653622205249999979e+02,1.000711251000039992e+00,-9.562565477999099839e-01,1.000711251000039992e+00,-9.562565477999099839e-01
7.673636430269999664e+02,1.005430018000029957e+00,-9.241353078002699784e-01,1.005430018000029957e+00,-9.241353078002699784e-01
7.693745030630000201e+02,1.004360496999940011e+00,-9.345131468002709774e-01,1.004360496999940011e+00,-9.345131468002709774e-01
7.713832240570000067e+02,9.961617709999469605e-01,-9.600551428000589915e-01,9.961617709999469605e-01,-9.600551428000589915e-01
7.733755475990000150e+02,9.964324110000579715e-01,-9.615423157998750359e-01,9.964324110000579715e-01,-9.615423157998750359e-01
7.753684124210000164e+02,9.975002460000159665e-01,-9.549679057998899934e-01,9.975002460000159665e-01,-9.549679057998899934e-01
7.773634129130000474e+02,1.000381816000019963e+00,-9.682615208002399720e-01,1.000381816000019963e+00,-9.682615208002399720e-01
7.793641765449999639e+02,1.000911410000010049e+00,-9.772337817998389964e-01,1.000911410000010049e+00,-9.772337817998389964e-01
7.813659993649999933e+02,9.979437879999299987e-01,-9.521222858002720280e-01,9.979437879999299987e-01,-9.521222858002720280e-01
7.833618869409999661e+02,1.001123144000019893e+00,-9.283193997999890090e-01,1.001123144000019893e+00,-9.283193997999890090e-01
7.853641332290000037e+02,9.968877289999800162e-01,-9.281747108000220070e-01,9.968877289999800162e-01,-9.281747108000220070e-01
7.873579086869999628e+02,1.000268375000020082e+00,-9.375530208000669719e-01,1.000268375000020082e+00,-9.375530208000669719e-01
7.893584454370000003e+02,1.002978839999969951e+00,-9.425494498001399934e-01,1.002978839999969951e+00,-9.425494498001399934e-01
7.913644031170000517e+02,1.005929760000070061e+00,-9.372307888000359632e-01,1.005929760000070061e+00,-9.372307888000359632e-01
7.933762626369999680e+02,9.992127809999830079e-01,-9.475692688000659780e-01,9.992127809999830079e-01,-9.475692688000659780e-01
7.953746881990000475e+02,1.000554162999949925e+00,-9.506759037998340212e-01,1.000554162999949925e+00,-9.506759037998340212e-01
7.973757965250000552e+02,1.003221203000070005e+00,-9.305956067999550108e-01,1.003221203000070005e+00,-9.305956067999550108e-01
7.993822389309999608e+02,1.002577612999909995e+00,-9.162240508002239547e-01,1.002577612999909995e+00,-9.162240508002239547e-01
8.013873941570000170e+02,9.911809210000229742e-01,-9.319427797998970364e-01,9.911809210000229742e-01,-9.319427797998970364e-01
8.033697559989999490e+02,9.919824870000299999e-01,-9.519393658002289760e-01,9.919824870000299999e-01,-9.519393658002289760e-01
8.053537209730000086e+02,1.004576268999979982e+00,-9.298329478000370019e-01,1.004576268999979982e+00,-9.298329478000370019e-01
8.073628735109999752e+02,1.004473604999990055e+00,-9.102985547999079552e-01,1.004473604999990055e+00,-9.102985547999079552e-01
8.093718207209999491e+02,1.009793890000030059e+00,-9.398057988001370378e-01,1.009793890000030059e+00,-9.398057988001370378e-01
8.113914085010000008e+02,1.001740232999960067e+00,-9.627029018000140548e-01,1.001740232999960067e+00,-9.627029018000140548e-01
8.133948889670000426e+02,9.943500550000410332e-01,-9.315330638000890451e-01,9.943500550000410332e-01,-9.315330638000890451e-01
8.153835890770000105e+02,9.967015870000179856e-01,-9.221880177999539629e-01,9.967015870000179856e-01,-9.221880177999539629e-01
8.173769922510000470e+02,1.005072992999940018e+00,-9.425912627999080140e-01,1.005072992999940018e+00,-9.425912627999080140e-01
8.193871382370000447e+02,1.002936102000089980e+00,-9.580073568000669892e-01,1.002936102000089980e+00,-9.580073568000669892e-01
8.213930104410000013e+02,1.005233542999919960e+00,-9.336485928001819756e-01,1.005233542999919960e+00,-9.336485928001819756e-01
8.234034775269999500e+02,1.006128365000050096e+00,-9.020480098002959801e-01,1.006128365000050096e+00,-9.020480098002959801e-01
8.254157342570000537e+02,1.003560283999999969e+00,-9.193468417998359454e-01,1.003560283999999969e+00,-9.193468417998359454e-01
8.274228548249999449e+02,9.961034410000589867e-01,-9.519490758003139597e-01,9.961034410000589867e-01,-9.519490758003139597e-01
8.294150617069999498e+02,9.939518459999020505e-01,-9.513971768000719642e-01,9.939518459999020505e-01,-9.513971768000719642e-01
8.314029653989999815e+02,1.000124881000030053e+00,-9.280996748002510177e-01,1.000124881000030053e+00,-9.280996748002510177e-01
8.334032151610000483e+02,1.015997997999990021e+00,-9.280725118002810525e-01,1.015997997999990021e+00,-9.280725118002810525e-01
8.354352111570000261e+02,1.011294357999990012e+00,-9.402343637999589498e-01,1.011294357999990012e+00,-9.402343637999589498e-01
8.374577998729999990e+02,9.930112470000269642e-01,-9.279670958000000303e-01,9.930112470000269642e-01,-9.279670958000000303e-01
8.394438223670000525e+02,9.983277370000109840e-01,-9.068050238001319485e-01,9.983277370000109840e-01,-9.068050238001319485e-01
8.414404778409999608e+02,9.951168640000109811e-01,-9.139979608002020139e-01,9.951168640000109811e-01,-9.139979608002020139e-01
8.434307115689999819e+02,1.001366727999990047e+00,-9.315241788000889755e-01,1.001366727999990047e+00,-9.315241788000889755e-01
8.454334450249999691e+02,9.949786079999399790e-01,-9.223654028001530003e-01,9.949786079999399790e-01,-9.223654028001530003e-01
8.474234022409999625e+02,1.004089655999959918e+00,-8.999487427999499634e-01,1.004089655999959918e+00,-8.999487427999499634e-01
8.494315815530000009e+02,1.002435007000090028e+00,-8.984601637998249624e-01,1.002435007000090028e+00,-8.984601637998249624e-01
8.514364515669999491e+02,9.958325789999089572e-01,-9.091835247998569791e-01,9.958325789999089572e-01,-9.091835247998569791e-01
8.534281167249999953e+02,9.937506670000290088e-01,-9.166861527999119463e-01,9.937506670000290088e-01,-9.166861527999119463e-01
8.554156180590000531e+02,9.936078390001059635e-01,-9.214322567998469715e-01,9.936078390001059635e-01,-9.214322567998469715e-01
8.574028337370000372e+02,1.006615199999939980e+00,-9.211759368001819492e-01,1.006615199999939980e+00,-9.211759368001819492e-01
8.594160641370000349e+02,1.003234442999940024e+00,-9.204360108001879981e-01,1.003234442999940024e+00,-9.204360108001879981e-01
8.614225330230000282e+02,1.003092169999999950e+00,-9.240744378001299886e-01,1.003092169999999950e+00,-9.240744378001299886e-01
8.634287173630000325e+02,1.000696768999999930e+00,-9.227280807999139745e-01,1.000696768999999930e+00,-9.227280807999139745e-01
8.654301109010000346e+02,9.961318290000350517e-01,-9.076431518000730447e-01,9.961318290000350517e-01,-9.076431518000730447e-01
8.674223745589999908e+02,1.000166842000060008e+00,-9.080860928001469601e-01,1.000166842000060008e+00,-9.080860928001469601e-01
8.694227082429999882e+02,1.003790405999889890e+00,-9.270743367999330076e-01,1.003790405999889890e+00,-9.270743367999330076e-01
8.714302890550000029e+02,9.988142390000690485e-01,-9.326454447997889474e-01,9.988142390000690485e-01,-9.326454447997889474e-01
8.734279175330000271e+02,9.929387680000449912e-01,-9.217890397998760310e-01,9.929387680000449912e-01,-9.217890397998760310e-01
8.754137950690000025e+02,9.950334759999459600e-01,-9.156347907998569902e-01,9.950334759999459600e-01,-9.156347907998569902e-01
8.774038620210000090e+02,9.930652269999310500e-01,-9.302329367999959686e-01,9.930652269999310500e-01,-9.302329367999959686e-01
8.793899924749999855e+02,9.938648850000499912e-01,-9.460574467999549597e-01,9.938648850000499912e-01,-9.460574467999549597e-01
8.813777222449999726e+02,1.000297873000079996e+00,-9.548040788001800339e-01,1.000297873000079996e+00,-9.548040788001800339e-01
8.833783179910000172e+02,9.983000149999270434e-01,-9.608306278001349510e-01,9.983000149999270434e-01,-9.608306278001349510e-01
8.853749180209999849e+02,1.003233887999950058e+00,-9.670498927999919836e-01,1.003233887999950058e+00,-9.670498927999919836e-01
8.873813857970000072e+02,1.001281009000019928e+00,-9.706706797999800074e-01,1.001281009000019928e+00,-9.706706797999800074e-01
8.893839478150000559e+02,9.958026370000540028e-01,-9.585097438002779802e-01,9.958026370000540028e-01,-9.585097438002779802e-01
8.913755530890000500e+02,1.002892343999969960e+00,-9.649681398001349608e-01,1.002892343999969960e+00,-9.649681398001349608e-01
8.933813377769999988e+02,1.008241239000029932e+00,-9.566226227998979592e-01,1.008241239000029932e+00,-9.566226227998979592e-01
8.953978202550000560e+02,9.991833939999420489e-01,-9.426688608000399761e-01,9.991833939999420489e-01,-9.426688608000399761e-01
8.973961870430000545e+02,9.978857700000389741e-01,-9.447489038000189687e-01,9.978857700000389741e-01,-9.447489038000189687e-01
8.993919585830000187e+02,9.966880139999150234e-01,-9.540026318001080252e-01,9.966880139999150234e-01,-9.540026318001080252e-01
9.013853346109999620e+02,9.919960600000190531e-01,-9.563853098000549835e-01,9.919960600000190531e-01,-9.563853098000549835e-01
9.033693267310000010e+02,1.001980466000079950e+00,-9.522994587999850102e-01,1.001980466000079950e+00,-9.522994587999850102e-01
9.053732876630000419e+02,9.908692079999920077e-01,-9.470947957998989697e-01,9.908692079999920077e-01,-9.470947957998989697e-01
9.073550260790000266e+02,9.647816739999940383e-01,-9.561657818002230469e-01,9.647816739999940383e-01,-9.561657818002230469e-01
9.092845894270000144e+02,9.345333339999799538e-01,-9.812012187999810120e-01,9.345333339999799538e-01,-9.812012187999810120e-01
9.111536560949999739e+02,9.204981009999639863e-01,-9.816982127999269725e-01,9.204981009999639863e-01,-9.816982127999269725e-01
9.129946522970000160e+02,8.827294400001050034e-01,-9.817626907999400521e-01,8.827294400001050034e-01,-9.817626907999400521e-01
9.147601111769999989e+02,8.493285569999780016e-01,-9.921034367998230463e-01,8.493285569999780016e-01,-9.921034367998230463e-01
9.164587682909999558e+02,8.103935249999949519e-01,-9.902780928001110317e-01,8.103935249999949519e-01,-9.902780928001110317e-01
9.180795553409999457e+02,7.609137739999030092e-01,-9.929480627998259479e-01,7.609137739999030092e-01,-9.929480627998259479e-01
9.196013828889999786e+02,7.092851130001349702e-01,-1.034246987800029993e+00,7.092851130001349702e-01,-1.034246987800029993e+00
9.210199531150000212e+02,6.759710799999539832e-01,-1.056428834800100081e+00,6.759710799999539832e-01,-1.056428834800100081e+00
9.223718952750000426e+02,6.270213669999410433e-01,-1.034396929799979992e+00,6.270213669999410433e-01,-1.034396929799979992e+00
9.236259380090000377e+02,5.818925810000340482e-01,-1.016924334800020091e+00,5.818925810000340482e-01,-1.016924334800020091e+00
9.247897231709999915e+02,5.246251300000609463e-01,-1.032600559799899953e+00,5.246251300000609463e-01,-1.032600559799899953e+00
9.258389734309999994e+02,4.806715469999859880e-01,-1.059714141799869891e+00,4.806715469999859880e-01,-1.059714141799869891e+00
9.268003165249999711e+02,4.161979620000120228e-01,-1.020780903799960004e+00,4.161979620000120228e-01,-1.020780903799960004e+00
9.276327124489999960e+02,3.180709459999209732e-01,-9.162574928001849806e-01,3.180709459999209732e-01,-9.162574928001849806e-01
9.282688543409999511e+02,2.147620119999940069e-01,-8.830500737998929761e-01,2.147620119999940069e-01,-8.830500737998929761e-01
9.286983783650000532e+02,1.434068810000329874e-01,-9.677151938002449549e-01,1.434068810000329874e-01,-9.677151938002449549e-01
9.289851921270000048e+02,1.151290309999809941e-01,-1.061533066799940084e+00,1.151290309999809941e-01,-1.061533066799940084e+00
9.292154501889999665e+02,1.150856270000420040e-01,-1.094571590800230032e+00,1.150856270000420040e-01,-1.094571590800230032e+00
9.294456214430000500e+02,1.136278279999489993e-01,-1.108548843800239991e+00,1.136278279999489993e-01,-1.108548843800239991e+00
9.296728770989999475e+02,6.691824600000019496e-02,-1.106556838800260012e+00,6.691824600000019496e-02,-1.106556838800260012e+00
9.298067135909999479e+02,0.000000000000000000e+00,-1.064789902800159949e+00,0.000000000000000000e+00,-1.064789902800159949e+00
9.298711802569999918e+02,0.000000000000000000e+00,-1.000966026800200082e+00,0.000000000000000000e+00,-1.000966026800200082e+00
9.298969672509999782e+02,0.000000000000000000e+00,-9.614073748001029651e-01,0.000000000000000000e+00,-9.614073748001029651e-01
9.299690757289999965e+02,0.000000000000000000e+00,-9.612581108000309849e-01,0.000000000000000000e+00,-9.612581108000309849e-01
9.300532829090000178e+02,0.000000000000000000e+00,-9.624886267998820077e-01,0.000000000000000000e+00,-9.624886267998820077e-01
9.301258248870000216e+02,0.000000000000000000e+00,-9.523798278000870088e-01,0.000000000000000000e+00,-9.523798278000870088e-01
9.301529241670000374e+02,0.000000000000000000e+00,-9.358048078001389714e-01,0.000000000000000000e+00,-9.358048078001389714e-01
9.301508421649999718e+02,0.000000000000000000e+00,-9.168822307999560106e-01,0.000000000000000000e+00,-9.168822307999560106e-01
9.301200065670000185e+02,0.000000000000000000e+00,-9.206459357999390303e-01,0.000000000000000000e+00,-9.206459357999390303e-01
9.300750501070000382e+02,0.000000000000000000e+00,-9.402366178002240504e-01,0.000000000000000000e+00,-9.402366178002240504e-01
9.300429006269999945e+02,0.000000000000000000e+00,-9.560770967999020487e-01,0.000000000000000000e+00,-9.560770967999020487e-01
9.300320313989999477e+02,0.000000000000000000e+00,-9.586831817998130445e-01,0.000000000000000000e+00,-9.586831817998130445e-01
9.300367066510000313e+02,0.000000000000000000e+00,-9.704003217999570552e-01,0.000000000000000000e+00,-9.704003217999570552e-01
9.300535080150000340e+02,0.000000000000000000e+00,-9.664362347998010083e-01,0.000000000000000000e+00,-9.664362347998010083e-01
9.300616379670000242e+02,0.000000000000000000e+00,-9.509406677999550084e-01,0.000000000000000000e+00,-9.509406677999550084e-01
9.300576738790000491e+02,0.000000000000000000e+00,-9.341394088001490070e-01,0.000000000000000000e+00,-9.341394088001490070e-01
9.300700854250000020e+02,0.000000000000000000e+00,-9.234570777999240310e-01,0.000000000000000000e+00,-9.234570777999240310e-01
9.300985555429999749e+02,0.000000000000000000e+00,-9.308887537998770112e-01,0.000000000000000000e+00,-9.308887537998770112e-01
9.301120177569999896e+02,0.000000000000000000e+00,-9.561588058002139512e-01,0.000000000000000000e+00,-9.561588058002139512e-01
9.300990393390000008e+02,0.000000000000000000e+00,-9.569068488002020478e-01,0.000000000000000000e+00,-9.569068488002020478e-01
9.300604171510000242e+02,0.000000000000000000e+00,-9.470923948001089832e-01,0.000000000000000000e+00,-9.470923948001089832e-01
9.300139462270000195e+02,0.000000000000000000e+00,-9.577053717998750271e-01,0.000000000000000000e+00,-9.577053717998750271e-01
9.300121756949999963e+02,0.000000000000000000e+00,-9.617846178001629998e-01,0.000000000000000000e+00,-9.617846178001629998e-01
9.300155994330000340e+02,0.000000000000000000e+00,-9.515764697999880006e-01,0.000000000000000000e+00,-9.515764697999880006e-01
9.300835527450000200e+02,0.000000000000000000e+00,-9.488082738002390215e-01,0.000000000000000000e+00,-9.488082738002390215e-01
9.300943609790000437e+02,0.000000000000000000e+00,-9.451403168000640509e-01,0.000000000000000000e+00,-9.451403168000640509e-01
9.301086797589999833e+02,0.000000000000000000e+00,-9.503254827999400023e-01,0.000000000000000000e+00,-9.503254827999400023e-01
9.301032339030000458e+02,0.000000000000000000e+00,-9.426552858001290280e-01,0.000000000000000000e+00,-9.426552858001290280e-01
9.300857503390000147e+02,0.000000000000000000e+00,-9.346671808000910353e-01,0.000000000000000000e+00,-9.346671808000910353e-01
9.300892577769999434e+02,0.000000000000000000e+00,-9.434709118001479711e-01,0.000000000000000000e+00,-9.434709118001479711e-01
9.300813841149999917e+02,0.000000000000000000e+00,-9.459130558000770073e-01,0.000000000000000000e+00,-9.459130558000770073e-01
9.300886000589999867e+02,0.000000000000000000e+00,-9.494969507999829750e-01,0.000000000000000000e+00,-9.494969507999829750e-01
9.300540541789999907e+02,0.000000000000000000e+00,-9.584522678000549911e-01,0.000000000000000000e+00,-9.584522678000549911e-01
9.300465213950000134e+02,0.000000000000000000e+00,-9.668669797998750148e-01,0.000000000000000000e+00,-9.668669797998750148e-01
9.300327447829999983e+02,0.000000000000000000e+00,-9.536343428001150535e-01,0.000000000000000000e+00,-9.536343428001150535e-01
9.300525412690000167e+02,0.000000000000000000e+00,-9.494992587999599998e-01,0.000000000000000000e+00,-9.494992587999599998e-01
9.300798148730000321e+02,0.000000000000000000e+00,-9.359722627998510180e-01,0.000000000000000000e+00,-9.359722627998510180e-01
9.301189240070000324e+02,0.000000000000000000e+00,-9.367691017999959513e-01,0.000000000000000000e+00,-9.367691017999959513e-01
9.301141612390000546e+02,0.000000000000000000e+00,-9.410652087998979676e-01,0.000000000000000000e+00,-9.410652087998979676e-01
9.300984720229999994e+02,0.000000000000000000e+00,-9.469655047999480102e-01,0.000000000000000000e+00,-9.469655047999480102e-01
9.300704598869999700e+02,0.000000000000000000e+00,-9.475525248002439893e-01,0.000000000000000000e+00,-9.475525248002439893e-01
9.300567654210000228e+02,0.000000000000000000e+00,-9.533070707998949622e-01,0.000000000000000000e+00,-9.533070707998949622e-01
9.300646370849999585e+02,0.000000000000000000e+00,-9.508331747999250183e-01,0.000000000000000000e+00,-9.508331747999250183e-01
9.300707415470000115e+02,0.000000000000000000e+00,-9.524914447999319744e-01,0.000000000000000000e+00,-9.524914447999319744e-01
9.300690291229999502e+02,0.000000000000000000e+00,-9.575866988000709679e-01,0.000000000000000000e+00,-9.575866988000709679e-01
9.300581610049999881e+02,0.000000000000000000e+00,-9.602104237999919967e-01,0.000000000000000000e+00,-9.602104237999919967e-01
9.300638105929999710e+02,0.000000000000000000e+00,-9.538993898001419947e-01,0.000000000000000000e+00,-9.538993898001419947e-01
9.300815551089999644e+02,0.000000000000000000e+00,-9.489081598002260254e-01,0.000000000000000000e+00,-9.489081598002260254e-01
9.301092826990000049e+02,0.000000000000000000e+00,-9.433363557998289961e-01,0.000000000000000000e+00,-9.433363557998289961e-01
9.301151596129999461e+02,0.000000000000000000e+00,-9.410082097999179496e-01,0.000000000000000000e+00,-9.410082097999179496e-01
9.301011819330000208e+02,0.000000000000000000e+00,-9.417991397999120329e-01,0.000000000000000000e+00,-9.417991397999120329e-01
9.300786737610000046e+02,0.000000000000000000e+00,-9.510723648000980468e-01,0.000000000000000000e+00,-9.510723648000980468e-01
9.300591602670000384e+02,0.000000000000000000e+00,-9.601675367999289445e-01,0.000000000000000000e+00,-9.601675367999289445e-01
9.300560502609999958e+02,0.000000000000000000e+00,-9.583276858000999709e-01,0.000000000000000000e+00,-9.583276858000999709e-01
9.300677457589999904e+02,0.000000000000000000e+00,-9.526518577999349979e-01,0.000000000000000000e+00,-9.526518577999349979e-01
9.300775589490000357e+02,0.000000000000000000e+00,-9.490938198002250026e-01,0.000000000000000000e+00,-9.490938198002250026e-01
9.300885991710000553e+02,0.000000000000000000e+00,-9.494828387999519892e-01,0.000000000000000000e+00,-9.494828387999519892e-01
9.300896558749999485e+02,0.000000000000000000e+00,-9.504453758001429886e-01,0.000000000000000000e+00,-9.504453758001429886e-01
9.300898277569999664e+02,0.000000000000000000e+00,-9.534545917999249776e-01,0.000000000000000000e+00,-9.534545917999249776e-01
9.300927663249999569e+02,0.000000000000000000e+00,-9.522922828001010309e-01,0.000000000000000000e+00,-9.522922828001010309e-01
9.300985849090000102e+02,0.000000000000000000e+00,-9.489446007999620125e-01,0.000000000000000000e+00,-9.489446007999620125e-01
9.300995253969999794e+02,0.000000000000000000e+00,-9.478751218002230416e-01,0.000000000000000000e+00,-9.478751218002230416e-01
9.300877147930000319e+02,0.000000000000000000e+00,-9.515365737998989770e-01,0.000000000000000000e+00,-9.515365737998989770e-01
9.300718536949999589e+02,0.000000000000000000e+00,-9.544276537998830356e-01,0.000000000000000000e+00,-9.544276537998830356e-01
9.300580470090000063e+02,0.000000000000000000e+00,-9.582136878000819813e-01,0.000000000000000000e+00,-9.582136878000819813e-01
9.300630965430000288e+02,0.000000000000000000e+00,-9.589376448002440156e-01,0.000000000000000000e+00,-9.589376448002440156e-01
9.300828941390000182e+02,0.000000000000000000e+00,-9.548202008000430396e-01,0.000000000000000000e+00,-9.548202008000430396e-01
9.301006384329999719e+02,0.000000000000000000e+00,-9.498254428001470240e-01,0.000000000000000000e+00,-9.498254428001470240e-01
9.301055171949999476e+02,0.000000000000000000e+00,-9.475578238001960418e-01,0.000000000000000000e+00,-9.475578238001960418e-01
9.300994701749999649e+02,0.000000000000000000e+00,-9.469049777999889450e-01,0.000000000000000000e+00,-9.469049777999889450e-01
9.300917105089999950e+02,0.000000000000000000e+00,-9.513438577999410173e-01,0.000000000000000000e+00,-9.513438577999410173e-01
9.301067431169999509e+02,0.000000000000000000e+00,-9.514872408001340265e-01,0.000000000000000000e+00,-9.514872408001340265e-01
9.301018645770000148e+02,0.000000000000000000e+00,-9.537583878000650550e-01,0.000000000000000000e+00,-9.537583878000650550e-01
9.301022624529999803e+02,0.000000000000000000e+00,-9.607293238001940461e-01,0.000000000000000000e+00,-9.607293238001940461e-01
9.300683740690000150e+02,0.000000000000000000e+00,-9.636550737998850202e-01,0.000000000000000000e+00,-9.636550737998850202e-01
9.300788714569999911e+02,0.000000000000000000e+00,-9.720809797998980484e-01,0.000000000000000000e+00,-9.720809797998980484e-01
9.301017487630000460e+02,0.000000000000000000e+00,-9.868185297999619854e-01,0.000000000000000000e+00,-9.868185297999619854e-01
9.301899202529999684e+02,6.117121100004400264e-02,-1.004853832800109981e+00,6.117121100004400264e-02,-1.004853832800109981e+00
9.303122626750000563e+02,6.767578999995289835e-02,-1.024916417800110002e+00,6.767578999995289835e-02,-1.024916417800110002e+00
9.304476142549999622e+02,8.434778800005919563e-02,-1.027222872799939957e+00,8.434778800005919563e-02,-1.027222872799939957e+00
9.306163098309999668e+02,8.839794899995470634e-02,-1.034615768800219993e+00,8.839794899995470634e-02,-1.034615768800219993e+00
9.307931057289999899e+02,1.161246510000070037e-01,-1.043538824799949971e+00,1.161246510000070037e-01,-1.043538824799949971e+00
9.310253550310000037e+02,1.295618489999700029e-01,-1.041290048799969892e+00,1.295618489999700029e-01,-1.041290048799969892e+00
9.312844787290000568e+02,1.567879000000400036e-01,-1.018522172800149894e+00,1.567879000000400036e-01,-1.018522172800149894e+00
9.315980545290000236e+02,1.690095089999769928e-01,-1.019678701799880072e+00,1.690095089999769928e-01,-1.019678701799880072e+00
9.319360735469999781e+02,1.913149480000130020e-01,-1.045460653799979989e+00,1.913149480000130020e-01,-1.045460653799979989e+00
9.323187034430000040e+02,2.005293259999799960e-01,-1.080690369800209938e+00,2.005293259999799960e-01,-1.080690369800209938e+00
9.327197620949999646e+02,2.388964870000339913e-01,-1.087827697799979898e+00,2.388964870000339913e-01,-1.087827697799979898e+00
9.331975550690000318e+02,2.679623299999889796e-01,-1.070569383800149987e+00,2.679623299999889796e-01,-1.070569383800149987e+00
9.337334797290000097e+02,2.917083319999850266e-01,-1.053966847799810092e+00,2.917083319999850266e-01,-1.053966847799810092e+00
9.343168963929999791e+02,3.233734190000059905e-01,-1.044644342800209902e+00,3.233734190000059905e-01,-1.044644342800209902e+00
9.349636432309999918e+02,3.528401350000079928e-01,-1.021757253799820075e+00,3.528401350000079928e-01,-1.021757253799820075e+00
9.356693235010000080e+02,3.823336640000429831e-01,-1.013563070799990085e+00,3.823336640000429831e-01,-1.013563070799990085e+00
9.364339908289999812e+02,4.172741799998789802e-01,-1.056092343800230093e+00,4.172741799998789802e-01,-1.056092343800230093e+00
9.372685391889999664e+02,4.713273380001509749e-01,-1.129635644799920069e+00,4.713273380001509749e-01,-1.129635644799920069e+00
9.382111938650000411e+02,5.149612689999120141e-01,-1.166880399800219958e+00,5.149612689999120141e-01,-1.166880399800219958e+00
9.392411164029999782e+02,5.517449280000049638e-01,-1.101061799800159946e+00,5.517449280000049638e-01,-1.101061799800159946e+00
9.403446062589999883e+02,5.792398220000900544e-01,-1.008009338799980004e+00,5.792398220000900544e-01,-1.008009338799980004e+00
9.415030859030000556e+02,5.874535639999860503e-01,-9.658483537999129620e-01,5.874535639999860503e-01,-9.658483537999129620e-01
9.426779930310000282e+02,5.955008839998749970e-01,-9.658086227998979867e-01,5.955008839998749970e-01,-9.658086227998979867e-01
9.438689947990000064e+02,6.297453840000459824e-01,-9.669594837998829462e-01,6.297453840000459824e-01,-9.669594837998829462e-01
9.451284855669999843e+02,6.771935190000140103e-01,-9.922774678000789716e-01,6.771935190000140103e-01,-9.922774678000789716e-01
9.464828726050000114e+02,7.225209099999569951e-01,-1.048165232799870061e+00,7.225209099999569951e-01,-1.048165232799870061e+00
9.479279144250000400e+02,7.402656690000529727e-01,-1.077864529799910098e+00,7.402656690000529727e-01,-1.077864529799910098e+00
9.494084457630000315e+02,7.449712170000000189e-01,-1.062503320799919937e+00,7.449712170000000189e-01,-1.062503320799919937e+00
9.508983881970000311e+02,7.784858739999549471e-01,-1.036546105800079998e+00,7.784858739999549471e-01,-1.036546105800079998e+00
9.524553599450000547e+02,8.265632279999980403e-01,-1.026741396799879968e+00,8.265632279999980403e-01,-1.026741396799879968e+00
9.541084864010000501e+02,8.685404700000279865e-01,-1.034456022800100072e+00,8.685404700000279865e-01,-1.034456022800100072e+00
9.558455673409999918e+02,9.026434949999500024e-01,-1.021425933799950059e+00,9.026434949999500024e-01,-1.021425933799950059e+00
9.576508543310000050e+02,9.017709140000530477e-01,-9.925177778000030537e-01,9.017709140000530477e-01,-9.925177778000030537e-01
9.594543961589999981e+02,9.101572250000340425e-01,-9.856812107999529671e-01,9.101572250000340425e-01,-9.856812107999529671e-01
9.612747106089999534e+02,9.135266289999319778e-01,-9.919203958000939458e-01,9.135266289999319778e-01,-9.919203958000939458e-01
9.631017638670000451e+02,9.358162540000309892e-01,-9.758312207999320087e-01,9.358162540000309892e-01,-9.758312207999320087e-01
9.649733963749999930e+02,9.429596079999670311e-01,-9.861837848000619688e-01,9.429596079999670311e-01,-9.861837848000619688e-01
9.668593155910000405e+02,9.449434489999930520e-01,-1.018708433799929924e+00,9.449434489999930520e-01,-1.018708433799929924e+00
9.687492024890000266e+02,9.309250290000929962e-01,-1.033005687800260031e+00,9.309250290000929962e-01,-1.033005687800260031e+00
9.706110525469999857e+02,9.222511539999229679e-01,-1.029908202799850070e+00,9.222511539999229679e-01,-1.029908202799850070e+00
9.724555548549999457e+02,9.196690560000320147e-01,-1.038755243799869943e+00,9.196690560000320147e-01,-1.038755243799869943e+00
9.742948929670000098e+02,9.194855989999840551e-01,-1.044871007800169949e+00,9.194855989999840551e-01,-1.044871007800169949e+00
9.761338641649999772e+02,9.260047500000040399e-01,-1.027011276800180006e+00,9.260047500000040399e-01,-1.027011276800180006e+00
9.779858736649999855e+02,9.177300829999810450e-01,-1.009447734799890029e+00,9.177300829999810450e-01,-1.009447734799890029e+00
9.798213338309999472e+02,9.021425110000219627e-01,-1.017812926800159889e+00,9.021425110000219627e-01,-1.017812926800159889e+00
9.816256188529999918e+02,8.849869179999809710e-01,-1.023990423800110072e+00,8.849869179999809710e-01,-1.023990423800110072e+00
9.833955926889999546e+02,8.593706270000329717e-01,-1.008137447800210085e+00,8.593706270000329717e-01,-1.008137447800210085e+00
9.851143339430000196e+02,8.514809289999899500e-01,-1.007211195799869952e+00,8.514809289999899500e-01,-1.007211195799869952e+00
9.868172958010000002e+02,8.372193689999679611e-01,-1.028156150799869994e+00,8.372193689999679611e-01,-1.028156150799869994e+00
9.884917345390000492e+02,8.344391100000619899e-01,-1.040734565800049971e+00,8.344391100000619899e-01,-1.040734565800049971e+00
9.901606127589999460e+02,8.070397129999380414e-01,-1.043635463800000052e+00,8.070397129999380414e-01,-1.043635463800000052e+00
9.917746921850000490e+02,8.022330969999980077e-01,-1.051632762799949994e+00,8.022330969999980077e-01,-1.051632762799949994e+00
9.933791583790000459e+02,7.848340310000589959e-01,-1.049146892799849962e+00,7.848340310000589959e-01,-1.049146892799849962e+00
9.949488264410000511e+02,7.904967479999529534e-01,-1.033648164799900071e+00,7.904967479999529534e-01,-1.033648164799900071e+00
9.965298199369999566e+02,7.884846299999710428e-01,-1.023533823799819942e+00,7.884846299999710428e-01,-1.023533823799819942e+00
9.981067891970000119e+02,7.990816640000280024e-01,-1.030655565800030038e+00,7.990816640000280024e-01,-1.030655565800030038e+00
9.997049525249999533e+02,8.059851180000240367e-01,-1.040577328800170065e+00,8.059851180000240367e-01,-1.040577328800170065e+00
1.001316922761000001e+03,8.259399130000130151e-01,-1.046716585800139931e+00,8.259399130000130151e-01,-1.046716585800139931e+00
1.002968802587000027e+03,8.439954760000319967e-01,-1.032583539800040029e+00,8.439954760000319967e-01,-1.032583539800040029e+00
1.004656793538999977e+03,8.405286669999439964e-01,-1.019372465800070016e+00,8.405286669999439964e-01,-1.019372465800070016e+00
1.006337850872999979e+03,8.461054429999990134e-01,-1.007527000799939954e+00,8.461054429999990134e-01,-1.007527000799939954e+00
1.008030061758999977e+03,8.587397430000579535e-01,-9.980567067998999953e-01,8.587397430000579535e-01,-9.980567067998999953e-01
1.009747541244999979e+03,8.735582649999289462e-01,-1.010127980800060055e+00,8.735582649999289462e-01,-1.010127980800060055e+00
1.011494657774999951e+03,8.861117510000440234e-01,-1.032530227799949962e+00,8.861117510000440234e-01,-1.032530227799949962e+00
1.013266881277000039e+03,8.982060129999920317e-01,-1.038542012799889891e+00,8.982060129999920317e-01,-1.038542012799889891e+00
1.015063293303000023e+03,9.096862040000249783e-01,-1.047172237800229944e+00,9.096862040000249783e-01,-1.047172237800229944e+00
1.016882665710999959e+03,9.181026999999629679e-01,-1.054456205800079927e+00,9.181026999999629679e-01,-1.054456205800079927e+00
1.018718871110999999e+03,9.420064560000579457e-01,-1.040782111799960052e+00,9.420064560000579457e-01,-1.040782111799960052e+00
1.020602884023000001e+03,9.622874250000560403e-01,-1.022368273799939997e+00,9.622874250000560403e-01,-1.022368273799939997e+00
1.022527458873000000e+03,9.902267489998739514e-01,-1.012656523799819963e+00,9.902267489998739514e-01,-1.012656523799819963e+00
1.024507912370999975e+03,9.857627869998849546e-01,-1.016767972800040054e+00,9.857627869998849546e-01,-1.016767972800040054e+00
1.026479437944999972e+03,9.850638850001589564e-01,-1.022397836799999959e+00,9.850638850001589564e-01,-1.022397836799999959e+00
1.028449565715000062e+03,9.866900350000380460e-01,-1.021089067799830108e+00,9.866900350000380460e-01,-1.021089067799830108e+00
1.030422945784999911e+03,9.929927690000109886e-01,-1.006569990800239900e+00,9.929927690000109886e-01,-1.006569990800239900e+00
1.032408931322999933e+03,9.966306829999209693e-01,-1.002317221800129943e+00,9.966306829999209693e-01,-1.002317221800129943e+00
1.034402192689000003e+03,9.982708499999259910e-01,-1.002692579800229966e+00,9.982708499999259910e-01,-1.002692579800229966e+00
1.036398734389000083e+03,1.000710342000050046e+00,-1.007892308799849923e+00,1.000710342000050046e+00,-1.007892308799849923e+00
1.038400155072999951e+03,9.947774290001230035e-01,-1.010827946800080035e+00,9.947774290001230035e-01,-1.010827946800080035e+00
1.040389709930999970e+03,9.942783529998000525e-01,-1.016454892800249921e+00,9.942783529998000525e-01,-1.016454892800249921e+00
1.042378266637000024e+03,1.005843597000080081e+00,-1.022142365799940000e+00,1.005843597000080081e+00,-1.022142365799940000e+00
1.044389953830999957e+03,1.002778347999990105e+00,-1.029464573800279892e+00,1.002778347999990105e+00,-1.029464573800279892e+00
1.046395510526999942e+03,1.012235179000190000e+00,-1.017125584800059990e+00,1.012235179000190000e+00,-1.017125584800059990e+00
1.048419980885000086e+03,1.011135604999940041e+00,-1.002729942800220098e+00,1.011135604999940041e+00,-1.002729942800220098e+00
1.050442252094999958e+03,1.004616897999879965e+00,-1.002450697799929902e+00,1.004616897999879965e+00,-1.002450697799929902e+00
1.052451485890999948e+03,9.937075960000359975e-01,-1.001889375800030013e+00,9.937075960000359975e-01,-1.001889375800030013e+00
1.054438901083000019e+03,9.945484379999239843e-01,-9.875847928001919573e-01,9.945484379999239843e-01,-9.875847928001919573e-01
1.056427997959000095e+03,9.920945750000099705e-01,-9.851930428000630346e-01,9.920945750000099705e-01,-9.851930428000630346e-01
1.058412187108999888e+03,1.005545235000000037e+00,-1.002105222800139916e+00,1.005545235000000037e+00,-1.002105222800139916e+00
1.060423277578999887e+03,9.919250240000110352e-01,-1.016515341800070082e+00,9.919250240000110352e-01,-1.016515341800070082e+00
1.062407127626999909e+03,9.906413270001620530e-01,-1.027483177799870084e+00,9.906413270001620530e-01,-1.027483177799870084e+00
1.064388410281000006e+03,9.912976019999180100e-01,-1.028570747799850027e+00,9.912976019999180100e-01,-1.028570747799850027e+00
1.066371005485000069e+03,9.981566320000180292e-01,-1.017560375800200090e+00,9.981566320000180292e-01,-1.017560375800200090e+00
1.068367318749000106e+03,1.003817905999879967e+00,-1.018759576799989963e+00,1.003817905999879967e+00,-1.018759576799989963e+00
1.070374954561000095e+03,1.010964944000189991e+00,-1.025297300800050104e+00,1.010964944000189991e+00,-1.025297300800050104e+00
1.072396884449000027e+03,1.006472149999920074e+00,-1.019038431799969890e+00,1.006472149999920074e+00,-1.019038431799969890e+00
1.074409828749000098e+03,1.002763199999890054e+00,-1.013289025799910092e+00,1.002763199999890054e+00,-1.013289025799910092e+00
1.076415355149000106e+03,9.980149140001229879e-01,-1.017965179800059961e+00,9.980149140001229879e-01,-1.017965179800059961e+00
1.078411384976999898e+03,9.945211599999770336e-01,-1.014197236800159940e+00,9.945211599999770336e-01,-1.014197236800159940e+00
1.080400427297000078e+03,9.897119700000299725e-01,-1.010845926799849970e+00,9.897119700000299725e-01,-1.010845926799849970e+00
1.082379851236999912e+03,9.934500849999490235e-01,-1.032015405799880048e+00,9.934500849999490235e-01,-1.032015405799880048e+00
1.084366751407000038e+03,9.915829249999890127e-01,-1.043778860799930097e+00,9.915829249999890127e-01,-1.043778860799930097e+00
1.086349917257000016e+03,9.717291079998630066e-01,-1.042762752799939907e+00,9.717291079998630066e-01,-1.042762752799939907e+00
1.088293375472999969e+03,9.604175800001260033e-01,-1.048009492799959919e+00,9.604175800001260033e-01,-1.048009492799959919e+00
1.090214210632999993e+03,9.404931919999629519e-01,-1.060518609800229939e+00,9.404931919999629519e-01,-1.060518609800229939e+00
1.092095197016999919e+03,9.382692290000700375e-01,-1.059273271800009963e+00,9.382692290000700375e-01,-1.059273271800009963e+00
1.093971735475000060e+03,9.354169350000349770e-01,-1.050293681799989942e+00,9.354169350000349770e-01,-1.050293681799989942e+00
1.095842569344999902e+03,9.324921619999030353e-01,-1.046658509800010073e+00,9.324921619999030353e-01,-1.046658509800010073e+00
1.097707553668999935e+03,9.052219089999200552e-01,-1.063375578800110022e+00,9.052219089999200552e-01,-1.063375578800110022e+00
