Time,Var1,Var2,Var3,Var4,Var5,Var6,TapeEdgeLeft,TapeEdgeRight,TapeWidthAfterCompaction,TapeWidthAfterCompaction_Rotated
2023-07-26 13:39:09.245,3544887,3545339,55.2703096923828,55.274309773763,57.2373778076172,57.2413778889974,-3.198,3.062,6.26,6.26020774415674
2023-07-26 13:39:09.254,3544890,3545342,55.2833538004557,55.2873538411458,57.2504219156901,57.2544219563802,-3.134,3.099,6.233,6.23318481997767
2023-07-26 13:39:09.263,3544892,3545344,55.2920498453776,55.2960498860677,57.2591179199219,57.2631179199219,-3.083,3.162,6.245,6.24526932966065
2023-07-26 13:39:09.272,3544894,3545346,55.3007458902995,55.3047459716797,57.267813680013,57.2718137613932,-3.07,3.214,6.284,6.28413375096361
2023-07-26 13:39:09.284,3544896,3545348,55.3094419759115,55.3134420166016,57.276509765625,57.2805098063151,-3.07,3.239,6.309,6.30909708278451
2023-07-26 13:39:09.293,3544899,3545351,55.3224857177734,55.3264857584635,57.2895538330078,57.2935538736979,-2.993,3.328,6.321,6.32118224701677
2023-07-26 13:39:09.302,3544901,3545353,55.3311817626953,55.3351818440755,57.2982602945964,57.3022603759766,-2.981,3.353,6.334,6.33409125289492
2023-07-26 13:39:09.314,3544903,3545355,55.3398778483073,55.3438778889974,57.3069459635417,57.3109460042318,-2.981,3.379,6.36,6.36027365763455
2023-07-26 13:39:09.323,3544906,3545358,55.3529219156901,55.3569219970703,57.3199897054036,57.3239897460938,-2.956,3.405,6.361,6.36107553798884
2023-07-26 13:39:09.332,3544908,3545360,55.3616180013021,55.3656180419922,57.3286857503255,57.3326858317057,-2.969,3.419,6.388,6.38806582621062
2023-07-26 13:39:09.345,3544910,3545362,55.3703137207031,55.3743137613932,57.3373818359375,57.3413818766276,-2.981,3.404,6.385,6.38525441936341
2023-07-26 13:39:09.354,3544913,3545365,55.3833577880859,55.3873578694662,57.3504259033203,57.3544259847005,-2.968,3.404,6.372,6.37219616772742
2023-07-26 13:39:09.367,3544915,3545367,55.3920538736979,55.396053914388,57.3591218261719,57.3631218261719,-2.955,3.392,6.347,6.34713896176852
2023-07-26 13:39:09.376,3544918,3545370,55.4050979410807,55.4090979817708,57.3721657307943,57.3761657714844,-3.004,3.365,6.369,6.36909075143383
2023-07-26 13:39:09.385,3544920,3545372,55.4137938232422,55.4177938232422,57.3808617757161,57.3848618570964,-2.99,3.326,6.316,6.31609697518966
2023-07-26 13:39:09.397,3544922,3545374,55.4224897460938,55.4264897867839,57.3895578613281,57.3935579020182,-3.03,3.289,6.319,6.31924813565665
2023-07-26 13:39:09.406,3544925,3545377,55.4355338134766,55.4395338541667,57.4026019287109,57.406601969401,-3.029,3.3,6.329,6.32909132498497
2023-07-26 13:39:09.415,3544927,3545379,55.4442298583984,55.4482299397786,57.411297648112,57.4152977294922,-3.03,3.275,6.305,6.30513988742518
2023-07-26 13:39:09.428,3544929,3545381,55.4529259440104,55.4569259847005,57.419993733724,57.4239937744141,-2.98,3.314,6.294,6.29437820598667
2023-07-26 13:39:09.437,3544932,3545384,55.4659696858724,55.4699697265625,57.4330378011068,57.4370378417969,-2.954,3.327,6.281,6.28108668941928
2023-07-26 13:39:09.446,3544934,3545386,55.4746657307943,55.4786658121745,57.4417338460286,57.4457339274089,-2.93,3.366,6.296,6.29622307419297
2023-07-26 13:39:09.458,3544936,3545388,55.4833618164063,55.4873618570964,57.4504299316406,57.4544299723307,-2.93,3.391,6.321,6.32125699525023
2023-07-26 13:39:09.467,3544939,3545391,55.4964058837891,55.5004059651693,57.4634736735026,57.4674737141927,-2.93,3.418,6.348,6.34804536845792
2023-07-26 13:39:09.476,3544941,3545393,55.505101969401,55.5091020100911,57.4721697184245,57.4761697998047,-2.942,3.392,6.334,6.33409125289492
2023-07-26 13:39:09.489,3544943,3545395,55.5137977294922,55.5177977294922,57.4808658040365,57.4848658447266,-2.943,3.353,6.296,6.29635648609575
2023-07-26 13:39:09.498,3544946,3545398,55.5268417561849,55.5308418375651,57.4939098714193,57.4979099527995,-2.93,3.367,6.297,6.29704962661086
2023-07-26 13:39:09.506,3544948,3545400,55.5355378417969,55.539537882487,57.5026059570312,57.5066059977214,-2.955,3.353,6.308,6.30811445679293
2023-07-26 13:39:09.518,3544950,3545402,55.5442338867188,55.5482339274089,57.5113016764323,57.5153017171224,-3.019,3.314,6.333,6.33326558735697
2023-07-26 13:39:09.527,3544953,3545405,55.5572779541016,55.5612780354818,57.5243457438151,57.5283458251953,-3.006,3.315,6.321,6.32124805714821
2023-07-26 13:39:09.540,3544955,3545407,55.5659737141927,55.5699737548828,57.5330418294271,57.5370418701172,-3.016,3.314,6.33,6.33022187604826
2023-07-26 13:39:09.549,3544958,3545410,55.5790177815755,55.5830178222656,57.5460858968099,57.5500859375,-3.016,3.315,6.331,6.33103822449367
2023-07-26 13:39:09.562,3544960,3545412,55.5877138264974,55.5917139078776,57.5547819417318,57.5587819824219,-3.016,3.326,6.342,6.34215964794328
2023-07-26 13:39:09.571,3544963,3545415,55.6007579345703,55.6047579752604,57.5678257242838,57.571825764974,-3.015,3.364,6.379,6.37905714036173
2023-07-26 13:39:09.584,3544965,3545417,55.6094539794922,55.6134539794922,57.5765217692057,57.5805218098958,-3.028,3.351,6.379,6.37912541027373
2023-07-26 13:39:09.593,3544968,3545420,55.6224977620443,55.6264978027344,57.5895658772786,57.5935659179687,-3.003,3.351,6.354,6.35407082113506
2023-07-26 13:39:09.606,3544970,3545422,55.6311938069661,55.6351938476563,57.5982619222005,57.6022619628906,-3.003,3.351,6.354,6.35419672342618
2023-07-26 13:39:09.615,3544973,3545425,55.644237874349,55.6482379557292,57.6113056640625,57.6153057454427,-3.041,3.35,6.391,6.39129110587211
2023-07-26 13:39:09.628,3544975,3545427,55.6529339599609,55.656934000651,57.6200017496745,57.6240017903646,-3.028,3.325,6.353,6.35306618885716
2023-07-26 13:39:09.637,3544978,3545430,55.6659777018229,55.669977742513,57.6330458170573,57.6370458577474,-3.014,3.324,6.338,6.33833329827329
2023-07-26 13:39:09.649,3544980,3545432,55.6746737467448,55.678673828125,57.6417418619792,57.6457419433594,-3.014,3.287,6.301,6.30120639242995
2023-07-26 13:39:09.658,3544983,3545435,55.6877178548177,55.6917178955078,57.6547858886719,57.6587858886719,-2.963,3.311,6.274,6.2741686301852
2023-07-26 13:39:09.671,3544985,3545437,55.6964138997396,55.7004139811198,57.6634816894531,57.6674817301432,-2.988,3.273,6.261,6.2611408704804
2023-07-26 13:39:09.680,3544988,3545440,55.7094578857422,55.7134578857422,57.676525797526,57.6805258382161,-2.99,3.299,6.289,6.289315543046
2023-07-26 13:39:09.693,3544990,3545442,55.7181537272135,55.7221537679036,57.6852218424479,57.689221883138,-2.963,3.324,6.287,6.287223393518
2023-07-26 13:39:09.702,3544993,3545445,55.731208211263,55.7352082926432,57.6982659098307,57.7022659912109,-2.951,3.349,6.3,6.30022293256358
2023-07-26 13:39:09.715,3544995,3545447,55.7398938802083,55.7438939208984,57.7069616699219,57.710961710612,-2.937,3.362,6.299,6.29920645795961
2023-07-26 13:39:09.724,3544998,3545450,55.7529379475911,55.7569380289714,57.7200057373047,57.7240057779948,-3.001,3.31,6.311,6.31130454026741
2023-07-26 13:39:09.737,3545000,3545452,55.7616336669922,55.7656337483724,57.7287017822266,57.7327018636068,-2.987,3.336,6.323,6.32325691396451
2023-07-26 13:39:09.746,3545003,3545455,55.7746777750651,55.7786778157552,57.7417458902995,57.7457459309896,-3.001,3.323,6.324,6.32417464970726
2023-07-26 13:39:09.758,3545005,3545457,55.783373819987,55.7873739013672,57.7504419352214,57.7544420166016,-3.027,3.311,6.338,6.33839766818082
2023-07-26 13:39:09.768,3545008,3545460,55.7964179280599,55.80041796875,57.7634857177734,57.7674857584635,-3,3.311,6.311,6.31116764156998
2023-07-26 13:39:09.780,3545010,3545462,55.8051139729818,55.8091140136719,57.7721817626953,57.7761818033854,-2.987,3.337,6.324,6.3240494147342
2023-07-26 13:39:09.789,3545013,3545465,55.8181577148437,55.822157796224,57.7852258300781,57.7892259114583,-2.975,3.323,6.298,6.29819847257928
2023-07-26 13:39:09.801,3545015,3545467,55.8268538004557,55.8308538411458,57.7939219156901,57.7979219563802,-2.937,3.362,6.299,6.29940013017113
2023-07-26 13:39:09.810,3545018,3545470,55.8398978678385,55.8438979492187,57.8069656575521,57.8109656982422,-2.961,3.361,6.322,6.32229428293242
2023-07-26 13:39:09.823,3545020,3545472,55.8485939534505,55.8525939941406,57.815661702474,57.8196617838542,-2.95,3.399,6.349,6.34932256228962
2023-07-26 13:39:09.832,3545023,3545475,55.8616376953125,55.8656377360026,57.8287058105469,57.832705851237,-2.987,3.373,6.36,6.36033214541505
2023-07-26 13:39:09.845,3545025,3545477,55.8703337402344,55.8743338216146,57.8374018554687,57.841401936849,-2.962,3.398,6.36,6.36028301257106
2023-07-26 13:39:09.858,3545028,3545480,55.8833778483073,55.8873778889974,57.8504459635417,57.8544460042318,-2.987,3.362,6.349,6.34910206249671
2023-07-26 13:39:09.867,3545031,3545483,55.8964219156901,55.9004219970703,57.8634897054036,57.8674897460938,-3.011,3.36,6.371,6.37121220804958
2023-07-26 13:39:09.880,3545033,3545485,55.9051180013021,55.9091180419922,57.8721857503255,57.8761858317057,-2.974,3.398,6.372,6.37209612294102
2023-07-26 13:39:09.889,3545036,3545488,55.9181617431641,55.9221617838542,57.8852298583984,57.8892298990885,-3.011,3.347,6.358,6.35819659966566
2023-07-26 13:39:09.901,3545038,3545490,55.9268577880859,55.9308578694662,57.8939259033203,57.8979259847005,-3.01,3.322,6.332,6.33204935230293
2023-07-26 13:39:09.911,3545041,3545493,55.9399018961589,55.943901936849,57.9069696858724,57.9109697265625,-2.934,3.385,6.319,6.31924813565665
2023-07-26 13:39:09.923,3545043,3545495,55.9485979410807,55.9525979817708,57.9156657307943,57.9196657714844,-2.96,3.335,6.295,6.2951270837053
2023-07-26 13:39:09.936,3545046,3545498,55.9616416829427,55.9656417643229,57.9287097981771,57.9327098795573,-2.923,3.385,6.308,6.30822264984362
2023-07-26 13:39:09.949,3545049,3545501,55.9746857910156,55.9786858317057,57.94175390625,57.9457539469401,-2.947,3.333,6.28,6.28016122404513
2023-07-26 13:39:09.963,3545052,3545504,55.9877298583984,55.9917299397786,57.954797648112,57.9587977294922,-2.933,3.307,6.24,6.24026954546036
2023-07-26 13:39:09.972,3545055,3545507,56.0007739664713,56.0047740071615,57.9678417561849,57.971841796875,-2.946,3.32,6.266,6.26620754523819
2023-07-26 13:39:09.984,3545057,3545509,56.0094696858724,56.0134697265625,57.9765378011068,57.9805378417969,-2.921,3.345,6.266,6.26636896455994
2023-07-26 13:39:09.997,3545060,3545512,56.0225137939453,56.0265138346354,57.9895819091797,57.9935819498698,-2.907,3.334,6.241,6.24114132190579
2023-07-26 13:39:10.007,3545063,3545515,56.0355578613281,56.0395579020182,58.0026257324219,58.0066257324219,-2.908,3.345,6.253,6.25308188016117
2023-07-26 13:39:10.019,3545065,3545517,56.04425390625,56.0482539876302,58.0113216959635,58.0153217773438,-2.896,3.358,6.254,6.25436967247699
2023-07-26 13:39:10.032,3545068,3545520,56.0572977294922,56.0612977294922,58.0243658040365,58.0283658447266,-2.921,3.333,6.254,6.25419986888811
2023-07-26 13:39:10.045,3545071,3545523,56.0703417561849,56.0743418375651,58.0374098714193,58.0414099527995,-2.908,3.321,6.229,6.22920877800704
2023-07-26 13:39:10.059,3545074,3545526,56.0833858642578,56.0873859049479,58.0504538574219,58.0544538574219,-2.883,3.32,6.203,6.20326188388013
2023-07-26 13:39:10.071,3545077,3545529,56.0964299316406,56.1004300130208,58.0634977213542,58.0674977620443,-2.908,3.346,6.254,6.25426894209067
2023-07-26 13:39:10.084,3545080,3545532,56.1094737141927,56.1134737548828,58.0765418294271,58.0805418701172,-2.934,3.345,6.279,6.27942433667291
2023-07-26 13:39:10.097,3545083,3545535,56.1225177815755,56.1265178222656,58.0895858968099,58.0935859375,-2.946,3.32,6.266,6.26620754523819
2023-07-26 13:39:10.110,3545086,3545538,56.1355618896484,56.1395619303385,58.1026296386719,58.1066297200521,-2.933,3.332,6.265,6.26509776460033
2023-07-26 13:39:10.123,3545089,3545541,56.1486059570313,56.1526059977214,58.1156737467448,58.1196737874349,-2.92,3.319,6.239,6.23930805458426
2023-07-26 13:39:10.136,3545092,3545544,56.1616496988932,56.1656497802734,58.1287178141276,58.1327178955078,-2.855,3.396,6.251,6.2511155004527
2023-07-26 13:39:10.149,3545095,3545547,56.1746938069661,56.1786938476562,58.1417619222005,58.1457619628906,-2.87,3.434,6.304,6.30407622098591
2023-07-26 13:39:10.162,3545098,3545550,56.187737874349,56.1917379557292,58.1548056640625,58.1588057454427,-2.858,3.46,6.318,6.31823939084299
2023-07-26 13:39:10.175,3545101,3545553,56.2007819824219,56.204782023112,58.1678497721354,58.1718498128255,-2.857,3.447,6.304,6.30413332663579
2023-07-26 13:39:10.188,3545104,3545556,56.2138257242839,56.2178258056641,58.1808938395182,58.1848939208984,-2.794,3.485,6.279,6.27905805037666
2023-07-26 13:39:10.202,3545107,3545559,56.2268698323568,56.2308698730469,58.1939379475911,58.1979379882813,-2.731,3.511,6.242,6.24215507657412
2023-07-26 13:39:10.215,3545110,3545562,56.2399138997396,56.2439139811198,58.2069816894531,58.2109817301432,-2.718,3.473,6.191,6.19103561611464
2023-07-26 13:39:10.228,3545113,3545565,56.2529578857422,56.2569578857422,58.220025797526,58.2240258382161,-2.743,3.46,6.203,6.20310446470152
2023-07-26 13:39:10.241,3545116,3545568,56.2660017496745,56.2700017903646,58.2330698649088,58.237069905599,-2.667,3.523,6.19,6.19010468409057
2023-07-26 13:39:10.254,3545119,3545571,56.2790458577474,56.2830458984375,58.2461139729818,58.2501140136719,-2.642,3.548,6.19,6.19021009336517
2023-07-26 13:39:10.267,3545122,3545574,56.2920899251302,56.2960899658203,58.2591577148437,58.2631577555339,-2.616,3.561,6.177,6.17712951135072
2023-07-26 13:39:10.280,3545125,3545577,56.3051336669922,56.3091337483724,58.2722017822266,58.2762018636068,-2.604,3.549,6.153,6.15315025007516
2023-07-26 13:39:10.292,3545128,3545580,56.3181777750651,56.3221778157552,58.2852458902995,58.2892459309896,-2.693,3.51,6.203,6.20327115319007
2023-07-26 13:39:10.306,3545131,3545583,56.3312218424479,56.3352219238281,58.2982897949219,58.3022897949219,-2.705,3.548,6.253,6.25323316373218
2023-07-26 13:39:10.319,3545134,3545586,56.3442659505208,56.3482659912109,58.3113337402344,58.3153337809245,-2.794,3.472,6.266,6.26634758052887
2023-07-26 13:39:10.332,3545137,3545589,56.3573096923828,56.361309773763,58.3243778076172,58.3283778889974,-2.768,3.548,6.316,6.31612040733867
2023-07-26 13:39:10.345,3545140,3545592,56.3703538004557,56.3743538411458,58.3374219156901,58.3414219563802,-2.691,3.586,6.277,6.27724095443213
2023-07-26 13:39:10.358,3545143,3545595,56.3833978678385,56.3873979492188,58.3504656575521,58.3544656982422,-2.705,3.573,6.278,6.27824091605284
2023-07-26 13:39:10.371,3545146,3545598,56.3964419759115,56.4004420166016,58.363509765625,58.3675098063151,-2.717,3.547,6.264,6.26411526075311
2023-07-26 13:39:10.384,3545149,3545601,56.4094857177734,56.4134857584635,58.3765538330078,58.3805538736979,-2.704,3.572,6.276,6.27630623854509
2023-07-26 13:39:10.397,3545152,3545604,56.4225298258464,56.4265298665365,58.3895979410807,58.3935979817708,-2.703,3.586,6.289,6.28910303620477
2023-07-26 13:39:10.410,3545155,3545607,56.4355738932292,56.4395739339193,58.4026416829427,58.4066417236328,-2.653,3.623,6.276,6.27610324962871
2023-07-26 13:39:10.423,3545158,3545610,56.4486180013021,56.4526180419922,58.4156857503255,58.4196858317057,-2.666,3.586,6.252,6.25218425832125
2023-07-26 13:39:10.436,3545161,3545613,56.4616617431641,56.4656617838542,58.4287298583984,58.4327298990885,-2.665,3.535,6.2,6.20009878953553
2023-07-26 13:39:10.449,3545164,3545616,56.4747058105469,56.4787058919271,58.4417739257812,58.4457740071615,-2.64,3.56,6.2,6.20014225643251
2023-07-26 13:39:10.462,3545167,3545619,56.4877603352865,56.4917603759766,58.4548177083333,58.4588177490234,-2.678,3.521,6.199,6.19928076473392
2023-07-26 13:39:10.475,3545170,3545622,56.5007938232422,56.5047938232422,58.4678617757161,58.4718618570964,-2.69,3.496,6.186,6.18611065209797
2023-07-26 13:39:10.488,3545173,3545625,56.5138377685547,56.5178378092448,58.4809058837891,58.4849059244792,-2.64,3.547,6.187,6.18721019523339
2023-07-26 13:39:10.501,3545176,3545628,56.5268818359375,56.5308819173177,58.4939499511719,58.4979499511719,-2.652,3.521,6.173,6.17313615595833
2023-07-26 13:39:10.515,3545179,3545631,56.5399259440104,56.5439259847005,58.506993733724,58.5109937744141,-2.665,3.546,6.211,6.21120125257587
2023-07-26 13:39:10.528,3545182,3545634,56.5529696858724,56.5569697265625,58.5200378011068,58.5240378417969,-2.678,3.586,6.264,6.26415453193805
2023-07-26 13:39:10.541,3545185,3545637,56.5660137939453,56.5700138346354,58.5330819091797,58.5370819498698,-2.728,3.572,6.3,6.30028570780723
2023-07-26 13:39:10.554,3545188,3545640,56.5790578613281,56.5830579020182,58.5461257324219,58.5501257324219,-2.654,3.611,6.265,6.26531675176922
2023-07-26 13:39:10.567,3545191,3545643,56.592101969401,56.5961020100911,58.5591697184245,58.5631697998047,-2.589,3.61,6.199,6.1990678331504
2023-07-26 13:39:10.580,3545194,3545646,56.6051561279297,56.6091561686198,58.5722138264974,58.5762138671875,-2.589,3.611,6.2,6.20009878953553
2023-07-26 13:39:10.593,3545197,3545649,56.6181897786458,56.622189860026,58.5852578938802,58.5892579752604,-2.564,3.61,6.174,6.17438555647442
2023-07-26 13:39:10.606,3545200,3545652,56.6312338867187,56.6352339274089,58.5983016764323,58.6023017171224,-2.564,3.634,6.198,6.19840665009969
2023-07-26 13:39:10.619,3545203,3545655,56.6442779541016,56.6482780354818,58.6113457438151,58.6153458251953,-2.589,3.647,6.236,6.23622522043584
2023-07-26 13:39:10.632,3545206,3545658,56.6573217366536,56.6613217773438,58.624389851888,58.6283898925781,-2.639,3.672,6.311,6.31118253578519
2023-07-26 13:39:10.645,3545209,3545661,56.6703658040365,56.6743658854167,58.6374339192708,58.641434000651,-2.651,3.646,6.297,6.29722303876876
2023-07-26 13:39:10.659,3545212,3545664,56.6834099121094,56.6874099527995,58.6504777018229,58.654477742513,-2.663,3.621,6.284,6.28425850836835
2023-07-26 13:39:10.672,3545215,3545667,56.6964539794922,56.7004539794922,58.6635217692057,58.6675218098958,-2.689,3.621,6.31,6.31019025069768
2023-07-26 13:39:10.685,3545218,3545670,56.7094977620443,56.7134978027344,58.6765658772786,58.6805659179687,-2.701,3.609,6.31,6.31016766813688
2023-07-26 13:39:10.697,3545221,3545673,56.7225418294271,56.7265418701172,58.6896099446615,58.6936099853516,-2.726,3.647,6.373,6.37313839485696
2023-07-26 13:39:10.710,3545224,3545676,56.7355859375,56.7395859781901,58.7026536865234,58.7066537679036,-2.726,3.634,6.36,6.36011352099945
2023-07-26 13:39:10.723,3545227,3545679,56.7486297607422,56.7526297607422,58.715708211263,58.7197082519531,-2.69,3.646,6.336,6.33640907770324
2023-07-26 13:39:10.736,3545230,3545682,56.7616737467448,56.765673828125,58.7287418619792,58.7327419433594,-2.753,3.584,6.337,6.33731315306416
2023-07-26 13:39:10.749,3545233,3545685,56.7747178548177,56.7787178955078,58.7417858886719,58.7457858886719,-2.69,3.609,6.299,6.29952077542411
2023-07-26 13:39:10.762,3545236,3545688,56.7877619222005,56.7917620035807,58.7548297119141,58.7588297932943,-2.701,3.571,6.272,6.27219140332946
2023-07-26 13:39:10.775,3545239,3545691,56.8008057047526,56.8048057454427,58.767873819987,58.7718738606771,-2.702,3.635,6.337,6.33725634640102
2023-07-26 13:39:10.788,3545242,3545694,56.8138497721354,56.8178498535156,58.7809178873698,58.78491796875,-2.703,3.621,6.324,6.32437641194766
2023-07-26 13:39:10.802,3545245,3545697,56.8268938802083,56.8308939208984,58.7939616699219,58.797961710612,-2.703,3.634,6.337,6.33740901315356
2023-07-26 13:39:10.815,3545248,3545700,56.8399379475911,56.8439380289714,58.8070057373047,58.8110057779948,-2.741,3.647,6.388,6.38833068962464
2023-07-26 13:39:10.828,3545251,3545703,56.8529817301432,56.8569817708333,58.8200498453776,58.8240498860677,-2.691,3.698,6.389,6.3893306378681
2023-07-26 13:39:10.841,3545254,3545706,56.866025797526,56.8700258382161,58.8330939127604,58.8370939534505,-2.665,3.66,6.325,6.32529414335808
2023-07-26 13:39:10.854,3545257,3545709,56.879069905599,56.8830699462891,58.8461376546224,58.8501377360026,-2.702,3.636,6.338,6.33813915909078
2023-07-26 13:39:10.867,3545260,3545712,56.8921139729818,56.8961140136719,58.8591817626953,58.8631818033854,-2.691,3.647,6.338,6.33845564786881
2023-07-26 13:39:10.880,3545263,3545715,56.9051577148437,56.909157796224,58.8722258300781,58.8762259114583,-2.64,3.686,6.326,6.32640972432232
2023-07-26 13:39:10.892,3545266,3545718,56.9182018229167,56.9222018636068,58.885269938151,58.8892699788411,-2.677,3.66,6.337,6.33729358638212
2023-07-26 13:39:10.906,3545269,3545721,56.9312458902995,56.9352459716797,58.898313680013,58.9023137613932,-2.677,3.647,6.324,6.32429418986815
2023-07-26 13:39:10.919,3545272,3545724,56.9442899169922,56.9482899169922,58.9113577880859,58.915357828776,-2.664,3.646,6.31,6.31028525504196
2023-07-26 13:39:10.932,3545275,3545727,56.9573337402344,56.9613338216146,58.9244018554687,58.928401936849,-2.675,3.621,6.296,6.29622307419297
2023-07-26 13:39:10.945,3545278,3545730,56.9703778483073,56.9743778889974,58.9374459635417,58.9414460042318,-2.664,3.635,6.299,6.29913343246514
2023-07-26 13:39:10.958,3545281,3545733,56.9834219156901,56.9874219970703,58.9504897054036,58.9544897460937,-2.651,3.596,6.247,6.24728813166161
2023-07-26 13:39:10.971,3545284,3545736,56.9964656982422,57.0004657389323,58.9635338134766,58.9675338541667,-2.653,3.609,6.262,6.26251099799433
2023-07-26 13:39:10.984,3545287,3545739,57.009509765625,57.0135098063151,58.9765778808594,58.9805779215495,-2.664,3.597,6.261,6.2610718730901
2023-07-26 13:39:10.997,3545290,3545742,57.0225538736979,57.026553914388,58.9896218261719,58.9936218261719,-2.702,3.559,6.261,6.26153695189927
2023-07-26 13:39:11.011,3545293,3545745,57.0355979410807,57.0395979817708,59.0026657307943,59.0066657714844,-2.777,3.508,6.285,6.2853571099819
2023-07-26 13:39:11.024,3545296,3545748,57.0486416829427,57.0526417643229,59.0157097981771,59.0197098795573,-2.802,3.481,6.283,6.28333621573762
2023-07-26 13:39:11.037,3545299,3545751,57.0616857910156,57.0656858317057,59.02875390625,59.0327539469401,-2.866,3.443,6.309,6.30937730683465
2023-07-26 13:39:11.050,3545302,3545754,57.0747298583984,57.0787299397786,59.041797648112,59.0457977294922,-2.878,3.456,6.334,6.33459746155981
2023-07-26 13:39:11.063,3545305,3545757,57.0877739664714,57.0917740071615,59.0548417561849,59.058841796875,-2.866,3.456,6.322,6.32228471361422
2023-07-26 13:39:11.076,3545308,3545760,57.1008177083333,57.1048177897135,59.0678858235677,59.0718859049479,-2.815,3.455,6.27,6.27064589974589
2023-07-26 13:39:11.088,3545311,3545763,57.1138618164063,57.1178618570964,59.0809299316406,59.0849299723307,-2.802,3.443,6.245,6.24545034405046
2023-07-26 13:39:11.101,3545314,3545766,57.1269058837891,57.1309059651693,59.0939736735026,59.0979737141927,-2.775,3.455,6.23,6.23018490897341
2023-07-26 13:39:11.114,3545317,3545769,57.139949991862,57.1439500325521,59.1070177815755,59.1110178222656,-2.8,3.455,6.255,6.25521614334789
2023-07-26 13:39:11.127,3545320,3545772,57.152993733724,57.1569937744141,59.1200618489583,59.1240618896484,-2.763,3.48,6.243,6.24348724672358
2023-07-26 13:39:11.140,3545323,3545775,57.1660378417969,57.170037882487,59.1331059570313,59.1371059977214,-2.762,3.454,6.216,6.21624331891859
2023-07-26 13:39:11.154,3545326,3545778,57.1790819091797,57.1830819498698,59.1461496988932,59.1501497395833,-2.774,3.455,6.229,6.22928896423982
2023-07-26 13:39:11.167,3545329,3545781,57.1921258544922,57.1961258544922,59.159193766276,59.1631938476563,-2.813,3.466,6.279,6.2793901773978
2023-07-26 13:39:11.180,3545332,3545784,57.2051697591146,57.2091697998047,59.172237874349,59.1762379150391,-2.737,3.492,6.229,6.22934964502716
2023-07-26 13:39:11.193,3545335,3545787,57.2182138264974,57.2222139078776,59.1852819417318,59.1892819824219,-2.699,3.517,6.216,6.21651477919903
2023-07-26 13:39:11.206,3545338,3545790,57.2312579345703,57.2352579752604,59.1983257242839,59.202325764974,-2.738,3.467,6.205,6.20545324694337
2023-07-26 13:39:11.219,3545341,3545793,57.2443016764323,57.2483017578125,59.2113697916667,59.2153698730469,-2.737,3.455,6.192,6.19239565919362
2023-07-26 13:39:11.232,3545344,3545796,57.2573457845052,57.2613458251953,59.2244138997396,59.2284139404297,-2.763,3.441,6.204,6.20446548866218
2023-07-26 13:39:11.245,3545347,3545799,57.270389851888,57.2743899332682,59.2374577636719,59.2414577636719,-2.799,3.415,6.214,6.21441710862733
2023-07-26 13:39:11.258,3545350,3545802,57.2834339599609,57.287434000651,59.2505017496745,59.2545017903646,-2.888,3.416,6.304,6.30428552652876
2023-07-26 13:39:11.271,3545353,3545805,57.2964777018229,57.300477742513,59.2635458170573,59.2675458577474,-2.9,3.39,6.29,6.29041206917321
2023-07-26 13:39:11.284,3545356,3545808,57.3095218098958,57.3135218505859,59.2765899251302,59.2805899658203,-2.9,3.378,6.278,6.27847218676646
2023-07-26 13:39:11.297,3545359,3545811,57.3225658772786,57.3265659179688,59.2896336669922,59.2936337076823,-2.889,3.391,6.28,6.28024083933092
2023-07-26 13:39:11.310,3545362,3545814,57.3356099853516,57.3396100260417,59.302677734375,59.3066778157552,-2.914,3.365,6.279,6.27949695437461
2023-07-26 13:39:11.324,3545365,3545817,57.3486537272135,57.3526537679036,59.3157218424479,59.319721883138,-2.876,3.353,6.229,6.22955295346303
2023-07-26 13:39:11.337,3545368,3545820,57.361708211263,57.3657082926432,59.3287659098307,59.3327659912109,-2.863,3.404,6.267,6.26733707406902
2023-07-26 13:39:11.350,3545371,3545823,57.3747419026693,57.3787419433594,59.3418096923828,59.3458097330729,-2.888,3.364,6.252,6.25236979072735
2023-07-26 13:39:11.363,3545374,3545826,57.3877859700521,57.3917860107422,59.3548537597656,59.3588538411458,-2.912,3.39,6.302,6.30214669775308
2023-07-26 13:39:11.376,3545377,3545829,57.4008297526042,57.4048297932943,59.3678978678385,59.3718979085287,-2.887,3.414,6.301,6.30128566246603
2023-07-26 13:39:11.389,3545380,3545832,57.413873819987,57.4178739013672,59.3809419352214,59.3849420166016,-2.937,3.377,6.314,6.31433456509868
2023-07-26 13:39:11.402,3545383,3545835,57.4269179280599,57.43091796875,59.3939857177734,59.3979857584635,-2.974,3.377,6.351,6.35139685423608
2023-07-26 13:39:11.415,3545386,3545838,57.4399617919922,57.4439617919922,59.4070297851562,59.4110298258464,-3.001,3.351,6.352,6.35241946033163
2023-07-26 13:39:11.427,3545389,3545841,57.4530057779948,57.4570058186849,59.4200738932292,59.4240739339193,-3.013,3.352,6.365,6.3654779082171
2023-07-26 13:39:11.445,3545392,3545844,57.4660498453776,57.4700498860677,59.4331179199219,59.4371179199219,-3.039,3.389,6.428,6.42839210067339
2023-07-26 13:39:11.458,3545396,3545848,57.4834419759115,57.4874420166016,59.450509765625,59.4545098063151,-3.025,3.39,6.415,6.41519485284742
2023-07-26 13:39:11.472,3545399,3545851,57.4964857177734,57.5004857584635,59.4635538330078,59.4675538736979,-3.025,3.377,6.402,6.40216525872302
2023-07-26 13:39:11.485,3545402,3545854,57.5095298258464,57.5135298665365,59.4765979410807,59.4805979817708,-3.002,3.402,6.404,6.40436101418401
2023-07-26 13:39:11.498,3545405,3545857,57.5225738932292,57.5265739339193,59.4896416829427,59.4936417236328,-2.989,3.44,6.429,6.42930867201132
2023-07-26 13:39:11.511,3545408,3545860,57.5356180013021,57.5396180419922,59.5026857503255,59.5066858317057,-2.913,3.404,6.317,6.31716748234523
2023-07-26 13:39:11.523,3545411,3545863,57.5486617431641,57.5526617838542,59.5157298583984,59.5197298990885,-2.888,3.39,6.278,6.27844797700833
2023-07-26 13:39:11.536,3545414,3545866,57.5617058105469,57.5657058919271,59.5287739257813,59.5327740071615,-2.914,3.365,6.279,6.279368200703
2023-07-26 13:39:11.549,3545417,3545869,57.5747603352865,57.5787603759766,59.5418177083333,59.5458177490234,-2.914,3.377,6.291,6.29144705135472
2023-07-26 13:39:11.562,3545420,3545872,57.5877938232422,57.5917938232422,59.5548617757161,59.5588618570964,-2.914,3.377,6.291,6.29148352934346
2023-07-26 13:39:11.575,3545423,3545875,57.6008377685547,57.6048378092448,59.5679058837891,59.5719059244792,-2.964,3.34,6.304,6.30413332663579
2023-07-26 13:39:11.588,3545426,3545878,57.6138818359375,57.6178819173177,59.5809499511719,59.5849499511719,-2.951,3.378,6.329,6.32943259700267
2023-07-26 13:39:11.601,3545429,3545881,57.6269259440104,57.6309259847005,59.593993733724,59.5979937744141,-2.914,3.391,6.305,6.3053559772625
2023-07-26 13:39:11.615,3545432,3545884,57.6399696858724,57.6439697265625,59.6070378011068,59.6110378417969,-2.901,3.366,6.267,6.26725019446328
2023-07-26 13:39:11.628,3545435,3545887,57.6530137939453,57.6570138346354,59.6200819091797,59.6240819498698,-2.89,3.378,6.268,6.26839086209531
2023-07-26 13:39:11.641,3545438,3545890,57.6660578613281,57.6700579020182,59.6331257324219,59.6371257324219,-2.891,3.404,6.295,6.29558742294951
2023-07-26 13:39:11.654,3545441,3545893,57.679101969401,57.6831020100911,59.6461697184245,59.6501697998047,-2.928,3.404,6.332,6.33243239205915
2023-07-26 13:39:11.667,3545444,3545896,57.6921561279297,57.6961561686198,59.6592138264974,59.6632138671875,-2.927,3.366,6.293,6.29322318053317
2023-07-26 13:39:11.680,3545447,3545899,57.7051897786458,57.709189860026,59.6722578938802,59.6762579752604,-2.903,3.366,6.269,6.26953626674254
2023-07-26 13:39:11.693,3545450,3545902,57.7182338867187,57.7222339274089,59.6853016764323,59.6893017171224,-2.916,3.328,6.244,6.24453841368599
2023-07-26 13:39:11.706,3545453,3545905,57.7312779541016,57.7352780354818,59.6983457438151,59.7023458251953,-2.853,3.392,6.245,6.2456341551519
2023-07-26 13:39:11.719,3545456,3545908,57.7443217366536,57.7483217773437,59.711389851888,59.7153898925781,-2.866,3.392,6.258,6.2585241870588
2023-07-26 13:39:11.732,3545459,3545911,57.7573658040365,57.7613658854167,59.7244339192708,59.728434000651,-2.865,3.406,6.271,6.27117612573591
2023-07-26 13:39:11.745,3545462,3545914,57.7704099121094,57.7744099527995,59.7374777018229,59.741477742513,-2.853,3.418,6.271,6.2712500348814
2023-07-26 13:39:11.758,3545465,3545917,57.7834539794922,57.7874539794922,59.7505217692057,59.7545218098958,-2.854,3.431,6.285,6.28533610875345
2023-07-26 13:39:11.772,3545468,3545920,57.7964977620443,57.8004978027344,59.7635658772786,59.7675659179687,-2.827,3.405,6.232,6.23233896703316
2023-07-26 13:39:11.785,3545471,3545923,57.8095418294271,57.8135418701172,59.7766099446615,59.7806099853516,-2.739,3.468,6.207,6.20745310091023
2023-07-26 13:39:11.798,3545474,3545926,57.8225859375,57.8265859781901,59.7896536865234,59.7936537679036,-2.776,3.43,6.206,6.20631976295131
2023-07-26 13:39:11.811,3545477,3545929,57.8356297607422,57.8396297607422,59.802708211263,59.8067082519531,-2.789,3.43,6.219,6.21945222668363
2023-07-26 13:39:11.824,3545480,3545932,57.8486737467448,57.852673828125,59.8157418619792,59.8197419433594,-2.801,3.454,6.255,6.25549886100222
2023-07-26 13:39:11.837,3545483,3545935,57.8617178548177,57.8657178955078,59.8287858886719,59.8327858886719,-2.826,3.468,6.294,6.29424030364269
2023-07-26 13:39:11.850,3545486,3545938,57.8747619628906,57.8787620035807,59.8418297119141,59.8458297932943,-2.764,3.492,6.256,6.2566618096234
2023-07-26 13:39:11.862,3545489,3545941,57.8878057047526,57.8918057454427,59.854873819987,59.8588738606771,-2.698,3.53,6.228,6.22819275552708
2023-07-26 13:39:11.876,3545492,3545944,57.9008497721354,57.9048498535156,59.8679178873698,59.87191796875,-2.713,3.517,6.23,6.23062147783028
2023-07-26 13:39:11.888,3545495,3545947,57.9138938802083,57.9178939208984,59.8809616699219,59.884961710612,-2.673,3.556,6.229,6.22921704550419
2023-07-26 13:39:11.901,3545498,3545950,57.9269379475911,57.9309380289714,59.8940057373047,59.8980057779948,-2.699,3.542,6.241,6.24151271728257
2023-07-26 13:39:11.914,3545501,3545953,57.9399817301432,57.9439817708333,59.9070498453776,59.9110498860677,-2.699,3.581,6.28,6.28045985577489
2023-07-26 13:39:11.927,3545504,3545956,57.953025797526,57.9570258382161,59.9200939127604,59.9240939534505,-2.672,3.606,6.278,6.27840146852684
2023-07-26 13:39:11.941,3545507,3545959,57.966069905599,57.9700699462891,59.9331376546224,59.9371377360026,-2.647,3.618,6.265,6.26525929231983
2023-07-26 13:39:11.954,3545510,3545962,57.9791139729818,57.9831140136719,59.9461817626953,59.9501818033854,-2.635,3.643,6.278,6.27826791400303
2023-07-26 13:39:11.967,3545513,3545965,57.9921577148437,57.996157796224,59.9592258300781,59.9632259114583,-2.648,3.63,6.278,6.27848453052168
2023-07-26 13:39:11.980,3545516,3545968,58.0052018229167,58.0092018636068,59.972269938151,59.9762699788411,-2.659,3.63,6.289,6.28920678623306
2023-07-26 13:39:11.993,3545519,3545971,58.0182458902995,58.0222459716797,59.985313680013,59.9893137613932,-2.66,3.629,6.289,6.28956095447051
2023-07-26 13:39:12.006,3545522,3545974,58.0312899169922,58.0352899169922,59.9983577880859,60.002357828776,-2.71,3.606,6.316,6.31609151295324
2023-07-26 13:39:12.019,3545525,3545977,58.0443337402344,58.0483338216146,60.0114018554687,60.015401936849,-2.672,3.63,6.302,6.30235614671212
2023-07-26 13:39:12.032,3545528,3545980,58.0573778483073,58.0613778889974,60.0244459635417,60.0284460042318,-2.62,3.63,6.25,6.25012799868931
2023-07-26 13:39:12.045,3545531,3545983,58.0704219156901,58.0744219970703,60.0374897054036,60.0414897460938,-2.62,3.603,6.223,6.22346406754309
2023-07-26 13:39:12.058,3545534,3545986,58.0834656982422,58.0874657389323,60.0505338134766,60.0545338541667,-2.57,3.667,6.237,6.23740410747933
2023-07-26 13:39:12.071,3545537,3545989,58.096509765625,58.1005098063151,60.0635778808594,60.0675779215495,-2.569,3.654,6.223,6.22342815496411
2023-07-26 13:39:12.085,3545540,3545992,58.1095538736979,58.113553914388,60.0766218261719,60.0806218261719,-2.569,3.629,6.198,6.1981164880954
2023-07-26 13:39:12.098,3545543,3545995,58.1225979410807,58.1265979817708,60.0896657307943,60.0936657714844,-2.594,3.654,6.248,6.24846221081635
2023-07-26 13:39:12.111,3545546,3545998,58.1356416829427,58.1396417643229,60.1027097981771,60.1067098795573,-2.632,3.603,6.235,6.23534930857927
2023-07-26 13:39:12.124,3545549,3546001,58.1486857910156,58.1526858317057,60.11575390625,60.1197539469401,-2.581,3.677,6.258,6.25843750468118
2023-07-26 13:39:12.137,3545552,3546004,58.1617298583984,58.1657299397786,60.128797648112,60.1327977294922,-2.556,3.702,6.258,6.2584141761312
2023-07-26 13:39:12.150,3545555,3546007,58.1747739664714,58.1787740071615,60.1418417561849,60.145841796875,-2.581,3.653,6.234,6.23428873248585
2023-07-26 13:39:12.162,3545558,3546010,58.1878177083333,58.1918177897135,60.1548858235677,60.1588859049479,-2.605,3.651,6.256,6.25624176323134
2023-07-26 13:39:12.175,3545561,3546013,58.2008618164063,58.2048618570964,60.1679299316406,60.1719299723307,-2.617,3.638,6.255,6.25527825120514
2023-07-26 13:39:12.188,3545564,3546016,58.2139058837891,58.2179059651693,60.1809736735026,60.1849737141927,-2.642,3.588,6.23,6.23018490897341
2023-07-26 13:39:12.201,3545567,3546019,58.226949991862,58.2309500325521,60.1940177815755,60.1980178222656,-2.592,3.638,6.23,6.23053962349972
2023-07-26 13:39:12.214,3545570,3546022,58.239993733724,58.2439937744141,60.2070618489583,60.2110618896484,-2.591,3.612,6.203,6.20350304263648
2023-07-26 13:39:12.227,3545573,3546025,58.2530378417969,58.257037882487,60.2201059570313,60.2241059977214,-2.629,3.601,6.23,6.23018490897341
2023-07-26 13:39:12.240,3545576,3546028,58.2660819091797,58.2700819498698,60.2331496988932,60.2371497395833,-2.615,3.637,6.252,6.25218425832125
2023-07-26 13:39:12.254,3545579,3546031,58.2791258544922,58.2831258544922,60.246193766276,60.2501938476562,-2.705,3.561,6.266,6.26641364737439
2023-07-26 13:39:12.266,3545582,3546034,58.2921697591146,58.2961697998047,60.259237874349,60.2632379150391,-2.666,3.574,6.24,6.24051279944205
2023-07-26 13:39:12.279,3545585,3546037,58.3052138264974,58.3092139078776,60.2722819417318,60.2762819824219,-2.614,3.636,6.25,6.2501999968001
2023-07-26 13:39:12.293,3545588,3546040,58.3182579345703,58.3222579752604,60.2853257242839,60.289325764974,-2.679,3.56,6.239,6.23925131726556
2023-07-26 13:39:12.306,3545591,3546043,58.3313016764323,58.3353017578125,60.2983697916667,60.3023698730469,-2.678,3.573,6.251,6.25142623726778
2023-07-26 13:39:12.319,3545594,3546046,58.3443457845052,58.3483458251953,60.3114138997396,60.3154139404297,-2.602,3.66,6.262,6.26218396408154
2023-07-26 13:39:12.332,3545597,3546049,58.357389851888,58.3613899332682,60.3244577636719,60.3284577636719,-2.715,3.559,6.274,6.2743366980104
2023-07-26 13:39:12.346,3545600,3546052,58.3704339599609,58.374434000651,60.3375017496745,60.3415017903646,-2.677,3.598,6.275,6.27517601346767
2023-07-26 13:39:12.359,3545603,3546055,58.3834777018229,58.387477742513,60.3505458170573,60.3545458577474,-2.651,3.634,6.285,6.28524947794437
2023-07-26 13:39:12.372,3545606,3546058,58.3965218098958,58.4005218505859,60.3635899251302,60.3675899658203,-2.714,3.583,6.297,6.29734586949137
2023-07-26 13:39:12.384,3545609,3546061,58.4095658772786,58.4135659179687,60.3766336669922,60.3806337076823,-2.663,3.647,6.31,6.31020609806051
2023-07-26 13:39:12.397,3545612,3546064,58.4226099853516,58.4266100260417,60.389677734375,60.3936778157552,-2.625,3.658,6.283,6.28324955735486
2023-07-26 13:39:12.410,3545615,3546067,58.4356537272135,58.4396537679036,60.4027218424479,60.406721883138,-2.687,3.633,6.32,6.32031399536447
2023-07-26 13:39:12.423,3545618,3546070,58.448708211263,58.4527082926432,60.4157659098307,60.4197659912109,-2.635,3.682,6.317,6.31716027974596
2023-07-26 13:39:12.440,3545621,3546073,58.4617419026693,58.4657419433594,60.4288096923828,60.4328097330729,-2.624,3.707,6.331,6.33132347933669
2023-07-26 13:39:12.454,3545625,3546077,58.4791336669922,58.4831337483724,60.4462017822266,60.4502018636068,-2.724,3.656,6.38,6.38047678469251
2023-07-26 13:39:12.467,3545628,3546080,58.4921777750651,58.4961778157552,60.4592458902995,60.4632459309896,-2.659,3.744,6.403,6.40337176806095
2023-07-26 13:39:12.480,3545631,3546083,58.5052218424479,58.5092219238281,60.4722897949219,60.4762897949219,-2.709,3.668,6.377,6.37716590657637
2023-07-26 13:39:12.493,3545634,3546086,58.5182659505208,58.5222659912109,60.4853337402344,60.4893337809245,-2.734,3.629,6.363,6.36343028562426
2023-07-26 13:39:12.506,3545637,3546089,58.5313096923828,58.535309773763,60.4983778076172,60.5023778889974,-2.621,3.69,6.311,6.31136633384563
2023-07-26 13:39:12.520,3545640,3546092,58.5443538004557,58.5483538411458,60.5114219156901,60.5154219563802,-2.658,3.64,6.298,6.29820649074004
2023-07-26 13:39:12.533,3545643,3546095,58.5573978678385,58.5613979492188,60.5244656575521,60.5284656982422,-2.696,3.627,6.323,6.32350606862997
2023-07-26 13:39:12.545,3545646,3546098,58.5704419759115,58.5744420166016,60.537509765625,60.5415098063151,-2.594,3.739,6.333,6.33343232378779
2023-07-26 13:39:12.558,3545649,3546101,58.5834857177734,58.5874857584635,60.5505538330078,60.5545538736979,-2.618,3.727,6.345,6.34506178062909
2023-07-26 13:39:12.571,3545652,3546104,58.5965298258464,58.6005298665365,60.5635979410807,60.5675979817708,-2.693,3.675,6.368,6.36822055208517
2023-07-26 13:39:12.584,3545655,3546107,58.6095738932292,58.6135739339193,60.5766416829427,60.5806417236328,-2.628,3.713,6.341,6.34131295553216
2023-07-26 13:39:12.598,3545658,3546110,58.6226180013021,58.6266180419922,60.5896857503255,60.5936858317057,-2.666,3.636,6.302,6.30218279646029
2023-07-26 13:39:12.611,3545661,3546113,58.6356617431641,58.6396617838542,60.6027298583984,60.6067298990885,-2.629,3.648,6.277,6.2773792302202
2023-07-26 13:39:12.624,3545664,3546116,58.6487058105469,58.6527058919271,60.6157739257812,60.6197740071615,-2.578,3.672,6.25,6.25034847028548
2023-07-26 13:39:12.637,3545667,3546119,58.6617603352865,58.6657603759766,60.6288177083333,60.6328177490234,-2.578,3.685,6.263,6.26330687416799
2023-07-26 13:39:12.650,3545670,3546122,58.6747938232422,58.6787938232422,60.6418617757161,60.6458618570964,-2.59,3.647,6.237,6.23720851022314
2023-07-26 13:39:12.663,3545673,3546125,58.6878377685547,58.6918378092448,60.6549058837891,60.6589059244792,-2.54,3.697,6.237,6.23730815336231
2023-07-26 13:39:12.675,3545676,3546128,58.7008818359375,58.7048819173177,60.6679499511719,60.6719499511719,-2.539,3.697,6.236,6.23627909894995
2023-07-26 13:39:12.688,3545679,3546131,58.7139259440104,58.7179259847005,60.680993733724,60.6849937744141,-2.55,3.647,6.197,6.19705454228055
2023-07-26 13:39:12.701,3545682,3546134,58.7269696858724,58.7309697265625,60.6940378011068,60.6980378417969,-2.576,3.62,6.196,6.1964909424609
2023-07-26 13:39:12.714,3545685,3546137,58.7400137939453,58.7440138346354,60.7070819091797,60.7110819498698,-2.613,3.62,6.233,6.23341583724365
2023-07-26 13:39:12.728,3545688,3546140,58.7530578613281,58.7570579020182,60.7201257324219,60.7241257324219,-2.675,3.582,6.257,6.25742582856561
2023-07-26 13:39:12.741,3545691,3546143,58.766101969401,58.7701020100912,60.7331697184245,60.7371697998047,-2.713,3.583,6.296,6.29608132094877
2023-07-26 13:39:12.754,3545694,3546146,58.7791561279297,58.7831561686198,60.7462138264974,60.7502138671875,-2.7,3.583,6.283,6.28314037723176
2023-07-26 13:39:12.767,3545697,3546149,58.7921897786458,58.796189860026,60.7592578938802,60.7632579752604,-2.724,3.569,6.293,6.29315381982675
2023-07-26 13:39:12.780,3545700,3546152,58.8052338867187,58.8092339274089,60.7723016764323,60.7763017171224,-2.749,3.543,6.292,6.29234614432487
2023-07-26 13:39:12.793,3545703,3546155,58.8182779541016,58.8222780354818,60.7853457438151,60.7893458251953,-2.724,3.556,6.28,6.28017587333349
2023-07-26 13:39:12.806,3545706,3546158,58.8313217366536,58.8353217773438,60.798389851888,60.8023898925781,-2.748,3.531,6.279,6.27909754662244
2023-07-26 13:39:12.819,3545709,3546161,58.8443658040365,58.8483658854167,60.8114339192708,60.815434000651,-2.772,3.505,6.277,6.27708674466109
2023-07-26 13:39:12.832,3545712,3546164,58.8574099121094,58.8614099527995,60.8244777018229,60.828477742513,-2.747,3.542,6.289,6.28924931927492
2023-07-26 13:39:12.845,3545715,3546167,58.8704539794922,58.8744539794922,60.8375217692057,60.8415218098958,-2.797,3.517,6.314,6.31415330824332
2023-07-26 13:39:12.858,3545718,3546170,58.8834977620443,58.8874978027344,60.8505658772786,60.8545659179687,-2.836,3.454,6.29,6.29040070265798
2023-07-26 13:39:12.871,3545721,3546173,58.8965418294271,58.9005418701172,60.8636099446615,60.8676099853516,-2.823,3.442,6.265,6.26514078054117
2023-07-26 13:39:12.885,3545724,3546176,58.9095859375,58.9135859781901,60.8766536865234,60.8806537679036,-2.785,3.505,6.29,6.29012718472369
2023-07-26 13:39:12.898,3545727,3546179,58.9226297607422,58.9266297607422,60.889708211263,60.8937082519531,-2.861,3.466,6.327,6.3273762334794
2023-07-26 13:39:12.911,3545730,3546182,58.9356737467448,58.939673828125,60.9027418619792,60.9067419433594,-2.835,3.466,6.301,6.30131494213708
2023-07-26 13:39:12.924,3545733,3546185,58.9487178548177,58.9527178955078,60.9157858886719,60.9197858886719,-2.722,3.529,6.251,6.25152477400514
2023-07-26 13:39:12.937,3545736,3546188,58.9617619222005,58.9657620035807,60.9288297119141,60.9328297932943,-2.698,3.566,6.264,6.26447324202123
2023-07-26 13:39:12.950,3545739,3546191,58.9748057047526,58.9788057454427,60.941873819987,60.9458738606771,-2.761,3.53,6.291,6.29108655162207
2023-07-26 13:39:12.963,3545742,3546194,58.9878497721354,58.9918498535156,60.9549178873698,60.95891796875,-2.736,3.568,6.304,6.30419043176838
2023-07-26 13:39:12.975,3545745,3546197,59.0008938802083,59.0048939208984,60.9679616699219,60.971961710612,-2.735,3.593,6.328,6.32807111211623
2023-07-26 13:39:12.988,3545748,3546200,59.0139379475911,59.0179380289714,60.9810057373047,60.9850057779948,-2.786,3.556,6.342,6.34230305173129
2023-07-26 13:39:13.001,3545751,3546203,59.0269817301432,59.0309817708333,60.9940498453776,60.9980498860677,-2.811,3.556,6.367,6.36708041413017
2023-07-26 13:39:13.014,3545754,3546206,59.040025797526,59.0440258382161,61.0070939127604,61.0110939534505,-2.798,3.568,6.366,6.36618857716295
2023-07-26 13:39:13.028,3545757,3546209,59.053069905599,59.0570699462891,61.0201376546224,61.0241377360026,-2.848,3.481,6.329,6.32918201665902
2023-07-26 13:39:13.041,3545760,3546212,59.0661139729818,59.0701140136719,61.0331817626953,61.0371818033854,-2.874,3.467,6.341,6.34143177839201
2023-07-26 13:39:13.054,3545763,3546215,59.0791577148437,59.083157796224,61.0462258300781,61.0502259114583,-2.836,3.48,6.316,6.31603831527327
2023-07-26 13:39:13.067,3545766,3546218,59.0922018229167,59.0962018636068,61.059269938151,61.0632699788411,-2.848,3.493,6.341,6.3411325486856
2023-07-26 13:39:13.080,3545769,3546221,59.1052458902995,59.1092459716797,61.072313680013,61.0763137613932,-2.849,3.481,6.33,6.33023032756313
2023-07-26 13:39:13.093,3545772,3546224,59.1182899169922,59.1222899169922,61.0853577880859,61.089357828776,-2.838,3.468,6.306,6.30631469243329
2023-07-26 13:39:13.106,3545775,3546227,59.1313337402344,59.1353338216146,61.0984018554687,61.102401936849,-2.824,3.444,6.268,6.26810920453688
2023-07-26 13:39:13.119,3545778,3546230,59.1443778483073,59.1483778889974,61.1114459635417,61.1154460042318,-2.863,3.406,6.269,6.2694367370602
2023-07-26 13:39:13.132,3545781,3546233,59.1574219156901,59.1614219970703,61.1244897054036,61.1284897460937,-2.951,3.357,6.308,6.30829493603462
2023-07-26 13:39:13.145,3545784,3546236,59.1704656982422,59.1744657389323,61.1375338134766,61.1415338541667,-2.9,3.406,6.306,6.30638850690314
2023-07-26 13:39:13.158,3545787,3546239,59.183509765625,59.1875098063151,61.1505778808594,61.1545779215495,-2.914,3.369,6.283,6.28331584436116
2023-07-26 13:39:13.171,3545790,3546242,59.1965538736979,59.200553914388,61.1636218261719,61.1676218261719,-2.951,3.369,6.32,6.32015316270104
2023-07-26 13:39:13.185,3545793,3546245,59.2095979410807,59.2135979817708,61.1766657307943,61.1806657714844,-2.939,3.407,6.346,6.34622974686546
2023-07-26 13:39:13.198,3545796,3546248,59.2226416829427,59.2266417643229,61.1897097981771,61.1937098795573,-2.928,3.395,6.323,6.32316732342265
2023-07-26 13:39:13.211,3545799,3546251,59.2356857910156,59.2396858317057,61.20275390625,61.2067539469401,-2.926,3.407,6.333,6.33320534958405
2023-07-26 13:39:13.224,3545802,3546254,59.2487298583984,59.2527299397786,61.215797648112,61.2197977294922,-2.952,3.42,6.372,6.37215191281564
2023-07-26 13:39:13.237,3545805,3546257,59.2617739664714,59.2657740071615,61.2288417561849,61.232841796875,-2.941,3.408,6.349,6.34915246312451
2023-07-26 13:39:13.250,3545808,3546260,59.2748177083333,59.2788177897135,61.2418858235677,61.2458859049479,-2.966,3.383,6.349,6.34923822202317
2023-07-26 13:39:13.263,3545811,3546263,59.2878618164063,59.2918618570964,61.2549299316406,61.2589299723307,-2.952,3.359,6.311,6.31104951652259
2023-07-26 13:39:13.275,3545814,3546266,59.3009058837891,59.3049059651693,61.2679736735026,61.2719737141927,-2.991,3.307,6.298,6.29826706324843
2023-07-26 13:39:13.288,3545817,3546269,59.313949991862,59.3179500325521,61.2810177815755,61.2850178222656,-3.004,3.333,6.337,6.33728403971291
2023-07-26 13:39:13.301,3545820,3546272,59.326993733724,59.3309937744141,61.2940618489583,61.2980618896484,-3.017,3.295,6.312,6.31228516466105
2023-07-26 13:39:13.314,3545823,3546275,59.3400378417969,59.344037882487,61.3071059570313,61.3111059977214,-3.068,3.245,6.313,6.31320600012387
2023-07-26 13:39:13.327,3545826,3546278,59.3530819091797,59.3570819498698,61.3201496988932,61.3241497395833,-3.005,3.259,6.264,6.26434769149989
2023-07-26 13:39:13.345,3545829,3546281,59.3661258544922,59.3701258544922,61.333193766276,61.3371938476563,-2.767,3.459,6.226,6.22639349864751
2023-07-26 13:39:13.358,3545833,3546285,59.3835177815755,59.3875178222656,61.3505858968099,61.3545859375,-2.879,3.346,6.225,6.22516264847755
2023-07-26 13:39:13.371,3545836,3546288,59.3965618896484,59.4005619303385,61.3636296386719,61.3676297200521,-3.066,3.169,6.235,6.2352168366465
2023-07-26 13:39:13.384,3545839,3546291,59.4096059570313,59.4136059977214,61.3766737467448,61.3806737874349,-3.016,3.232,6.248,6.24843820486368
2023-07-26 13:39:13.397,3545842,3546294,59.4226496988932,59.4266497802734,61.3897178141276,61.3937178955078,-3.09,3.168,6.258,6.25827811782123
2023-07-26 13:39:13.410,3545845,3546297,59.4356938069661,59.4396938476563,61.4027619222005,61.4067619628906,-3.115,3.131,6.246,6.2461768306701
2023-07-26 13:39:13.423,3545848,3546300,59.448737874349,59.4527379557292,61.4158056640625,61.4198057454427,-2.917,3.333,6.25,6.2502332756466
2023-07-26 13:39:13.437,3545851,3546303,59.4617819824219,59.465782023112,61.4288497721354,61.4328498128255,-2.88,3.371,6.251,6.25128794729534
2023-07-26 13:39:13.450,3545854,3546306,59.4748257242839,59.4788258056641,61.4418938395182,61.4458939208984,-2.943,3.322,6.265,6.26514756410414
2023-07-26 13:39:13.467,3545857,3546309,59.4878698323568,59.4918698730469,61.4549379475911,61.4589379882812,-2.941,3.307,6.248,6.24841483898116
2023-07-26 13:39:13.480,3545861,3546313,59.5052619222005,59.5092620035807,61.4723297119141,61.4763297932943,-2.852,3.409,6.261,6.26129714995224
2023-07-26 13:39:13.493,3545864,3546316,59.5183057047526,59.5223057454427,61.485373819987,61.4893738606771,-2.903,3.345,6.248,6.248551272095
2023-07-26 13:39:13.506,3545867,3546319,59.5313497721354,59.5353498535156,61.4984178873698,61.50241796875,-2.941,3.32,6.261,6.26116898031031
2023-07-26 13:39:13.520,3545870,3546322,59.5443938802083,59.5483939208984,61.5114616699219,61.515461710612,-2.929,3.332,6.261,6.26149838297512
2023-07-26 13:39:13.533,3545873,3546325,59.5574379475911,59.5614380289714,61.5245057373047,61.5285057779948,-2.929,3.334,6.263,6.26325937511772
2023-07-26 13:39:13.546,3545876,3546328,59.5704817301432,59.5744817708333,61.5375498453776,61.5415498860677,-2.93,3.334,6.264,6.26432693910527
2023-07-26 13:39:13.559,3545879,3546331,59.583525797526,59.5875258382161,61.5505939127604,61.5545939534505,-2.917,3.347,6.264,6.26403863334191
2023-07-26 13:39:13.571,3545882,3546334,59.596569905599,59.6005699462891,61.5636376546224,61.5676377360026,-2.879,3.384,6.263,6.26323279145842
2023-07-26 13:39:13.584,3545885,3546337,59.6096139729818,59.6136140136719,61.5766817626953,61.5806818033854,-2.891,3.345,6.236,6.23631822472202
2023-07-26 13:39:13.597,3545888,3546340,59.6226577555339,59.626657796224,61.5897258300781,61.5937259114583,-2.915,3.32,6.235,6.23515525067339
2023-07-26 13:39:13.610,3545891,3546343,59.6357018229167,59.6397018636068,61.602769938151,61.6067699788411,-2.902,3.345,6.247,6.2472333876685
2023-07-26 13:39:13.623,3545894,3546346,59.6487458902995,59.6527459716797,61.615813680013,61.6198137613932,-2.917,3.347,6.264,6.26416163584561
2023-07-26 13:39:13.636,3545897,3546349,59.6617899169922,59.6657899169922,61.6288577880859,61.632857828776,-2.929,3.335,6.264,6.26427785143667
2023-07-26 13:39:13.649,3545900,3546352,59.6748337402344,59.6788338216146,61.6419018554687,61.645901936849,-2.903,3.32,6.223,6.22346406754309
2023-07-26 13:39:13.662,3545903,3546355,59.6878778483073,59.6918778889974,61.6549459635417,61.6589460042318,-2.927,3.321,6.248,6.24805001580493
2023-07-26 13:39:13.676,3545906,3546358,59.7009219156901,59.7049219970703,61.6679897054036,61.6719897460938,-2.903,3.333,6.236,6.23640417227748
2023-07-26 13:39:13.689,3545909,3546361,59.7139656982422,59.7179657389323,61.6810338134766,61.6850338541667,-2.891,3.358,6.249,6.24919210778481
2023-07-26 13:39:13.702,3545912,3546364,59.727009765625,59.7310098063151,61.6940778808594,61.6980779215495,-2.903,3.334,6.237,6.23723376185309
2023-07-26 13:39:13.715,3545915,3546367,59.7400538736979,59.744053914388,61.7071218261719,61.7111218261719,-2.902,3.346,6.248,6.24809250891822
2023-07-26 13:39:13.728,3545918,3546370,59.7530979410807,59.7570979817708,61.7201657307943,61.7241657714844,-2.917,3.32,6.237,6.23739280469011
2023-07-26 13:39:13.741,3545921,3546373,59.7661416829427,59.7701417643229,61.7332097981771,61.7372098795573,-2.905,3.36,6.265,6.26511524235588
2023-07-26 13:39:13.754,3545924,3546376,59.7791857910156,59.7831858317057,61.74625390625,61.7502539469401,-2.955,3.321,6.276,6.27612117473842
2023-07-26 13:39:13.767,3545927,3546379,59.7922298583984,59.7962299397786,61.759297648112,61.7632977294922,-2.892,3.371,6.263,6.26318393470925
2023-07-26 13:39:13.780,3545930,3546382,59.8052739664714,59.8092740071615,61.7723417561849,61.776341796875,-2.902,3.345,6.247,6.24712173724828
2023-07-26 13:39:13.793,3545933,3546385,59.8183177083333,59.8223177897135,61.7853858235677,61.7893859049479,-2.916,3.334,6.25,6.25030751243489
2023-07-26 13:39:13.806,3545936,3546388,59.8313618164063,59.8353618570964,61.7984299316406,61.8024299723307,-2.916,3.32,6.236,6.23624253858042
2023-07-26 13:39:13.820,3545939,3546391,59.8444058837891,59.8484059651693,61.8114736735026,61.8154737141927,-2.928,3.333,6.261,6.26123286581804
2023-07-26 13:39:13.833,3545942,3546394,59.857449991862,59.8614500325521,61.8245177815755,61.8285178222656,-2.917,3.346,6.263,6.26349822383626
2023-07-26 13:39:13.846,3545945,3546397,59.870493733724,59.8744937744141,61.8375618489583,61.8415618896484,-2.928,3.32,6.248,6.24837002745516
2023-07-26 13:39:13.859,3545948,3546400,59.8835378417969,59.887537882487,61.8506059570312,61.8546059977214,-2.929,3.334,6.263,6.26340242998963
2023-07-26 13:39:13.871,3545951,3546403,59.8965819091797,59.9005819498698,61.8636496988932,61.8676497395833,-2.904,3.345,6.249,6.24931756274235
2023-07-26 13:39:13.884,3545954,3546406,59.9096258544922,59.9136258544922,61.876693766276,61.8806938476563,-2.916,3.334,6.25,6.25028799336479
2023-07-26 13:39:13.897,3545957,3546409,59.9226697998047,59.9266697998047,61.889737874349,61.8937379150391,-2.916,3.333,6.249,6.24939205043179
2023-07-26 13:39:13.910,3545960,3546412,59.9357138264974,59.9397139078776,61.9027819417318,61.9067819824219,-2.902,3.346,6.248,6.24810371232745
2023-07-26 13:39:13.923,3545963,3546415,59.9487579345703,59.9527579752604,61.9158257242839,61.919825764974,-2.916,3.334,6.25,6.25016199790053
2023-07-26 13:39:13.936,3545966,3546418,59.9618016764323,59.9658017578125,61.9288697916667,61.9328698730469,-2.928,3.335,6.263,6.26307671995162
2023-07-26 13:39:13.949,3545969,3546421,59.9748457845052,59.9788458251953,61.9419138997396,61.9459139404297,-2.928,3.32,6.248,6.24819213853095
2023-07-26 13:39:13.962,3545972,3546424,59.987889851888,59.9918899332682,61.9549577636719,61.9589577636719,-2.917,3.333,6.25,6.25049926005915
2023-07-26 13:39:13.976,3545975,3546427,60.0009339599609,60.004934000651,61.9680017496745,61.9720017903646,-2.904,3.345,6.249,6.24918434677679
2023-07-26 13:39:13.989,3545978,3546430,60.0139777018229,60.017977742513,61.9810458170573,61.9850458577474,-2.916,3.332,6.248,6.24832777629343
2023-07-26 13:39:14.002,3545981,3546433,60.0270218098958,60.0310218505859,61.9940899251302,61.9980899658203,-2.916,3.346,6.262,6.2622076778082
2023-07-26 13:39:14.015,3545984,3546436,60.0400658772786,60.0440659179687,62.0071336669922,62.0111337076823,-2.903,3.346,6.249,6.2491411409889
2023-07-26 13:39:14.028,3545987,3546439,60.0531099853516,60.0571100260417,62.020177734375,62.0241778157552,-2.917,3.346,6.263,6.26325937511772
2023-07-26 13:39:14.041,3545990,3546442,60.0661537272135,60.0701537679036,62.0332218424479,62.037221883138,-2.916,3.346,6.262,6.26206259949547
2023-07-26 13:39:14.058,3545993,3546445,60.079208211263,60.0832082926432,62.0462659098307,62.0502659912109,-2.916,3.346,6.262,6.26201564993254
2023-07-26 13:39:14.072,3545997,3546449,60.0965899251302,60.1005899658203,62.0636577148437,62.0676577555339,-2.916,3.333,6.249,6.2492081098328
2023-07-26 13:39:14.085,3546000,3546452,60.1096336669922,60.1136337483724,62.0767017822266,62.0807018636068,-2.916,3.334,6.25,6.2502691142062
2023-07-26 13:39:14.098,3546003,3546455,60.1226777750651,60.1266778157552,62.0897458902995,62.0937459309896,-2.903,3.346,6.249,6.2490768918297
2023-07-26 13:39:14.111,3546006,3546458,60.1357218424479,60.1397219238281,62.1027897949219,62.1067897949219,-2.916,3.334,6.25,6.25025087496494
2023-07-26 13:39:14.124,3546009,3546461,60.1487659505208,60.1527659912109,62.1158337402344,62.1198337809245,-2.902,3.345,6.247,6.24712806015692
2023-07-26 13:39:14.141,3546012,3546464,60.1618096923828,60.165809773763,62.1288778076172,62.1328778889974,-2.941,3.308,6.249,6.24943813474459
2023-07-26 13:39:14.154,3546016,3546468,60.1792018229167,60.1832018636068,62.146269938151,62.1502699788411,-2.916,3.32,6.236,6.23648779362231
2023-07-26 13:39:14.167,3546019,3546471,60.1922458902995,60.1962459716797,62.159313680013,62.1633137613932,-2.891,3.358,6.249,6.24925091510975
2023-07-26 13:39:14.180,3546022,3546474,60.2052899169922,60.2092899169922,62.1723577880859,62.176357828776,-2.951,3.294,6.245,6.24506276990072
2023-07-26 13:39:14.197,3546025,3546477,60.2183337402344,60.2223338216146,62.1854018554687,62.189401936849,-2.952,3.307,6.259,6.25942569250566
2023-07-26 13:39:14.210,3546029,3546481,60.2357258707682,60.2397259114583,62.2027937011719,62.2067937011719,-2.94,3.32,6.26,6.26017643521331
2023-07-26 13:39:14.223,3546032,3546484,60.248769938151,60.2527700195312,62.2158377278646,62.2198378092448,-2.941,3.319,6.26,6.26041404381531
2023-07-26 13:39:14.241,3546035,3546487,60.2618137207031,60.2658137613932,62.2288818359375,62.2328818766276,-2.852,3.395,6.247,6.24737008668448
2023-07-26 13:39:14.254,3546039,3546491,60.2792058105469,60.2832058919271,62.2462739257813,62.2502740071615,-2.841,3.408,6.249,6.24947437789771
2023-07-26 13:39:14.267,3546042,3546494,60.2922603352865,60.2962603759766,62.2593177083333,62.2633177490234,-2.891,3.357,6.248,6.248392113176
2023-07-26 13:39:14.280,3546045,3546497,60.3052938232422,60.3092938232422,62.2723617757161,62.2763618570964,-2.916,3.319,6.235,6.23557936361971
2023-07-26 13:39:14.297,3546048,3546500,60.3183377685547,60.3223378092448,62.2854058837891,62.2894059244792,-2.892,3.346,6.238,6.23828854735015
2023-07-26 13:39:14.311,3546052,3546504,60.3357298583984,60.3397299397786,62.302797648112,62.3067977294922,-2.854,3.408,6.262,6.2622076778082
2023-07-26 13:39:14.324,3546055,3546507,60.3487739664714,60.3527740071615,62.3158417561849,62.319841796875,-2.855,3.447,6.302,6.30223135087883
2023-07-26 13:39:14.341,3546058,3546510,60.3618177083333,60.3658177897135,62.3288858235677,62.3328859049479,-2.841,3.421,6.262,6.26218396408154
2023-07-26 13:39:14.354,3546062,3546514,60.3792098388672,60.3832098795573,62.3462779541016,62.3502779947917,-2.877,3.396,6.273,6.27312752939074
2023-07-26 13:39:14.367,3546065,3546517,60.39225390625,60.3962539876302,62.3593216959635,62.3633217773437,-2.929,3.371,6.3,6.30016793426969
2023-07-26 13:39:14.384,3546068,3546520,60.4052977294922,60.4092977294922,62.3723658040365,62.3763658447266,-2.993,3.309,6.302,6.30232496781942
2023-07-26 13:39:14.397,3546072,3546524,60.4226897786458,60.426689860026,62.3897578938802,62.3937579752604,-2.83,3.485,6.315,6.31554542379358
2023-07-26 13:39:14.415,3546075,3546527,60.4357338867188,60.4397339274089,62.4028016764323,62.4068017171224,-2.83,3.486,6.316,6.31633445916221
2023-07-26 13:39:14.428,3546079,3546531,60.4531258544922,60.4571258544922,62.420193766276,62.4241938476562,-2.769,3.537,6.306,6.30627600093748
2023-07-26 13:39:14.446,3546082,3546534,60.4661697591146,60.4701697998047,62.433237874349,62.4372379150391,-2.73,3.562,6.292,6.29241193819985
2023-07-26 13:39:14.459,3546086,3546538,60.4835618896484,60.4875619303385,62.4506296386719,62.4546297200521,-2.818,3.461,6.279,6.27937910943431
2023-07-26 13:39:14.476,3546089,3546541,60.4966059570312,60.5006059977214,62.4636737467448,62.4676737874349,-2.868,3.411,6.279,6.27932615811601
2023-07-26 13:39:14.489,3546093,3546545,60.5139977620443,60.5179978027344,62.4810658772786,62.4850659179687,-2.781,3.475,6.256,6.25609790524413
2023-07-26 13:39:14.506,3546096,3546548,60.5270418294271,60.5310418701172,62.4941099446615,62.4981099853516,-2.846,3.438,6.284,6.28435716680712
2023-07-26 13:39:14.519,3546100,3546552,60.5444339599609,60.548434000651,62.5115017496745,62.5155017903646,-2.782,3.425,6.207,6.20728040288177
2023-07-26 13:39:14.536,3546103,3546555,60.5574777018229,60.561477742513,62.5245458170573,62.5285458577474,-2.708,3.54,6.248,6.24814116357817
2023-07-26 13:39:14.549,3546107,3546559,60.5748698323568,60.5788698730469,62.5419379475911,62.5459379882813,-2.821,3.451,6.272,6.27230643384075
2023-07-26 13:39:14.567,3546110,3546562,60.5879138997396,60.5919139811198,62.5549816894531,62.5589817301432,-2.896,3.4,6.296,6.29628588931602
2023-07-26 13:39:14.580,3546114,3546566,60.6053057047526,60.6093057454427,62.572373819987,62.5763738606771,-2.883,3.425,6.308,6.30833488331113
2023-07-26 13:39:14.597,3546117,3546569,60.6183497721354,60.6223498535156,62.5854178873698,62.58941796875,-2.924,3.365,6.289,6.28929582703819
2023-07-26 13:39:14.610,3546121,3546573,60.6357419026693,60.6397419433594,62.6028096923828,62.6068097330729,-2.962,3.301,6.263,6.26357677369728
2023-07-26 13:39:14.628,3546124,3546576,60.6487859700521,60.6527860107422,62.6158537597656,62.6198538411458,-2.912,3.378,6.29,6.29024045645316
2023-07-26 13:39:14.641,3546128,3546580,60.6661777750651,60.6701778157552,62.6332458902995,62.6372459309896,-2.961,3.327,6.288,6.28826748794928
2023-07-26 13:39:14.658,3546131,3546583,60.6792218424479,60.6832219238281,62.6462897949219,62.6502897949219,-2.961,3.365,6.326,6.32618976952162
2023-07-26 13:39:14.671,3546135,3546587,60.6966139729818,60.7006140136719,62.6636817626953,62.6676818033854,-3.011,3.302,6.313,6.31326642871976
2023-07-26 13:39:14.689,3546138,3546590,60.7096577148438,60.713657796224,62.6767258300781,62.6807259114583,-2.975,3.341,6.316,6.31611431182179
2023-07-26 13:39:14.702,3546142,3546594,60.7270498453776,60.7310498860677,62.6941179199219,62.6981179199219,-2.95,3.379,6.329,6.32910815202268
2023-07-26 13:39:14.719,3546145,3546597,60.7400939534505,60.7440939941406,62.707161702474,62.7111617838542,-2.963,3.367,6.33,6.33027495453397
2023-07-26 13:39:14.733,3546149,3546601,60.7574857177734,60.7614857584635,62.7245538330078,62.7285538736979,-2.976,3.317,6.293,6.29331534248841
2023-07-26 13:39:14.750,3546152,3546604,60.7705298258464,60.7745298665365,62.7375979410807,62.7415979817708,-2.988,3.278,6.266,6.26636896455994
2023-07-26 13:39:14.763,3546156,3546608,60.7879219156901,60.7919219970703,62.7549897054036,62.7589897460938,-2.876,3.404,6.28,6.28054846331115
2023-07-26 13:39:14.781,3546159,3546611,60.8009656982422,60.8049657389323,62.7680338134766,62.7720338541667,-2.825,3.429,6.254,6.25427829569488
2023-07-26 13:39:14.794,3546163,3546615,60.8183577880859,60.8223578694661,62.7854259033203,62.7894259847005,-2.876,3.417,6.293,6.29322318053317
2023-07-26 13:39:14.811,3546166,3546618,60.8314018961589,60.835401936849,62.7984696858724,62.8024697265625,-2.876,3.405,6.281,6.28116119837726
2023-07-26 13:39:14.823,3546170,3546622,60.8487938232422,60.8527938232422,62.8158617757161,62.8198618570964,-2.84,3.432,6.272,6.27223245742694
2023-07-26 13:39:14.841,3546173,3546625,60.8618377685547,60.8658378092448,62.8289058837891,62.8329059244792,-2.852,3.406,6.258,6.25826877019516
2023-07-26 13:39:14.854,3546177,3546629,60.8792298583984,60.8832299397786,62.846297648112,62.8502977294922,-2.852,3.393,6.245,6.24547468171956
2023-07-26 13:39:14.871,3546180,3546632,60.8922739664714,60.8962740071615,62.8593417561849,62.863341796875,-2.864,3.393,6.257,6.25742582856561
2023-07-26 13:39:14.884,3546184,3546636,60.9096657307943,60.9136658121745,62.8767338460286,62.8807339274089,-2.889,3.381,6.27,6.27011515045777
2023-07-26 13:39:14.902,3546187,3546639,60.9227098388672,60.9267098795573,62.8897779541016,62.8937779947917,-2.863,3.406,6.269,6.2692156606708
2023-07-26 13:39:14.915,3546191,3546643,60.940101969401,60.9441020100912,62.9071697184245,62.9111697998047,-2.802,3.482,6.284,6.28423201353992
2023-07-26 13:39:14.932,3546194,3546646,60.9531561279297,60.9571561686198,62.9202138264974,62.9242138671875,-2.828,3.47,6.298,6.29848299195925
2023-07-26 13:39:14.945,3546198,3546650,60.9705378417969,60.974537882487,62.9376059570313,62.9416059977214,-2.853,3.445,6.298,6.29835637289603
2023-07-26 13:39:14.963,3546201,3546653,60.9835819091797,60.9875819498698,62.9506496988932,62.9546497395833,-2.827,3.457,6.284,6.28433616223703
2023-07-26 13:39:14.976,3546205,3546657,61.0009737141927,61.0049737548828,62.9680418294271,62.9720418701172,-2.815,3.458,6.273,6.27337947202303
2023-07-26 13:39:14.993,3546208,3546660,61.0140177815755,61.0180178222656,62.9810858968099,62.9850859375,-2.828,3.444,6.272,6.27224114651215
2023-07-26 13:39:15.006,3546212,3546664,61.0314099121094,61.0354099527995,62.9984777018229,63.002477742513,-2.802,3.507,6.309,6.30951995004374
2023-07-26 13:39:15.024,3546215,3546667,61.0444539794922,61.0484539794922,63.0115217692057,63.0155218098958,-2.789,3.546,6.335,6.33538672852731
2023-07-26 13:39:15.037,3546219,3546671,61.0618457845052,61.0658458251953,63.0289138997396,63.0329139404297,-2.765,3.583,6.348,6.34837498892433
2023-07-26 13:39:15.054,3546222,3546674,61.074889851888,61.0788899332682,63.0419577636719,63.0459577636719,-2.777,3.608,6.385,6.38518801602584
2023-07-26 13:39:15.067,3546226,3546678,61.0922819824219,61.096282023112,63.0593497721354,63.0633498128255,-2.801,3.469,6.27,6.2702967234414
2023-07-26 13:39:15.085,3546229,3546681,61.1053257242839,61.1093258056641,63.0723938395182,63.0763939208984,-2.814,3.481,6.295,6.2953253291629
2023-07-26 13:39:15.098,3546233,3546685,61.1227178548177,61.1267178955078,63.0897858886719,63.0937858886719,-2.852,3.469,6.321,6.32151896303412
2023-07-26 13:39:15.114,3546236,3546688,61.1357619222005,61.1397620035807,63.1028297119141,63.1068297932943,-2.838,3.455,6.293,6.29348337568314
2023-07-26 13:39:15.128,3546240,3546692,61.1531537272135,61.1571537679036,63.1202218424479,63.124221883138,-2.863,3.469,6.332,6.33228426399194
2023-07-26 13:39:15.145,3546243,3546695,61.166208211263,61.1702082926432,63.1332659098307,63.1372659912109,-2.876,3.442,6.318,6.31849388699554
2023-07-26 13:39:15.162,3546247,3546699,61.1835899251302,61.1875899658203,63.1506577148437,63.1546577555339,-2.851,3.455,6.306,6.30632476169758
2023-07-26 13:39:15.176,3546251,3546703,61.2009817301432,61.2049817708333,63.1680498453776,63.1720498860677,-2.888,3.366,6.254,6.25459127361653
2023-07-26 13:39:15.193,3546254,3546706,61.214025797526,61.2180258382161,63.1810939127604,63.1850939534505,-2.886,3.378,6.264,6.26427785143667
2023-07-26 13:39:15.206,3546258,3546710,61.2314179280599,61.23541796875,63.1984857177734,63.2024857584635,-2.912,3.339,6.251,6.25153781081103
2023-07-26 13:39:15.223,3546261,3546713,61.2444617919922,61.2484617919922,63.2115297851563,63.2155298258464,-2.925,3.316,6.241,6.24132814391296
2023-07-26 13:39:15.237,3546265,3546717,61.2618538004557,61.2658538411458,63.2289219156901,63.2329219563802,-2.899,3.327,6.226,6.22655321988016
2023-07-26 13:39:15.254,3546268,3546720,61.2748978678385,61.2788979492188,63.2419656575521,63.2459656982422,-2.936,3.276,6.212,6.21228017719742
2023-07-26 13:39:15.267,3546272,3546724,61.2922899169922,61.2962899169922,63.2593577880859,63.263357828776,-2.949,3.237,6.186,6.18647920872607
2023-07-26 13:39:15.285,3546275,3546727,61.3053337402344,61.3093338216146,63.2724018554687,63.276401936849,-2.91,3.288,6.198,6.19847828099768
2023-07-26 13:39:15.302,3546279,3546731,61.3227258707682,61.3267259114583,63.2897937011719,63.2937937011719,-2.923,3.275,6.198,6.19846593924658
2023-07-26 13:39:15.319,3546283,3546735,61.3401180013021,61.3441180419922,63.3071857503255,63.3111858317057,-2.91,3.275,6.185,6.18541906421869
2023-07-26 13:39:15.336,3546287,3546739,61.357509765625,61.3615098063151,63.3245778808594,63.3285779215495,-2.949,3.239,6.188,6.18849157711312
2023-07-26 13:39:15.354,3546291,3546743,61.3749018961589,61.378901936849,63.3419696858724,63.3459697265625,-2.95,3.227,6.177,6.17715670838939
