Time,Var1,Var2,Var3,Var4,Var5,Var6,TapeEdgeLeft1,TapeEdgeRight1,TapeWidth1,TapeWidth_Arc1
2023-07-26 13:51:56.021,3721097,3721549,54.0287357177734,54.0327357584635,55.9954036865234,55.9994037679036,-4.962,1.156,6.118,6.06954525537521
2023-07-26 13:51:56.034,3721100,3721552,54.0417798258464,54.0457798665365,56.008458211263,56.0124582519531,-4.986,1.144,6.13,6.08297528442637
2023-07-26 13:51:56.047,3721103,3721555,54.0548238932292,54.0588239339193,56.0214918619792,56.0254919433594,-4.983,1.144,6.127,6.0880876099908
2023-07-26 13:51:56.060,3721106,3721558,54.0678680013021,54.0718680419922,56.0345358886719,56.0385358886719,-5.012,1.209,6.221,6.18694936108042
2023-07-26 13:51:56.074,3721109,3721561,54.0809117431641,54.0849117838542,56.0475797119141,56.0515797932943,-5.001,1.094,6.095,6.04163996897768
2023-07-26 13:51:56.087,3721112,3721564,54.0939558105469,54.0979558919271,56.060623819987,56.0646238606771,-5.014,1.132,6.146,6.0966204316406
2023-07-26 13:51:56.100,3721115,3721567,54.1070103352865,54.1110103759766,56.0736678873698,56.07766796875,-5,1.117,6.117,6.07374668837751
2023-07-26 13:51:56.113,3721118,3721570,54.1200438232422,54.1240438232422,56.0867116699219,56.090711710612,-5.051,1.083,6.134,6.08524598967935
2023-07-26 13:51:56.126,3721121,3721573,54.1330877685547,54.1370878092448,56.0997557373047,56.1037557779948,-5.039,1.099,6.138,6.09965128834337
2023-07-26 13:51:56.139,3721124,3721576,54.1461318359375,54.1501319173177,56.1127998453776,56.1167998860677,-5.066,1.108,6.174,6.13136561120436
2023-07-26 13:51:56.152,3721127,3721579,54.1591759440104,54.1631759847005,56.1258439127604,56.1298439534505,-5.129,1.082,6.211,6.16416747324805
2023-07-26 13:51:56.165,3721130,3721582,54.1722196858724,54.1762197265625,56.1388876546224,56.1428877360026,-5.113,1.068,6.181,6.12910767498226
2023-07-26 13:51:56.177,3721133,3721585,54.1852637939453,54.1892638346354,56.1519317626953,56.1559318033854,-5.063,1.12,6.183,6.13471872471301
2023-07-26 13:51:56.190,3721136,3721588,54.1983078613281,54.2023079020182,56.1649758300781,56.1689759114583,-5.045,1.096,6.141,6.09762262678128
2023-07-26 13:51:56.203,3721139,3721591,54.211351969401,54.2153520100911,56.178019938151,56.1820199788411,-5.06,1.106,6.166,6.12891869178802
2023-07-26 13:51:56.217,3721142,3721594,54.2244061279297,54.2284061686198,56.191063680013,56.1950637613932,-5.04,1.157,6.197,6.15239210144909
2023-07-26 13:51:56.230,3721145,3721597,54.2374397786458,54.241439860026,56.2041077880859,56.208107828776,-5.074,1.193,6.267,6.23072598554176
2023-07-26 13:51:56.243,3721148,3721600,54.2504838867187,54.2544839274089,56.2171518554687,56.221151936849,-5.05,1.105,6.155,6.10566957855067
2023-07-26 13:51:56.256,3721151,3721603,54.2635279541016,54.2675280354818,56.2301959635417,56.2341960042318,-5.05,1.091,6.141,6.09411983453724
2023-07-26 13:51:56.269,3721154,3721606,54.2765717366536,54.2805717773438,56.2432397054036,56.2472397460937,-5.09,1.168,6.258,6.21850362591532
2023-07-26 13:51:56.282,3721157,3721609,54.2896158040365,54.2936158854167,56.2562838134766,56.2602838541667,-5.094,1.142,6.236,6.20336451388748
2023-07-26 13:51:56.295,3721160,3721612,54.3026599121094,54.3066599527995,56.2693278808594,56.2733279215495,-5.115,1.12,6.235,6.18742149382661
2023-07-26 13:51:56.308,3721163,3721615,54.3157039794922,54.3197039794922,56.2823718261719,56.2863718261719,-5.152,1.069,6.221,6.18063690803216
2023-07-26 13:51:56.321,3721166,3721618,54.3287477620443,54.3327478027344,56.2954157307943,56.2994157714844,-5.128,1.043,6.171,6.12707811279088
2023-07-26 13:51:56.334,3721169,3721621,54.3417918294271,54.3457918701172,56.3084597981771,56.3124598795573,-5.112,1.043,6.155,6.10700168428929
2023-07-26 13:51:56.347,3721172,3721624,54.3548359375,54.3588359781901,56.32150390625,56.3255039469401,-5.064,1.069,6.133,6.08813606584641
2023-07-26 13:51:56.361,3721175,3721627,54.3678797607422,54.3718797607422,56.334547648112,56.3385477294922,-5.051,1.081,6.132,6.0810557308522
2023-07-26 13:51:56.374,3721178,3721630,54.3809237467448,54.384923828125,56.3475917561849,56.351591796875,-5.061,1.12,6.181,6.13971524441459
2023-07-26 13:51:56.387,3721181,3721633,54.3939678548177,54.3979678955078,56.3606358235677,56.3646359049479,-5.023,1.131,6.154,6.1171609257861
2023-07-26 13:51:56.400,3721184,3721636,54.4070119222005,54.4110120035807,56.3736799316406,56.3776799723307,-5.024,1.13,6.154,6.1145373747839
2023-07-26 13:51:56.413,3721187,3721639,54.4200557047526,54.4240557454427,56.3867236735026,56.3907237141927,-5.025,1.093,6.118,6.07669781585988
2023-07-26 13:51:56.426,3721190,3721642,54.4330997721354,54.4370998535156,56.3997677815755,56.4037678222656,-5.026,1.093,6.119,6.07247420889575
2023-07-26 13:51:56.439,3721193,3721645,54.4461438802083,54.4501439208984,56.4128118489583,56.4168118896484,-5.013,1.091,6.104,6.06576632292664
2023-07-26 13:51:56.452,3721196,3721648,54.4591879475911,54.4631880289714,56.4258559570313,56.4298559977214,-5.023,1.154,6.177,6.14098952771237
2023-07-26 13:51:56.465,3721199,3721651,54.4722317301432,54.4762317708333,56.4388996988932,56.4428997395833,-5.023,1.154,6.177,6.15510417592346
2023-07-26 13:51:56.477,3721202,3721654,54.485275797526,54.4892758382161,56.451943766276,56.4559438476563,-4.989,1.128,6.117,6.08611431918587
2023-07-26 13:51:56.490,3721205,3721657,54.498319905599,54.5023199462891,56.464987874349,56.4689879150391,-4.989,1.155,6.144,6.11012428282862
2023-07-26 13:51:56.503,3721208,3721660,54.5113639729818,54.5153640136719,56.4780319417318,56.4820319824219,-4.988,1.153,6.141,6.10513827546636
2023-07-26 13:51:56.517,3721211,3721663,54.5244077148437,54.528407796224,56.4910757242839,56.495075764974,-4.972,1.152,6.124,6.09389006781656
2023-07-26 13:51:56.530,3721214,3721666,54.5374518229167,54.5414518636068,56.5041197916667,56.5081198730469,-5.02,1.14,6.16,6.1391457693595
2023-07-26 13:51:56.543,3721217,3721669,54.5504958902995,54.5544959716797,56.5171638997396,56.5211639404297,-5.025,1.19,6.215,6.20115829415365
2023-07-26 13:51:56.556,3721220,3721672,54.5635399169922,54.5675399169922,56.5302077636719,56.5342077636719,-5.038,1.155,6.193,6.15852573749772
2023-07-26 13:51:56.569,3721223,3721675,54.5765837402344,54.5805838216146,56.5432517496745,56.5472517903646,-5.026,1.192,6.218,6.18341456909929
2023-07-26 13:51:56.582,3721226,3721678,54.5896278483073,54.5936278889974,56.5562958170573,56.5602958577474,-4.999,1.126,6.125,6.11455514387346
2023-07-26 13:51:56.595,3721229,3721681,54.6026719156901,54.6066719970703,56.5693399251302,56.5733399658203,-5.037,1.114,6.151,6.12943786166026
2023-07-26 13:51:56.608,3721232,3721684,54.6157156982422,54.6197157389323,56.5823836669922,56.5863837076823,-4.999,1.153,6.152,6.12636407885849
2023-07-26 13:51:56.621,3721235,3721687,54.628759765625,54.6327598063151,56.595427734375,56.5994278157552,-4.975,1.14,6.115,6.1043688037519
2023-07-26 13:51:56.634,3721238,3721690,54.6418038736979,54.645803914388,56.6084718424479,56.612471883138,-5.038,1.127,6.165,6.14772853138185
2023-07-26 13:51:56.647,3721241,3721693,54.6548479410807,54.6588479817708,56.6215159098307,56.6255159912109,-5.013,1.114,6.127,6.10867001844234
2023-07-26 13:51:56.661,3721244,3721696,54.6678916829427,54.6718917643229,56.6345596923828,56.6385597330729,-4.988,1.102,6.09,6.07404260151181
2023-07-26 13:51:56.674,3721247,3721699,54.6809357910156,54.6849358317057,56.6476037597656,56.6516038411458,-4.984,1.088,6.072,6.05215708658445
2023-07-26 13:51:56.687,3721250,3721702,54.6939798583984,54.6979799397786,56.6606478678385,56.6646479085287,-4.984,1.076,6.06,6.05380708472371
2023-07-26 13:51:56.700,3721253,3721705,54.7070239664714,54.7110240071615,56.6736919352214,56.6776920166016,-5.015,1.113,6.128,6.126308864949
2023-07-26 13:51:56.713,3721256,3721708,54.7200677083333,54.7240677897135,56.6867357177734,56.6907357584635,-4.989,1.086,6.075,6.06184072325105
2023-07-26 13:51:56.726,3721259,3721711,54.7331118164063,54.7371118570964,56.6997797851563,56.7037798258464,-5,1.112,6.112,6.08105768956035
2023-07-26 13:51:56.739,3721262,3721714,54.7461558837891,54.7501559651693,56.7128238932292,56.7168239339193,-5.011,1.111,6.122,6.10031958791338
2023-07-26 13:51:56.752,3721265,3721717,54.759199991862,54.7632000325521,56.7258679199219,56.7298679199219,-5.028,1.125,6.153,6.15581326549126
2023-07-26 13:51:56.765,3721268,3721720,54.772243733724,54.7762437744141,56.738911702474,56.7429117838542,-5.098,1.075,6.173,6.18247136147606
2023-07-26 13:51:56.777,3721271,3721723,54.7852878417969,54.789287882487,56.7519558105469,56.755955851237,-5.088,1.102,6.19,6.18295334406258
2023-07-26 13:51:56.790,3721274,3721726,54.7983319091797,54.8023319498698,56.7650102945964,56.7690103759766,-5.076,1.038,6.114,6.10484105403838
2023-07-26 13:51:56.804,3721277,3721729,54.8113758544922,54.8153758544922,56.7780437011719,56.7820437011719,-5.1,1.026,6.126,6.12906210520151
2023-07-26 13:51:56.817,3721280,3721732,54.8244197591146,54.8284197998047,56.7910877278646,56.7950878092448,-5.063,1.014,6.077,6.07197953995369
2023-07-26 13:51:56.830,3721283,3721735,54.8374638264974,54.8414639078776,56.8041318359375,56.8081318766276,-5.063,1.039,6.102,6.09044760165571
2023-07-26 13:51:56.843,3721286,3721738,54.8505079345703,54.8545079752604,56.8171759033203,56.8211759847005,-5.012,1.102,6.114,6.09115329390553
2023-07-26 13:51:56.856,3721289,3721741,54.8635516764323,54.8675517578125,56.8302196858724,56.8342197265625,-5.039,1.076,6.115,6.1037491007344
2023-07-26 13:51:56.869,3721292,3721744,54.8765957845052,54.8805958251953,56.8432637532552,56.8472637939453,-5.022,1.05,6.072,6.07542000810735
2023-07-26 13:51:56.882,3721295,3721747,54.889639851888,54.8936399332682,56.8563078613281,56.8603079020182,-5.077,1.089,6.166,6.16459728286763
2023-07-26 13:51:56.896,3721298,3721750,54.9026839599609,54.906684000651,56.8693519287109,56.873351969401,-5.05,1.113,6.163,6.15087977009234
2023-07-26 13:51:56.909,3721301,3721753,54.9157277018229,54.919727742513,56.8823956705729,56.8864061686198,-5.063,1.063,6.126,6.11733149640412
2023-07-26 13:51:56.922,3721304,3721756,54.9287718098958,54.9327718505859,56.8954397786458,56.8994398193359,-5.063,1.061,6.124,6.12055423378731
2023-07-26 13:51:56.935,3721307,3721759,54.9418158772786,54.9458159179687,56.9084838460286,56.9124839274089,-5.034,1.113,6.147,6.14738612272678
2023-07-26 13:51:56.947,3721310,3721762,54.9548599853516,54.9588600260417,56.9215279541016,56.9255279947917,-5.023,1.151,6.174,6.17240607500207
2023-07-26 13:51:56.960,3721313,3721765,54.9679037272135,54.9719037679036,56.9345716959635,56.9385717773437,-5.064,1.076,6.14,6.1289264256512
2023-07-26 13:51:56.973,3721316,3721768,54.980958211263,54.9849582926432,56.9476158040365,56.9516158447266,-5.037,1.087,6.124,6.1082173908164
2023-07-26 13:51:56.986,3721319,3721771,54.9939919026693,54.9979919433594,56.9606598714193,56.9646599527995,-5.076,1.038,6.114,6.08524347468608
2023-07-26 13:51:56.999,3721322,3721774,55.0070359700521,55.0110360107422,56.9737038574219,56.9777038574219,-5.088,1.027,6.115,6.08648313207725
2023-07-26 13:51:57.012,3721325,3721777,55.0200797526042,55.0240797932943,56.9867477213542,56.9907477620443,-5.045,1.039,6.084,6.07488501447608
2023-07-26 13:51:57.025,3721328,3721780,55.033123819987,55.0371239013672,56.9997918294271,57.0037918701172,-5.051,1.077,6.128,6.10983279143954
2023-07-26 13:51:57.038,3721331,3721783,55.0461679280599,55.05016796875,57.0128358968099,57.0168359375,-5.05,1.027,6.077,6.0578057988694
2023-07-26 13:51:57.052,3721334,3721786,55.0592117919922,55.0632117919922,57.0258796386719,57.0298797200521,-5.026,1.051,6.077,6.0546079218769
2023-07-26 13:51:57.065,3721337,3721789,55.0722557779948,55.0762558186849,57.0389237467448,57.0429237874349,-5.027,1.039,6.066,6.04593714071797
2023-07-26 13:51:57.078,3721340,3721792,55.0852998453776,55.0892998860677,57.0519678141276,57.0559678955078,-5.024,1.063,6.087,6.07342172116038
2023-07-26 13:51:57.091,3721343,3721795,55.0983439534505,55.1023439941406,57.0650119222005,57.0690119628906,-4.973,1.088,6.061,6.06410760657513
2023-07-26 13:51:57.103,3721346,3721798,55.1113876953125,55.1153877360026,57.0780556640625,57.0820557454427,-4.963,1.101,6.064,6.06432100531872
2023-07-26 13:51:57.116,3721349,3721801,55.1244317626953,55.1284318440755,57.0910997721354,57.0950998128255,-4.986,1.088,6.074,6.06138874399665
2023-07-26 13:51:57.130,3721352,3721804,55.1374758707682,55.1414759114583,57.1041438395182,57.1081439208984,-4.948,1.101,6.049,6.04916102065817
2023-07-26 13:51:57.143,3721355,3721807,55.150519938151,55.1545200195312,57.1171879475911,57.1211879882812,-5,1.05,6.05,6.05978167253515
2023-07-26 13:51:57.156,3721358,3721810,55.1635637207031,55.1675637613932,57.1302316894531,57.1342317301432,-4.97,1.077,6.047,6.03053743294477
2023-07-26 13:51:57.169,3721361,3721813,55.1766077880859,55.1806078694662,57.143275797526,57.1472758382161,-5.023,1.087,6.11,6.10893044764655
2023-07-26 13:51:57.182,3721364,3721816,55.1896518961589,55.193651936849,57.1563198649089,57.160319905599,-5.079,1.1,6.179,6.19135887404824
2023-07-26 13:51:57.195,3721367,3721819,55.2026959635417,55.2066960449219,57.1693639729818,57.1733640136719,-5.05,1.138,6.188,6.16271279872135
2023-07-26 13:51:57.208,3721370,3721822,55.2157397460938,55.2197397867839,57.1824077148437,57.1864077555338,-5.051,1.15,6.201,6.16219560131417
2023-07-26 13:51:57.221,3721373,3721825,55.2287838134766,55.2327838541667,57.1954517822266,57.1994518636068,-5.073,1.174,6.247,6.25456505126851
2023-07-26 13:51:57.234,3721376,3721828,55.2418279215495,55.2458279622396,57.2084958902995,57.2124959309896,-5.055,1.137,6.192,6.18712949761969
2023-07-26 13:51:57.247,3721379,3721831,55.2548719482422,55.2588719482422,57.2215397949219,57.2255397949219,-5.084,1.164,6.248,6.23240675137172
2023-07-26 13:51:57.260,3721382,3721834,55.2679157307943,55.2719158121745,57.2345837402344,57.2385837809245,-5.067,1.188,6.255,6.23429924221848
2023-07-26 13:51:57.274,3721385,3721837,55.2809598388672,55.2849598795573,57.2476278076172,57.2516278889974,-5.05,1.101,6.151,6.1495135930557
2023-07-26 13:51:57.287,3721388,3721840,55.29400390625,55.2980039876302,57.2606719156901,57.2646719563802,-5.039,1.126,6.165,6.13898428251142
2023-07-26 13:51:57.300,3721391,3721843,55.3070477294922,55.3110477294922,57.2737156575521,57.2777156982422,-4.999,1.113,6.112,6.09874801354572
2023-07-26 13:51:57.313,3721394,3721846,55.3200917561849,55.3240918375651,57.286759765625,57.2907598063151,-4.975,1.113,6.088,6.06899468916977
2023-07-26 13:51:57.326,3721397,3721849,55.3331358642578,55.3371359049479,57.2998038330078,57.3038038736979,-4.949,1.077,6.026,6.01514426480623
2023-07-26 13:51:57.339,3721400,3721852,55.3461799316406,55.3501800130208,57.3128479410807,57.3168479817708,-4.91,1.163,6.073,6.05924012663677
2023-07-26 13:51:57.352,3721403,3721855,55.3592237141927,55.3632237548828,57.3258916829427,57.3298917236328,-4.896,1.15,6.046,6.04177481068919
2023-07-26 13:51:57.365,3721406,3721858,55.3722677815755,55.3762678222656,57.3389357503255,57.3429358317057,-4.949,1.251,6.2,6.19241219842326
2023-07-26 13:51:57.378,3721409,3721861,55.3853118896484,55.3893119303385,57.3519798583984,57.3559798990885,-4.898,1.238,6.136,6.12334195780278
2023-07-26 13:51:57.391,3721412,3721864,55.3983559570312,55.4023559977214,57.3650239257813,57.3690240071615,-4.862,1.226,6.088,6.06899046334377
2023-07-26 13:51:57.403,3721415,3721867,55.4113996988932,55.4153997802734,57.3780677083333,57.3820677490234,-4.811,1.239,6.05,6.03005620749085
2023-07-26 13:51:57.417,3721418,3721870,55.4244438069661,55.4284438476563,57.3911117757161,57.3951118570964,-4.822,1.312,6.134,6.13053241770873
2023-07-26 13:51:57.430,3721421,3721873,55.437487874349,55.4414879557292,57.4041558837891,57.4081559244792,-4.81,1.338,6.148,6.13400887377593
2023-07-26 13:51:57.443,3721424,3721876,55.4505319824219,55.454532023112,57.4171999511719,57.4211999511719,-4.81,1.314,6.124,6.09782922900081
2023-07-26 13:51:57.456,3721427,3721879,55.4635757242839,55.4675758056641,57.430243733724,57.4342437744141,-4.798,1.288,6.086,6.06494360593132
2023-07-26 13:51:57.469,3721430,3721882,55.4766198323568,55.4806198730469,57.4432878011068,57.4472878417969,-4.798,1.29,6.088,6.05352592850846
2023-07-26 13:51:57.482,3721433,3721885,55.4896638997396,55.4936639811198,57.4563319091797,57.4603319498698,-4.796,1.302,6.098,6.06844543526825
2023-07-26 13:51:57.495,3721436,3721888,55.5027078857422,55.5067078857422,57.4693757324219,57.4733757324219,-4.795,1.302,6.097,6.0779224206692
2023-07-26 13:51:57.508,3721439,3721891,55.5157517496745,55.5197517903646,57.4824197184245,57.4864197998047,-4.798,1.289,6.087,6.05811901938784
2023-07-26 13:51:57.521,3721442,3721894,55.5287958577474,55.5327958984375,57.4954638264974,57.4994638671875,-4.824,1.291,6.115,6.08023412812638
2023-07-26 13:51:57.534,3721445,3721897,55.5418399251302,55.5458399658203,57.5085078938802,57.5125079752604,-4.824,1.317,6.141,6.10682643377325
2023-07-26 13:51:57.547,3721448,3721900,55.5548836669922,55.5588837483724,57.5215516764323,57.5255517171224,-4.812,1.252,6.064,6.03835805594349
2023-07-26 13:51:57.561,3721451,3721903,55.5679277750651,55.5719278157552,57.5345957438151,57.5385958251953,-4.798,1.262,6.06,6.04703964418791
2023-07-26 13:51:57.574,3721454,3721906,55.5809718424479,55.5849719238281,57.547639851888,57.5516398925781,-4.811,1.252,6.063,6.04189951140425
2023-07-26 13:51:57.587,3721457,3721909,55.5940159505208,55.5980159912109,57.5606839192708,57.564684000651,-4.799,1.339,6.138,6.11850376141214
2023-07-26 13:51:57.600,3721460,3721912,55.6070596923828,55.611059773763,57.5737277018229,57.577727742513,-4.772,1.315,6.087,6.06499173623191
2023-07-26 13:51:57.613,3721463,3721915,55.6201038004557,55.6241038411458,57.5867717692057,57.5907718098958,-4.813,1.302,6.115,6.08970064694954
2023-07-26 13:51:57.626,3721466,3721918,55.6331478678385,55.6371479492188,57.5998158772786,57.6038159179687,-4.811,1.34,6.151,6.11272613685587
2023-07-26 13:51:57.639,3721469,3721921,55.6461919759115,55.6501920166016,57.6128599446615,57.6168599853516,-4.818,1.355,6.173,6.14120950061982
2023-07-26 13:51:57.652,3721472,3721924,55.6592357177734,55.6632357584635,57.6259036865234,57.6299037679036,-4.846,1.314,6.16,6.1397768649395
2023-07-26 13:51:57.665,3721475,3721927,55.6722798258464,55.6762798665365,57.638958211263,57.6429582519531,-4.823,1.366,6.189,6.15593195744475
2023-07-26 13:51:57.678,3721478,3721930,55.6853238932292,55.6893239339193,57.6519918619792,57.6559919433594,-4.835,1.313,6.148,6.11187610908998
2023-07-26 13:51:57.691,3721481,3721933,55.6983680013021,55.7023680419922,57.6650358886719,57.6690358886719,-4.861,1.251,6.112,6.07456198935661
2023-07-26 13:51:57.703,3721484,3721936,55.7114117431641,55.7154117838542,57.6780797119141,57.6820797932943,-4.896,1.338,6.234,6.19979848381001
2023-07-26 13:51:57.717,3721487,3721939,55.7244558105469,55.7284558919271,57.691123819987,57.6951238606771,-4.902,1.302,6.204,6.18545644441541
2023-07-26 13:51:57.730,3721490,3721942,55.7375103352865,55.7415103759766,57.7041678873698,57.70816796875,-4.944,1.354,6.298,6.2719402546156
2023-07-26 13:51:57.743,3721493,3721945,55.7505438232422,55.7545438232422,57.7172116699219,57.721211710612,-4.913,1.341,6.254,6.21977765541524
2023-07-26 13:51:57.756,3721496,3721948,55.7635877685547,55.7675878092448,57.7302557373047,57.7342557779948,-4.911,1.242,6.153,6.1165675883614
2023-07-26 13:51:57.769,3721499,3721951,55.7766318359375,55.7806319173177,57.7432998453776,57.7472998860677,-4.911,1.255,6.166,6.13079661266469
2023-07-26 13:51:57.782,3721502,3721954,55.7896759440104,55.7936759847005,57.7563439127604,57.7603439534505,-4.923,1.253,6.176,6.14997105471285
2023-07-26 13:51:57.795,3721505,3721957,55.8027196858724,55.8067197265625,57.7693876546224,57.7733877360026,-4.911,1.279,6.19,6.1514577385756
2023-07-26 13:51:57.809,3721508,3721960,55.8157637939453,55.8197638346354,57.7824317626953,57.7864318033854,-4.873,1.255,6.128,6.09407135954072
2023-07-26 13:51:57.822,3721511,3721963,55.8288078613281,55.8328079020182,57.7954758300781,57.7994759114583,-4.847,1.305,6.152,6.12160402329472
2023-07-26 13:51:57.835,3721514,3721966,55.841851969401,55.8458520100911,57.808519938151,57.8125199788411,-4.832,1.329,6.161,6.13259552913625
2023-07-26 13:51:57.848,3721517,3721969,55.8549061279297,55.8589061686198,57.821563680013,57.8255637613932,-4.873,1.365,6.238,6.20984815859839
2023-07-26 13:51:57.861,3721520,3721972,55.8679397786458,55.871939860026,57.8346077880859,57.838607828776,-4.898,1.317,6.215,6.1807797733349
2023-07-26 13:51:57.873,3721523,3721975,55.8809838867188,55.8849839274089,57.8476518554687,57.851651936849,-4.886,1.304,6.19,6.15731584633605
2023-07-26 13:51:57.890,3721526,3721978,55.8940279541016,55.8980280354818,57.8606959635417,57.8646960042318,-4.886,1.253,6.139,6.1062661632642
2023-07-26 13:51:57.904,3721530,3721982,55.9114197591146,55.9154197998047,57.8780877278646,57.8820878092448,-4.881,1.268,6.149,6.11173497121816
2023-07-26 13:51:57.917,3721533,3721985,55.9244638264974,55.9284639078776,57.8911318359375,57.8951318766276,-4.898,1.354,6.252,6.22195084836221
2023-07-26 13:51:57.930,3721536,3721988,55.9375079345703,55.9415079752604,57.9041759033203,57.9081759847005,-4.886,1.254,6.14,6.10544183475626
2023-07-26 13:51:57.943,3721539,3721991,55.9505516764323,55.9545517578125,57.9172196858724,57.9212197265625,-4.886,1.266,6.152,6.11635398768564
2023-07-26 13:51:57.956,3721542,3721994,55.9635957845052,55.9675958251953,57.9302637532552,57.9342637939453,-4.898,1.278,6.176,6.137098584751
2023-07-26 13:51:57.969,3721545,3721997,55.9766398925781,55.9806399332682,57.9433078613281,57.9473079020182,-4.857,1.215,6.072,6.04131375720738
2023-07-26 13:51:57.982,3721548,3722000,55.9896839599609,55.993684000651,57.9563519287109,57.960351969401,-4.882,1.378,6.26,6.23953882661407
2023-07-26 13:51:57.995,3721551,3722003,56.0027277018229,56.006727742513,57.9693956705729,57.9734061686198,-4.848,1.366,6.214,6.18246613081373
2023-07-26 13:51:58.008,3721554,3722006,56.0157718098958,56.0197718505859,57.9824397786458,57.9864398193359,-4.848,1.392,6.24,6.20573696839999
2023-07-26 13:51:58.021,3721557,3722009,56.0288158772786,56.0328159179687,57.9954838460286,57.9994839274089,-4.848,1.305,6.153,6.11454004172818
2023-07-26 13:51:58.034,3721560,3722012,56.0418599853516,56.0458600260417,58.0085279541016,58.0125279947917,-4.873,1.319,6.192,6.1503736973008
2023-07-26 13:51:58.048,3721563,3722015,56.0549037272135,56.0589037679036,58.0215716959635,58.0255717773437,-4.873,1.33,6.203,6.16481138321083
2023-07-26 13:51:58.061,3721566,3722018,56.067958211263,56.0719582926432,58.0346158040365,58.0386158447266,-4.897,1.365,6.262,6.23552795714959
2023-07-26 13:51:58.074,3721569,3722021,56.0809919026693,56.0849919433594,58.0476598714193,58.0516599527995,-4.886,1.317,6.203,6.16337290772699
2023-07-26 13:51:58.087,3721572,3722024,56.0940359700521,56.0980360107422,58.0607038574219,58.0647038574219,-4.823,1.293,6.116,6.08006971300896
2023-07-26 13:51:58.100,3721575,3722027,56.1070797526042,56.1110797932943,58.0737477213542,58.0777477620443,-4.822,1.33,6.152,6.11407578716847
2023-07-26 13:51:58.113,3721578,3722030,56.120123819987,56.1241239013672,58.0867918294271,58.0907918701172,-4.846,1.331,6.177,6.13850147111
2023-07-26 13:51:58.126,3721581,3722033,56.1331679280599,56.13716796875,58.0998358968099,58.1038359375,-4.806,1.316,6.122,6.09268296840575
2023-07-26 13:51:58.139,3721584,3722036,56.1462117919922,56.1502117919922,58.1128796386719,58.1168797200521,-4.848,1.391,6.239,6.20692729843282
2023-07-26 13:51:58.152,3721587,3722039,56.1592557779948,56.1632558186849,58.1259237467448,58.1299237874349,-4.835,1.368,6.203,6.16454703276895
2023-07-26 13:51:58.165,3721590,3722042,56.1722998453776,56.1762998860677,58.1389678141276,58.1429678955078,-4.811,1.391,6.202,6.15472170559722
2023-07-26 13:51:58.177,3721593,3722045,56.1853439534505,56.1893439941406,58.1520119222005,58.1560119628906,-4.734,1.326,6.06,6.0185163604404
2023-07-26 13:51:58.190,3721596,3722048,56.1983876953125,56.2023877360026,58.1650556640625,58.1690557454427,-4.7,1.428,6.128,6.08932246467324
2023-07-26 13:51:58.204,3721599,3722051,56.2114317626953,56.2154318440755,58.1780997721354,58.1820998128255,-4.763,1.305,6.068,6.04302290948746
2023-07-26 13:51:58.217,3721602,3722054,56.2244758707682,56.2284759114583,58.1911438395182,58.1951439208984,-4.758,1.405,6.163,6.12804774556046
2023-07-26 13:51:58.230,3721605,3722057,56.237519938151,56.2415200195313,58.2041879475911,58.2081879882813,-4.799,1.393,6.192,6.15670326295205
2023-07-26 13:51:58.243,3721608,3722060,56.2505637207031,56.2545637613932,58.2172316894531,58.2212317301432,-4.761,1.366,6.127,6.09076758363137
2023-07-26 13:51:58.256,3721611,3722063,56.2636077880859,56.2676078694661,58.230275797526,58.2342758382161,-4.747,1.431,6.178,6.14040094178715
2023-07-26 13:51:58.269,3721614,3722066,56.2766518961589,56.280651936849,58.2433198649089,58.247319905599,-4.736,1.416,6.152,6.12309612876345
2023-07-26 13:51:58.282,3721617,3722069,56.2896959635417,56.2936960449219,58.2563639729818,58.2603640136719,-4.722,1.43,6.152,6.1122976051994
2023-07-26 13:51:58.295,3721620,3722072,56.3027397460937,56.3067397867839,58.2694077148437,58.2734077555339,-4.711,1.418,6.129,6.09239382897093
2023-07-26 13:51:58.308,3721623,3722075,56.3157838134766,56.3197838541667,58.2824517822266,58.2864518636068,-4.734,1.44,6.174,6.14732700980161
2023-07-26 13:51:58.321,3721626,3722078,56.3288279215495,56.3328279622396,58.2954958902995,58.2994959309896,-4.762,1.354,6.116,6.08580679289691
2023-07-26 13:51:58.334,3721629,3722081,56.3418719482422,56.3458719482422,58.3085397949219,58.3125397949219,-4.773,1.468,6.241,6.19763900373947
2023-07-26 13:51:58.347,3721632,3722084,56.3549157307943,56.3589158121745,58.3215837402344,58.3255837809245,-4.772,1.405,6.177,6.14317899362806
2023-07-26 13:51:58.361,3721635,3722087,56.3679598388672,56.3719598795573,58.3346278076172,58.3386278889974,-4.799,1.381,6.18,6.13868097867096
2023-07-26 13:51:58.374,3721638,3722090,56.38100390625,56.3850039876302,58.3476719156901,58.3516719563802,-4.809,1.33,6.139,6.0956507781352
2023-07-26 13:51:58.387,3721641,3722093,56.3940477294922,56.3980477294922,58.3607156575521,58.3647156982422,-4.857,1.292,6.149,6.10587207319689
2023-07-26 13:51:58.400,3721644,3722096,56.4070917561849,56.4110918375651,58.373759765625,58.3777598063151,-4.912,1.343,6.255,6.2146013414177
2023-07-26 13:51:58.413,3721647,3722099,56.4201358642578,56.4241359049479,58.3868038330078,58.3908038736979,-4.936,1.266,6.202,6.15995033242375
2023-07-26 13:51:58.426,3721650,3722102,56.4331799316406,56.4371800130208,58.3998479410807,58.4038479817708,-4.923,1.241,6.164,6.12581086760261
2023-07-26 13:51:58.439,3721653,3722105,56.4462237141927,56.4502237548828,58.4128916829427,58.4168917236328,-4.923,1.255,6.178,6.13093469521174
2023-07-26 13:51:58.452,3721656,3722108,56.4592677815755,56.4632678222656,58.4259357503255,58.4299358317057,-4.871,1.193,6.064,6.02083108190907
2023-07-26 13:51:58.465,3721659,3722111,56.4723118896484,56.4763119303385,58.4389798583984,58.4429798990885,-4.832,1.329,6.161,6.12833307094379
2023-07-26 13:51:58.477,3721662,3722114,56.4853559570313,56.4893559977214,58.4520239257812,58.4560240071615,-4.786,1.331,6.117,6.07281254850538
2023-07-26 13:51:58.491,3721665,3722117,56.4983996988932,56.5023997802734,58.4650677083333,58.4690677490234,-4.772,1.345,6.117,6.07704810365674
2023-07-26 13:51:58.504,3721668,3722120,56.5114438069661,56.5154438476563,58.4781117757161,58.4821118570964,-4.797,1.292,6.089,6.05673607635951
2023-07-26 13:51:58.517,3721671,3722123,56.524487874349,56.5284879557292,58.4911558837891,58.4951559244792,-4.799,1.365,6.164,6.12450589135181
2023-07-26 13:51:58.530,3721674,3722126,56.5375319824219,56.541532023112,58.5041999511719,58.5081999511719,-4.784,1.329,6.113,6.08371926013774
2023-07-26 13:51:58.543,3721677,3722129,56.5505757242839,56.5545758056641,58.517243733724,58.5212437744141,-4.812,1.379,6.191,6.15438812960305
2023-07-26 13:51:58.556,3721680,3722132,56.5636198323568,56.5676198730469,58.5302878011068,58.5342878417969,-4.81,1.38,6.19,6.15110710782622
2023-07-26 13:51:58.569,3721683,3722135,56.5766638997396,56.5806639811198,58.5433319091797,58.5473319498698,-4.823,1.355,6.178,6.14142195478884
2023-07-26 13:51:58.582,3721686,3722138,56.5897078857422,56.5937078857422,58.5563757324219,58.5603757324219,-4.797,1.34,6.137,6.1020814713281
2023-07-26 13:51:58.595,3721689,3722141,56.6027517496745,56.6067517903646,58.5694197184245,58.5734197998047,-4.809,1.341,6.15,6.11435328505504
2023-07-26 13:51:58.608,3721692,3722144,56.6157958577474,56.6197958984375,58.5824638264974,58.5864638671875,-4.806,1.341,6.147,6.12233503287117
2023-07-26 13:51:58.621,3721695,3722147,56.6288399251302,56.6328399658203,58.5955078938802,58.5995079752604,-4.861,1.378,6.239,6.20728079526912
2023-07-26 13:51:58.634,3721698,3722150,56.6418836669922,56.6458837483724,58.6085516764323,58.6125517171224,-4.861,1.327,6.188,6.16522204524999
2023-07-26 13:51:58.648,3721701,3722153,56.6549277750651,56.6589278157552,58.6215957438151,58.6255958251953,-4.874,1.327,6.201,6.16280741395945
2023-07-26 13:51:58.661,3721704,3722156,56.6679718424479,56.6719719238281,58.634639851888,58.6386398925781,-4.873,1.19,6.063,6.01745640403697
2023-07-26 13:51:58.674,3721707,3722159,56.6810159505208,56.6850159912109,58.6476839192708,58.651684000651,-4.864,1.311,6.175,6.15315969676599
2023-07-26 13:51:58.687,3721710,3722162,56.6940596923828,56.698059773763,58.6607277018229,58.664727742513,-4.902,1.19,6.092,6.07214590418271
2023-07-26 13:51:58.700,3721713,3722165,56.7071038004557,56.7111038411458,58.6737717692057,58.6777718098958,-4.896,1.306,6.202,6.16594747072288
2023-07-26 13:51:58.713,3721716,3722168,56.7201478678385,56.7241479492188,58.6868158772786,58.6908159179687,-4.911,1.291,6.202,6.16326868038623
2023-07-26 13:51:58.726,3721719,3722171,56.7331919759115,56.7371920166016,58.6998599446615,58.7038599853516,-4.861,1.28,6.141,6.10717749894621
2023-07-26 13:51:58.739,3721722,3722174,56.7462357177734,56.7502357584635,58.7129036865234,58.7169037679036,-4.848,1.315,6.163,6.13748409149812
2023-07-26 13:51:58.752,3721725,3722177,56.7592798258464,56.7632798665365,58.725958211263,58.7299582519531,-4.835,1.265,6.1,6.07454467626032
2023-07-26 13:51:58.765,3721728,3722180,56.7723238932292,56.7763239339193,58.7389918619792,58.7429919433594,-4.811,1.241,6.052,6.01761271054226
2023-07-26 13:51:58.777,3721731,3722183,56.7853680013021,56.7893680419922,58.7520358886719,58.7560358886719,-4.847,1.204,6.051,6.01661958358212
2023-07-26 13:51:58.791,3721734,3722186,56.7984117431641,56.8024117838542,58.7650797119141,58.7690797932943,-4.871,1.242,6.113,6.08477749531285
2023-07-26 13:51:58.804,3721737,3722189,56.8114558105469,56.8154558919271,58.778123819987,58.7821238606771,-4.897,1.216,6.113,6.08713659758233
2023-07-26 13:51:58.817,3721740,3722192,56.8245103352865,56.8285103759766,58.7911678873698,58.79516796875,-4.874,1.292,6.166,6.12292541454887
2023-07-26 13:51:58.830,3721743,3722195,56.8375438232422,56.8415438232422,58.8042116699219,58.808211710612,-4.886,1.23,6.116,6.08193747035232
2023-07-26 13:51:58.843,3721746,3722198,56.8505877685547,56.8545878092448,58.8172557373047,58.8212557779948,-4.873,1.205,6.078,6.032778669542
2023-07-26 13:51:58.856,3721749,3722201,56.8636318359375,56.8676319173177,58.8302998453776,58.8342998860677,-4.873,1.204,6.077,6.03230072527367
2023-07-26 13:51:58.869,3721752,3722204,56.8766759440104,56.8806759847005,58.8433439534505,58.8473439534505,-4.907,1.13,6.037,5.99861843702923
2023-07-26 13:51:58.882,3721755,3722207,56.8897196858724,56.8937197265625,58.8563876546224,58.8603877360026,-4.96,1.292,6.252,6.20904184544809
2023-07-26 13:51:58.895,3721758,3722210,56.9027637939453,56.9067638346354,58.8694317626953,58.8734318033854,-4.975,1.23,6.205,6.16369150991012
2023-07-26 13:51:58.908,3721761,3722213,56.9158078613281,56.9198079020182,58.8824758300781,58.8864759114583,-4.962,1.282,6.244,6.19369578718092
2023-07-26 13:51:58.921,3721764,3722216,56.928851969401,56.9328520100911,58.895519938151,58.8995199788411,-4.974,1.317,6.291,6.24389586852293
2023-07-26 13:51:58.935,3721767,3722219,56.9419061279297,56.9459061686198,58.908563680013,58.9125637613932,-4.945,1.192,6.137,6.10108178251793
2023-07-26 13:51:58.948,3721770,3722222,56.9549397786458,56.958939860026,58.9216077880859,58.925607828776,-4.945,1.282,6.227,6.18566173705721
2023-07-26 13:51:58.961,3721773,3722225,56.9679838867187,56.9719839274088,58.9346518554687,58.938651936849,-4.936,1.193,6.129,6.08545642387709
2023-07-26 13:51:58.974,3721776,3722228,56.9810279541016,56.9850280354818,58.9476959635417,58.9516960042318,-4.948,1.22,6.168,6.12083305726083
2023-07-26 13:51:58.987,3721779,3722231,56.9940717366536,56.9980717773437,58.9607397054036,58.9647397460937,-4.961,1.143,6.104,6.05880760239275
2023-07-26 13:51:59.000,3721782,3722234,57.0071158040365,57.0111158854167,58.9737838134766,58.9777838541667,-5.001,1.193,6.194,6.15245412009485
2023-07-26 13:51:59.013,3721785,3722237,57.0201599121094,57.0241599527995,58.9868278808594,58.9908279215495,-4.988,1.168,6.156,6.11792344115808
2023-07-26 13:51:59.026,3721788,3722240,57.0332039794922,57.0372039794922,58.9998718261719,59.0038718261719,-4.999,1.216,6.215,6.17874490278435
2023-07-26 13:51:59.039,3721791,3722243,57.0462477620443,57.0502478027344,59.0129157307943,59.0169157714844,-5,1.192,6.192,6.15392019182506
2023-07-26 13:51:59.052,3721794,3722246,57.0592918294271,57.0632918701172,59.0259597981771,59.0299598795573,-5.012,1.167,6.179,6.13897707705165
2023-07-26 13:51:59.065,3721797,3722249,57.0723359375,57.0763359781901,59.03900390625,59.0430039469401,-5.012,1.156,6.168,6.12086975015846
2023-07-26 13:51:59.077,3721800,3722252,57.0853797607422,57.0893797607422,59.052047648112,59.0560477294922,-5.038,1.166,6.204,6.16424844118554
2023-07-26 13:51:59.091,3721803,3722255,57.0984237467448,57.102423828125,59.0650917561849,59.069091796875,-5.034,1.142,6.176,6.13463081589947
2023-07-26 13:51:59.104,3721806,3722258,57.1114678548177,57.1154678955078,59.0781358235677,59.0821359049479,-5.049,1.216,6.265,6.22998700843709
2023-07-26 13:51:59.117,3721809,3722261,57.1245119222005,57.1285120035807,59.0911799316406,59.0951799723307,-5.024,1.165,6.189,6.15226253331652
2023-07-26 13:51:59.130,3721812,3722264,57.1375557047526,57.1415557454427,59.1042236735026,59.1082237141927,-5.012,1.164,6.176,6.13201231333014
2023-07-26 13:51:59.143,3721815,3722267,57.1505997721354,57.1545998535156,59.1172677815755,59.1212678222656,-4.987,1.039,6.026,5.9782317728985
2023-07-26 13:51:59.156,3721818,3722270,57.1636438802083,57.1676439208984,59.1303118489583,59.1343118896484,-4.938,1.189,6.127,6.08798935776903
2023-07-26 13:51:59.169,3721821,3722273,57.1766879475911,57.1806880289714,59.1433559570313,59.1473559977214,-4.99,1.079,6.069,6.04005663539455
2023-07-26 13:51:59.182,3721824,3722276,57.1897317301432,57.1937317708333,59.1563996988932,59.1603997395833,-5.049,1.18,6.229,6.19583860004624
2023-07-26 13:51:59.195,3721827,3722279,57.202775797526,57.2067758382161,59.169443766276,59.1734438476563,-5.039,1.166,6.205,6.16870836163059
2023-07-26 13:51:59.208,3721830,3722282,57.215819905599,57.2198199462891,59.182487874349,59.1864879150391,-5.037,1.143,6.18,6.14148045143222
2023-07-26 13:51:59.221,3721833,3722285,57.2288639729818,57.2328640136719,59.1955319417318,59.1995319824219,-5.037,1.166,6.203,6.17109309473378
2023-07-26 13:51:59.235,3721836,3722288,57.2419077148437,57.245907796224,59.2085757242839,59.212575764974,-5.026,1.156,6.182,6.13897152871769
2023-07-26 13:51:59.248,3721839,3722291,57.2549518229167,57.2589518636068,59.2216197916667,59.2256198730469,-5.027,1.142,6.169,6.12820238828452
2023-07-26 13:51:59.261,3721842,3722294,57.2679958902995,57.2719959716797,59.2346638997396,59.2386639404297,-5.024,1.08,6.104,6.06704372200133
2023-07-26 13:51:59.278,3721845,3722297,57.2810399169922,57.2850399169922,59.2477077636719,59.2517077636719,-5.06,1.106,6.166,6.12629614534051
2023-07-26 13:51:59.291,3721849,3722301,57.2984317626953,57.3024318440755,59.2650997721354,59.2690998128255,-5.062,1.166,6.228,6.18876191552147
2023-07-26 13:51:59.304,3721852,3722304,57.3114758707682,57.3154759114583,59.2781438395182,59.2821439208984,-5.077,1.132,6.209,6.1634593229307
2023-07-26 13:51:59.317,3721855,3722307,57.324519938151,57.3285200195312,59.2911879475911,59.2951879882812,-5.037,1.13,6.167,6.12759747337065
2023-07-26 13:51:59.330,3721858,3722310,57.3375637207031,57.3415637613932,59.3042316894531,59.3082317301432,-5.05,1.116,6.166,6.12611271819836
2023-07-26 13:51:59.343,3721861,3722313,57.3506077880859,57.3546078694662,59.317275797526,59.3212758382161,-5.05,1.142,6.192,6.15583072581296
2023-07-26 13:51:59.356,3721864,3722316,57.3636518961589,57.367651936849,59.3303198649089,59.334319905599,-5.047,1.141,6.188,6.1541180198532
2023-07-26 13:51:59.369,3721867,3722319,57.3766959635417,57.3806960449219,59.3433639729818,59.3473640136719,-5.051,1.167,6.218,6.17839972463953
2023-07-26 13:51:59.383,3721870,3722322,57.3897397460938,57.3937397867839,59.3564077148437,59.3604077555338,-5,1.117,6.117,6.08038325024818
2023-07-26 13:51:59.396,3721873,3722325,57.4027838134766,57.4067838541667,59.3694517822266,59.3734518636068,-5.012,1.154,6.166,6.12629872959916
2023-07-26 13:51:59.409,3721876,3722328,57.4158279215495,57.4198279622396,59.3824958902995,59.3864959309896,-5.025,1.142,6.167,6.12505212833067
2023-07-26 13:51:59.422,3721879,3722331,57.4288719482422,57.4328719482422,59.3955397949219,59.3995397949219,-5.046,1.093,6.139,6.10316179780406
2023-07-26 13:51:59.435,3721882,3722334,57.4419157307943,57.4459158121745,59.4085837402344,59.4125837809245,-5.047,1.241,6.288,6.2614966549241
2023-07-26 13:51:59.448,3721885,3722337,57.4549598388672,57.4589598795573,59.4216278076172,59.4256278889974,-5,1.168,6.168,6.13619839521861
2023-07-26 13:51:59.460,3721888,3722340,57.46800390625,57.4720039876302,59.4346719156901,59.4386719563802,-4.975,1.206,6.181,6.14443738062563
2023-07-26 13:51:59.473,3721891,3722343,57.4810477294922,57.4850477294922,59.4477156575521,59.4517156982422,-5.014,1.18,6.194,6.15476350688584
2023-07-26 13:51:59.486,3721894,3722346,57.4940917561849,57.4980918375651,59.460759765625,59.4647598063151,-5.012,1.128,6.14,6.10622146053897
2023-07-26 13:51:59.499,3721897,3722349,57.5071358642578,57.5111359049479,59.4738038330078,59.4778038736979,-5.024,1.114,6.138,6.11485743062935
2023-07-26 13:51:59.512,3721900,3722352,57.5201799316406,57.5241800130208,59.4868479410807,59.4908479817708,-5.026,1.204,6.23,6.20475184475421
2023-07-26 13:51:59.526,3721903,3722355,57.5332237141927,57.5372237548828,59.4998916829427,59.5038917236328,-5.025,1.179,6.204,6.1713862925765
2023-07-26 13:51:59.539,3721906,3722358,57.5462677815755,57.5502678222656,59.5129357503255,59.5169358317057,-4.949,1.167,6.116,6.08137185185672
2023-07-26 13:51:59.552,3721909,3722361,57.5593118896484,57.5633119303385,59.5259798583984,59.5299798990885,-4.974,1.154,6.128,6.09509357119449
2023-07-26 13:51:59.565,3721912,3722364,57.5723559570312,57.5763559977214,59.5390239257813,59.5430240071615,-5.021,1.091,6.112,6.0843849661543
2023-07-26 13:51:59.578,3721915,3722367,57.5853996988932,57.5893997802734,59.5520677083333,59.5560677490234,-5.022,1.091,6.113,6.08779106043423
2023-07-26 13:51:59.591,3721918,3722370,57.5984438069661,57.6024438476563,59.5651117757161,59.5691118570964,-5.026,1.192,6.218,6.18821410062779
2023-07-26 13:51:59.608,3721921,3722373,57.611487874349,57.6154879557292,59.5781558837891,59.5821559244792,-5,1.165,6.165,6.12908458992891
2023-07-26 13:51:59.621,3721925,3722377,57.6288797607422,57.6328797607422,59.595547648112,59.5995477294922,-4.961,1.138,6.099,6.05472836482166
2023-07-26 13:51:59.639,3721928,3722380,57.6419237467448,57.645923828125,59.6085917561849,59.612591796875,-4.9,1.202,6.102,6.07281162243927
2023-07-26 13:51:59.652,3721932,3722384,57.6593158772786,57.6633159179687,59.6259838460286,59.6299839274089,-4.978,1.104,6.082,6.06125620852742
2023-07-26 13:51:59.665,3721935,3722387,57.6723599853516,57.6763600260417,59.6390279541016,59.6430279947917,-5.002,1.216,6.218,6.19396767752154
2023-07-26 13:51:59.678,3721938,3722390,57.6854037272135,57.6894037679036,59.6520716959635,59.6560717773437,-5.002,1.129,6.131,6.09843713353792
2023-07-26 13:51:59.691,3721941,3722393,57.698458211263,57.7024582926432,59.6651158040365,59.6691158447266,-5.064,1.105,6.169,6.13082375801979
2023-07-26 13:51:59.704,3721944,3722396,57.7114919026693,57.7154919433594,59.6781598714193,59.6821599527995,-5.039,1.128,6.167,6.1484356199264
2023-07-26 13:51:59.717,3721947,3722399,57.7245359700521,57.7285360107422,59.6912038574219,59.6952038574219,-5.039,1.066,6.105,6.07878920696458
2023-07-26 13:51:59.731,3721950,3722402,57.7375797526042,57.7415797932943,59.7042477213542,59.7082477620443,-5.05,1.079,6.129,6.10908674518904
2023-07-26 13:51:59.744,3721953,3722405,57.750623819987,57.7546239013672,59.7172918294271,59.7212918701172,-5.038,1.079,6.117,6.08323378266127
2023-07-26 13:51:59.756,3721956,3722408,57.7636679280599,57.76766796875,59.7303358968099,59.7343359375,-5.06,1.064,6.124,6.10397273628321
2023-07-26 13:51:59.769,3721959,3722411,57.7767117919922,57.7807117919922,59.7433796386719,59.7473797200521,-5.074,1.103,6.177,6.15525147618869
2023-07-26 13:51:59.782,3721962,3722414,57.7897557779948,57.7937558186849,59.7564237467448,59.7604237874349,-5.064,1.104,6.168,6.14198609852013
2023-07-26 13:51:59.799,3721965,3722417,57.8027998453776,57.8067998860677,59.7694678141276,59.7734678955078,-5.064,1.091,6.155,6.12239212005201
2023-07-26 13:51:59.813,3721969,3722421,57.8201919759115,57.8241920166016,59.7868599446615,59.7908599853516,-5.089,1.079,6.168,6.13089268085947
2023-07-26 13:51:59.826,3721972,3722424,57.8332357177734,57.8372357584635,59.7999036865234,59.8039037679036,-5.126,1.089,6.215,6.19368963332763
2023-07-26 13:51:59.843,3721975,3722427,57.8462798258464,57.8502798665365,59.812958211263,59.8169582519531,-5.137,1.116,6.253,6.2264263653694
2023-07-26 13:51:59.856,3721979,3722431,57.8636719156901,57.8676719970703,59.8303399251302,59.8343399658203,-5.113,1.09,6.203,6.17453043339157
2023-07-26 13:51:59.869,3721982,3722434,57.8767156982422,57.8807157389323,59.8433836669922,59.8473837076823,-5.089,1.066,6.155,6.12375338306638
2023-07-26 13:51:59.882,3721985,3722437,57.889759765625,57.8937598063151,59.856427734375,59.8604278157552,-5.087,1.066,6.153,6.11459107346282
2023-07-26 13:51:59.895,3721988,3722440,57.9028038736979,57.906803914388,59.8694718424479,59.873471883138,-5.098,1.041,6.139,6.10836235589527
2023-07-26 13:51:59.908,3721991,3722443,57.9158479410807,57.9198479817708,59.8825159098307,59.8865159912109,-5.058,1.13,6.188,6.1597924805529
2023-07-26 13:51:59.921,3721994,3722446,57.9288916829427,57.9328917643229,59.8955596923828,59.8995597330729,-5.064,1.143,6.207,6.16972554206187
2023-07-26 13:51:59.934,3721997,3722449,57.9419357910156,57.9459358317057,59.9086037597656,59.9126038411458,-5.038,1.106,6.144,6.10554258282186
2023-07-26 13:51:59.952,3722000,3722452,57.9549798990885,57.9589799397786,59.9216478678385,59.9256479085286,-5.012,1.105,6.117,6.07795911850232
2023-07-26 13:51:59.965,3722004,3722456,57.9723719482422,57.9763719482422,59.9390397949219,59.9430397949219,-4.987,1.156,6.143,6.10063510614111
2023-07-26 13:51:59.978,3722007,3722459,57.9854157307943,57.9894158121745,59.9520837402344,59.9560837809245,-4.961,1.079,6.04,6.00974045824907
2023-07-26 13:51:59.991,3722010,3722462,57.9984598388672,58.0024598795573,59.9651278076172,59.9691278889974,-4.988,1.217,6.205,6.1636380224773
2023-07-26 13:52:00.004,3722013,3722465,58.01150390625,58.0155039876302,59.9781719156901,59.9821719563802,-5.001,1.18,6.181,6.14640087073994
2023-07-26 13:52:00.022,3722016,3722468,58.0245477294922,58.0285477294922,59.9912156575521,59.9952156982422,-4.999,1.166,6.165,6.13327138913728
2023-07-26 13:52:00.035,3722020,3722472,58.0419397786458,58.045939860026,60.0086077880859,60.012607828776,-5.012,1.155,6.167,6.13474068905571
2023-07-26 13:52:00.048,3722023,3722475,58.0549838867188,58.0589839274089,60.0216518554687,60.025651936849,-5.024,1.18,6.204,6.16649298852852
2023-07-26 13:52:00.061,3722026,3722478,58.0680279541016,58.0720280354818,60.0346959635417,60.0386960042318,-4.994,1.167,6.161,6.12542412371545
2023-07-26 13:52:00.074,3722029,3722481,58.0810717366536,58.0850717773437,60.0477397054036,60.0517397460938,-5.035,1.155,6.19,6.15492804732922
2023-07-26 13:52:00.091,3722032,3722484,58.0941158040365,58.0981158854167,60.0607838134766,60.0647838541667,-5.05,1.18,6.23,6.19085043583819
2023-07-26 13:52:00.105,3722036,3722488,58.1115079345703,58.1155079752604,60.0781759033203,60.0821759847005,-5.024,1.168,6.192,6.15302723330548
2023-07-26 13:52:00.117,3722039,3722491,58.1245516764323,58.1285517578125,60.0912196858724,60.0952197265625,-4.999,1.134,6.133,6.0947691713346
2023-07-26 13:52:00.130,3722042,3722494,58.1375957845052,58.1415958251953,60.1042637532552,60.1082637939453,-4.988,1.142,6.13,6.093313213131
2023-07-26 13:52:00.143,3722045,3722497,58.150639851888,58.1546399332682,60.1173078613281,60.1213079020182,-5,1.166,6.166,6.13179907158514
2023-07-26 13:52:00.160,3722048,3722500,58.1636839599609,58.167684000651,60.1303519287109,60.134351969401,-5.015,1.053,6.068,6.03447836231877
2023-07-26 13:52:00.173,3722052,3722504,58.1810757242839,58.1850758056641,60.147743733724,60.1517437744141,-4.988,1.079,6.067,6.02403055836908
2023-07-26 13:52:00.186,3722055,3722507,58.1941198323568,58.1981198730469,60.1607878011068,60.1647878417969,-4.989,1.129,6.118,6.07410328387272
2023-07-26 13:52:00.199,3722058,3722510,58.2071638997396,58.2111639811198,60.1738319091797,60.1778319498698,-4.989,1.089,6.078,6.03995901745703
2023-07-26 13:52:00.217,3722061,3722513,58.2202078857422,58.2242078857422,60.1868757324219,60.1908757324219,-4.989,1.028,6.017,5.97788149959919
2023-07-26 13:52:00.230,3722065,3722517,58.2375997721354,58.2415998535156,60.2042677815755,60.2082678222656,-4.969,1.089,6.058,6.0174400015011
2023-07-26 13:52:00.243,3722068,3722520,58.2506438802083,58.2546439208984,60.2173118489583,60.2213118896484,-4.974,1.103,6.077,6.03851145239937
2023-07-26 13:52:00.261,3722071,3722523,58.2636879475911,58.2676880289714,60.2303559570313,60.2343559977214,-4.961,1.139,6.1,6.0626366010105
2023-07-26 13:52:00.278,3722075,3722527,58.2810797526042,58.2850797932943,60.2477477213542,60.2517477620443,-4.973,1.028,6.001,5.96320241315991
2023-07-26 13:52:00.291,3722079,3722531,58.2984718424479,58.3024719238281,60.265139851888,60.2691398925781,-4.961,1.04,6.001,5.96260909581256
2023-07-26 13:52:00.309,3722082,3722534,58.3115159505208,58.3155159912109,60.2781839192708,60.282184000651,-4.978,1.002,5.98,5.93912316513237
2023-07-26 13:52:00.322,3722086,3722538,58.3289077148437,58.332907796224,60.2955757242839,60.299575764974,-4.949,1.014,5.963,5.92751395252528
2023-07-26 13:52:00.339,3722089,3722541,58.3419518229167,58.3459518636068,60.3086197916667,60.3126198730469,-4.976,1.015,5.991,5.95424498322146
2023-07-26 13:52:00.352,3722093,3722545,58.3593439534505,58.3633439941406,60.3260119222005,60.3300119628906,-4.978,1.09,6.068,6.02956161323762
2023-07-26 13:52:00.370,3722096,3722548,58.3723876953125,58.3763877360026,60.3390556640625,60.3430557454427,-4.977,1.089,6.066,6.02723895938679
2023-07-26 13:52:00.383,3722100,3722552,58.3897798258464,58.3937798665365,60.356458211263,60.3604582519531,-4.977,1.015,5.992,5.95324026987451
2023-07-26 13:52:00.396,3722103,3722555,58.4028238932292,58.4068239339193,60.3694918619792,60.3734919433594,-4.963,1.089,6.052,6.01509152533779
2023-07-26 13:52:00.412,3722106,3722558,58.4158680013021,58.4198680419922,60.3825358886719,60.3865358886719,-4.978,1.09,6.068,6.03018917192571
2023-07-26 13:52:00.425,3722110,3722562,58.433259765625,58.4372598063151,60.399927734375,60.4039278157552,-4.977,1.102,6.079,6.04183123836985
2023-07-26 13:52:00.438,3722113,3722565,58.4463038736979,58.450303914388,60.4129718424479,60.416971883138,-4.966,1.089,6.055,6.01530077046993
2023-07-26 13:52:00.456,3722116,3722568,58.4593479410807,58.4633479817708,60.4260159098307,60.4300159912109,-4.966,1.09,6.056,6.01722913650296
2023-07-26 13:52:00.469,3722120,3722572,58.4767397460937,58.4807397867839,60.4434077148438,60.4474077555339,-4.965,1.04,6.005,5.96671156110281
2023-07-26 13:52:00.487,3722123,3722575,58.4897838134766,58.4937838541667,60.4564517822266,60.4604518636068,-4.966,1.064,6.03,5.99187314827644
2023-07-26 13:52:00.500,3722127,3722579,58.5071759440104,58.5111759847005,60.4738439127604,60.4778439534505,-4.965,1.028,5.993,5.95513485839136
2023-07-26 13:52:00.513,3722130,3722582,58.5202196858724,58.5242197265625,60.4868876546224,60.4908877360026,-4.965,1.015,5.98,5.94244759033654
2023-07-26 13:52:00.530,3722133,3722585,58.5332637939453,58.5372638346354,60.4999317626953,60.5039318033854,-4.951,1.028,5.979,5.94476307174184
2023-07-26 13:52:00.543,3722137,3722589,58.5506558837891,58.5546559651693,60.5173238932292,60.5213239339193,-4.965,1.015,5.98,5.94252400926965
2023-07-26 13:52:00.561,3722140,3722592,58.563699991862,58.5677000325521,60.5303679199219,60.5343679199219,-4.949,1.014,5.963,5.93015462283819
2023-07-26 13:52:00.574,3722144,3722596,58.5810917561849,58.5850918375651,60.547759765625,60.5517598063151,-4.95,1.014,5.964,5.92902684383704
2023-07-26 13:52:00.591,3722147,3722599,58.5941358642578,58.5981359049479,60.5608038330078,60.5648038736979,-4.951,1.015,5.966,5.92966469975948
2023-07-26 13:52:00.604,3722151,3722603,58.6115279541016,58.6155280354818,60.5781959635417,60.5821960042318,-4.95,1.014,5.964,5.92715708388213
2023-07-26 13:52:00.622,3722154,3722606,58.6245717366536,58.6285717773438,60.5912397054036,60.5952397460938,-4.95,1.089,6.039,6.00203811340261
2023-07-26 13:52:00.639,3722158,3722610,58.6419638264974,58.6459639078776,60.6086318359375,60.6126318766276,-4.953,1.028,5.981,5.94116683208746
2023-07-26 13:52:00.652,3722162,3722614,58.6593559570313,58.6633559977214,60.6260239257812,60.6300240071615,-4.952,1.089,6.041,6.00330364705806
2023-07-26 13:52:00.670,3722165,3722617,58.6723996988932,58.6763997802734,60.6390677083333,60.6430677490234,-4.954,1.014,5.968,5.92842848359917
2023-07-26 13:52:00.683,3722169,3722621,58.6897918294271,58.6937918701172,60.6564597981771,60.6604598795573,-4.953,1.052,6.005,5.97055463773078
2023-07-26 13:52:00.700,3722172,3722624,58.7028359375,58.7068359781901,60.66950390625,60.6735039469401,-4.953,1.102,6.055,6.01658019396099
2023-07-26 13:52:00.712,3722176,3722628,58.7202277018229,58.724227742513,60.6868956705729,60.6909061686198,-4.953,1.103,6.056,6.01773811925081
2023-07-26 13:52:00.730,3722179,3722631,58.7332718098958,58.7372718505859,60.6999397786458,60.7039398193359,-4.953,1.103,6.056,6.0178035112907
2023-07-26 13:52:00.743,3722183,3722635,58.7506638997396,58.7546639811198,60.7173319091797,60.7213319498698,-4.938,1.103,6.041,6.00456530946259
2023-07-26 13:52:00.760,3722186,3722638,58.7637078857422,58.7677078857422,60.7303757324219,60.7343757324219,-4.952,1.103,6.055,6.01788905854035
2023-07-26 13:52:00.773,3722190,3722642,58.7810997721354,58.7850998535156,60.7477677815755,60.7517678222656,-4.953,1.103,6.056,6.01948951381495
2023-07-26 13:52:00.791,3722193,3722645,58.7941438802083,58.7981439208984,60.7608118489583,60.7648118896484,-4.953,1.103,6.056,6.01940041165079
2023-07-26 13:52:00.804,3722197,3722649,58.8115359700521,58.8155360107422,60.7782038574219,60.7822038574219,-4.953,1.103,6.056,6.01931983240071
2023-07-26 13:52:00.821,3722200,3722652,58.8245797526042,58.8285797932943,60.7912477213542,60.7952477620443,-4.953,1.103,6.056,6.01918312970857
2023-07-26 13:52:00.839,3722204,3722656,58.8419718424479,58.8459719238281,60.808639851888,60.8126398925781,-4.953,1.014,5.967,5.93030544859692
2023-07-26 13:52:00.852,3722208,3722660,58.8593639729818,58.8633640136719,60.8260319417318,60.8300319824219,-4.954,1.115,6.069,6.03150875612975
2023-07-26 13:52:00.869,3722211,3722663,58.8724077148437,58.876407796224,60.8390757242839,60.843075764974,-4.942,1.115,6.057,6.01747765170729
2023-07-26 13:52:00.882,3722215,3722667,58.8897998453776,58.8937998860677,60.8564678141276,60.8604678955078,-4.941,1.115,6.056,6.01732720778364
2023-07-26 13:52:00.900,3722218,3722670,58.9028439534505,58.9068439941406,60.8695119222005,60.8735119628906,-4.937,1.115,6.052,6.01739976448
2023-07-26 13:52:00.913,3722222,3722674,58.9202357177734,58.9242357584635,60.8869036865234,60.8909037679036,-4.954,1.077,6.031,5.99362794798479
2023-07-26 13:52:00.930,3722225,3722677,58.9332798258464,58.9372798665365,60.899958211263,60.9039582519531,-4.942,1.014,5.956,5.91542461868139
2023-07-26 13:52:00.944,3722229,3722681,58.9506719156901,58.9546719970703,60.9173399251302,60.9213399658203,-4.939,1.015,5.954,5.9172435245748
2023-07-26 13:52:00.961,3722232,3722684,58.9637156982422,58.9677157389323,60.9303836669922,60.9343837076823,-4.938,1.103,6.041,6.00704866804783
2023-07-26 13:52:00.974,3722236,3722688,58.9811077880859,58.9851078694661,60.947775797526,60.9517758382161,-4.938,1.103,6.041,6.00543718183756
2023-07-26 13:52:00.992,3722239,3722691,58.9941518961589,58.998151936849,60.9608198649088,60.964819905599,-4.952,1.103,6.055,6.01826949667361
2023-07-26 13:52:01.005,3722243,3722695,59.0115438232422,59.0155438232422,60.9782116699219,60.982211710612,-4.937,1.115,6.052,6.01677760071311
2023-07-26 13:52:01.021,3722246,3722698,59.0245877685547,59.0285878092448,60.9912557373047,60.9952557779948,-4.953,1.014,5.967,5.9294680862784
2023-07-26 13:52:01.034,3722250,3722702,59.0419798583984,59.0459799397786,61.0086478678385,61.0126479085286,-4.952,1.028,5.98,5.94363552841718
2023-07-26 13:52:01.052,3722253,3722705,59.0550239664714,59.0590240071615,61.0216919352214,61.0256920166016,-4.952,1.103,6.055,6.01861190745007
2023-07-26 13:52:01.065,3722257,3722709,59.0724157307943,59.0764158121745,61.0390837402344,61.0430837809245,-4.952,1.103,6.055,6.01735149596415
2023-07-26 13:52:01.082,3722260,3722712,59.0854598388672,59.0894598795573,61.0521278076172,61.0561278889974,-4.952,1.103,6.055,6.01706529659536
2023-07-26 13:52:01.095,3722264,3722716,59.102851969401,59.1068520100911,61.069519938151,61.0735199788411,-4.953,1.065,6.018,5.97984858080389
2023-07-26 13:52:01.113,3722267,3722719,59.1159061279297,59.1199061686198,61.082563680013,61.0865637613932,-4.953,1.103,6.056,6.01671416641968
2023-07-26 13:52:01.126,3722271,3722723,59.1332878417969,59.137287882487,61.0999558105469,61.103955851237,-4.952,1.065,6.017,5.97997241459697
2023-07-26 13:52:01.143,3722274,3722726,59.1463319091797,59.1503319498698,61.1130102945964,61.1170103759766,-4.952,1.103,6.055,6.01783124958913
2023-07-26 13:52:01.156,3722278,3722730,59.1637237141927,59.1677237548828,61.1303916829427,61.1343917236328,-4.952,1.103,6.055,6.01801585640298
2023-07-26 13:52:01.174,3722281,3722733,59.1767677815755,59.1807678222656,61.1434357503255,61.1474358317057,-4.94,1.064,6.004,5.96529868005209
2023-07-26 13:52:01.187,3722285,3722737,59.1941599121094,59.1981599527995,61.1608278808594,61.1648279215495,-4.94,1.103,6.043,6.00418004957345
2023-07-26 13:52:01.204,3722288,3722740,59.2072039794922,59.2112039794922,61.1738718261719,61.1778718261719,-4.952,1.039,5.991,5.9539725632891
2023-07-26 13:52:01.217,3722292,3722744,59.2245957845052,59.2285958251953,61.1912637532552,61.1952637939453,-4.939,1.078,6.017,5.97910444281448
2023-07-26 13:52:01.235,3722295,3722747,59.237639851888,59.2416399332682,61.2043078613281,61.2083079020182,-4.933,1.064,5.997,5.95374002235031
2023-07-26 13:52:01.252,3722299,3722751,59.2550319824219,59.259032023112,61.2216999511719,61.2256999511719,-4.952,1.114,6.066,6.0287918161236
2023-07-26 13:52:01.265,3722303,3722755,59.2724237467448,59.276423828125,61.2390917561849,61.243091796875,-4.952,1.103,6.055,6.01681125661223
2023-07-26 13:52:01.283,3722306,3722758,59.2854678548177,59.2894678955078,61.2521358235677,61.2561359049479,-4.941,1.103,6.044,6.00353292406965
2023-07-26 13:52:01.300,3722310,3722762,59.3028599853516,59.3068600260417,61.2695279541016,61.2735279947917,-4.953,1.065,6.018,5.97904180909404
2023-07-26 13:52:01.312,3722314,3722766,59.3202517496745,59.3242517903646,61.2869197184245,61.2909197998047,-4.924,1.103,6.027,5.9923733461674
2023-07-26 13:52:01.330,3722317,3722769,59.3332958577474,59.3372958984375,61.2999638264974,61.3039638671875,-4.939,1.078,6.017,5.9783964795628
2023-07-26 13:52:01.347,3722321,3722773,59.3506879475911,59.3546880289714,61.3173559570313,61.3213559977214,-4.938,1.053,5.991,5.9537001617053
2023-07-26 13:52:01.365,3722325,3722777,59.3680797526042,59.3720797932943,61.3347477213542,61.3387477620443,-4.939,1.065,6.004,5.96564915181581
2023-07-26 13:52:01.382,3722329,3722781,59.3854718424479,59.3894719238281,61.352139851888,61.3561398925781,-4.952,1.09,6.042,6.00497439604102
2023-07-26 13:52:01.399,3722333,3722785,59.4028639729818,59.4068640136719,61.3695319417318,61.3735319824219,-4.939,1.103,6.042,6.00362564172055
2023-07-26 13:52:01.413,3722337,3722789,59.4202557779948,59.4242558186849,61.3869237467448,61.3909237874349,-4.937,1.065,6.002,5.96586316633312
2023-07-26 13:52:01.430,3722340,3722792,59.4332998453776,59.4372998860677,61.3999678141276,61.4039678955078,-4.924,1.103,6.027,5.99178271609038
2023-07-26 13:52:01.448,3722344,3722796,59.4506919759115,59.4546920166016,61.4173599446615,61.4213599853516,-4.937,1.103,6.04,6.00517654501453
2023-07-26 13:52:01.466,3722348,3722800,59.4680837402344,59.4720838216146,61.4347517496745,61.4387517903646,-4.925,1.053,5.978,5.94251731742092
2023-07-26 13:52:01.478,3722352,3722804,59.4854758707682,59.4894759114583,61.4521438395182,61.4561439208984,-4.937,1.103,6.04,6.00449781348931
2023-07-26 13:52:01.495,3722355,3722807,59.498519938151,59.5025200195312,61.4651879475911,61.4691879882812,-4.924,1.114,6.038,6.00336702219415
2023-07-26 13:52:01.508,3722359,3722811,59.5159117431641,59.5199117838542,61.4825797119141,61.4865797932943,-4.924,1.114,6.038,6.00292488184121
2023-07-26 13:52:01.526,3722362,3722814,59.5289558105469,59.5329558919271,61.495623819987,61.4996238606771,-4.938,1.089,6.027,5.98908752340019
2023-07-26 13:52:01.543,3722366,3722818,59.5463479410807,59.5503479817708,61.5130159098307,61.5170159912109,-4.94,1.09,6.03,5.98993583613772
2023-07-26 13:52:01.561,3722370,3722822,59.5637397460938,59.5677397867839,61.5304077148437,61.5344077555338,-4.94,1.103,6.043,6.00300394305919
2023-07-26 13:52:01.578,3722374,3722826,59.5811318359375,59.5851319173177,61.5477998453776,61.5517998860677,-4.94,1.103,6.043,6.00297636868635
2023-07-26 13:52:01.595,3722378,3722830,59.5985239664714,59.6025240071615,61.5651919352214,61.5691920166016,-4.94,1.09,6.03,5.99013937742904
2023-07-26 13:52:01.613,3722382,3722834,59.6159157307943,59.6199158121745,61.5825837402344,61.5865837809245,-4.926,1.115,6.041,6.00339226462357
2023-07-26 13:52:01.630,3722386,3722838,59.6333078613281,59.6373079020182,61.5999758300781,61.6039759114583,-4.938,1.114,6.052,6.01485019753904
2023-07-26 13:52:01.648,3722390,3722842,59.650699991862,59.6547000325521,61.6173679199219,61.6213679199219,-4.938,1.078,6.016,5.97894145413349
2023-07-26 13:52:01.665,3722394,3722846,59.6680917561849,59.6720918375651,61.634759765625,61.6387598063151,-4.911,1.09,6.001,5.96510592158028
2023-07-26 13:52:01.682,3722398,3722850,59.6854838867187,59.6894839274089,61.6521518554687,61.656151936849,-4.911,1.089,6,5.96416045760201
2023-07-26 13:52:01.699,3722402,3722854,59.7028758544922,59.7068758544922,61.6695437011719,61.6735437011719,-4.924,1.114,6.038,6.00261295078188
2023-07-26 13:52:01.713,3722406,3722858,59.7202677815755,59.7242678222656,61.6869357503255,61.6909358317057,-4.94,1.089,6.029,5.98968825955198
2023-07-26 13:52:01.730,3722409,3722861,59.7333118896484,59.7373119303385,61.6999798583984,61.7039798990885,-4.94,1.103,6.043,6.00373506746772
2023-07-26 13:52:01.747,3722413,3722865,59.7507039794922,59.7547039794922,61.7173718261719,61.7213718261719,-4.941,1.103,6.044,6.00376155223721
2023-07-26 13:52:01.761,3722417,3722869,59.7680957845052,59.7720958251953,61.7347637532552,61.7387637939453,-4.941,1.103,6.044,6.00331930956453
2023-07-26 13:52:01.778,3722420,3722872,59.781139851888,59.7851399332682,61.7478078613281,61.7518079020182,-4.94,1.114,6.054,6.01436043189608
2023-07-26 13:52:01.795,3722424,3722876,59.7985319824219,59.802532023112,61.7651999511719,61.7691999511719,-4.926,1.114,6.04,6.00228833660347
2023-07-26 13:52:01.813,3722428,3722880,59.8159237467448,59.819923828125,61.7825917561849,61.786591796875,-4.94,1.128,6.068,6.02803441859208
2023-07-26 13:52:01.830,3722432,3722884,59.8333158772786,59.8373159179687,61.7999838460286,61.8039839274089,-4.94,1.103,6.043,6.00290671664366
2023-07-26 13:52:01.848,3722436,3722888,59.8507078857422,59.8547078857422,61.8173757324219,61.8213757324219,-4.94,1.103,6.043,6.00267360528416
2023-07-26 13:52:01.865,3722440,3722892,59.8680997721354,59.8720998535156,61.8347677815755,61.8387678222656,-4.94,1.103,6.043,6.00283417627527
2023-07-26 13:52:01.883,3722444,3722896,59.8854919026693,59.8894919433594,61.8521598714193,61.8561599527995,-4.925,1.09,6.015,5.98178667344619
2023-07-26 13:52:01.900,3722448,3722900,59.9028836669922,59.9068837483724,61.8695516764323,61.8735517171224,-4.925,1.09,6.015,5.97856234759397
2023-07-26 13:52:01.917,3722452,3722904,59.920275797526,59.9242758382161,61.886943766276,61.8909438476563,-4.939,1.103,6.042,6.00248194709958
2023-07-26 13:52:01.935,3722456,3722908,59.9376679280599,59.94166796875,61.9043358968099,61.9083359375,-4.926,1.089,6.015,5.97658614247949
2023-07-26 13:52:01.952,3722460,3722912,59.9550596923828,59.959059773763,61.9217277018229,61.925727742513,-4.939,1.089,6.028,5.98799196784851
2023-07-26 13:52:01.970,3722464,3722916,59.9724518229167,59.9764518636068,61.9391197916667,61.9431198730469,-4.94,1.115,6.055,6.01429093561984
2023-07-26 13:52:01.987,3722468,3722920,59.9898439534505,59.9938439941406,61.9565119222005,61.9605119628906,-4.926,1.114,6.04,6.00218031501015
2023-07-26 13:52:02.004,3722472,3722924,60.0072357177734,60.0112357584635,61.9739036865234,61.9779037679036,-4.94,1.103,6.043,6.00206506015192
2023-07-26 13:52:02.021,3722476,3722928,60.0246278483073,60.0286278889974,61.9912958170573,61.9952958577474,-4.94,1.089,6.029,5.98796961410133
2023-07-26 13:52:02.039,3722480,3722932,60.042019938151,60.0460200195312,62.0086879475911,62.0126879882813,-4.925,1.078,6.003,5.96614226825687
2023-07-26 13:52:02.056,3722484,3722936,60.0594117431641,60.0634117838542,62.0260797119141,62.0300797932943,-4.938,1.103,6.041,6.0019254913729
2023-07-26 13:52:02.074,3722488,3722940,60.0768038736979,60.080803914388,62.0434718424479,62.047471883138,-4.939,1.103,6.042,6.00186922494396
2023-07-26 13:52:02.091,3722492,3722944,60.0941959635417,60.0981960449219,62.0608639729818,62.0648640136719,-4.926,1.064,5.99,5.9520767381628
2023-07-26 13:52:02.108,3722496,3722948,60.1115877685547,60.1155878092448,62.0782557373047,62.0822557779948,-4.938,1.053,5.991,5.95173488812805
2023-07-26 13:52:02.126,3722500,3722952,60.1289798583984,60.1329799397786,62.0956478678385,62.0996479085287,-4.938,1.064,6.002,5.9626935594424
2023-07-26 13:52:02.143,3722504,3722956,60.1463719482422,60.1503719482422,62.1130397949219,62.1170397949219,-4.939,1.09,6.029,5.98849181205919
