TimeStamp,Id,X_mm_,Y_mm_,Z_mm_,Y_normalised,Velocity,Weights
26.07.2023 13:51:55.290,609,-5.85007273299998,336.7138550332,-0.114347202799986,-0.786144966800009,51.9501509999968,0.259750754999984
26.07.2023 13:51:55.300,610,-5.33057122300001,336.6145777042,-0.0368808767999884,-0.885422295799856,52.8666168000032,0.264333084000016
26.07.2023 13:51:55.310,611,-4.80190505499998,336.5828579302,0.0193490031999961,-0.917142069800263,60.0167329999977,0.300083664999988
26.07.2023 13:51:55.320,612,-4.201737725,336.6672143102,0.0221849192000383,-0.832785689800119,59.993174800002,0.29996587400001
26.07.2023 13:51:55.330,613,-3.60180597699998,336.7205990122,0.0511302222000336,-0.779400987799875,63.8510902000011,0.319255451000005
26.07.2023 13:51:55.340,614,-2.96329507499997,336.6771850092,0.12542591319999,-0.822814990800225,65.5696802000026,0.327848401000013
26.07.2023 13:51:55.350,615,-2.30759827299995,336.6836510902,0.148549115200015,-0.816348909800183,67.5758679999983,0.337879339999991
26.07.2023 13:51:55.360,616,-1.63183959299996,336.7071610302,0.135616414200038,-0.792838969800016,67.2389677999967,0.336194838999984
26.07.2023 13:51:55.370,617,-0.959449914999996,336.6844146322,0.125846179199991,-0.815585367800168,74.9554571999999,0.374777285999999
26.07.2023 13:51:55.380,618,-0.209895342999997,336.6609841732,0.0930953742000309,-0.839015826799994,81.9309641999996,0.409654820999998
26.07.2023 13:51:55.390,619,0.609414298999998,336.6964872892,0.0211519112000282,-0.803512710799964,80.2817528000035,0.401408764000018
26.07.2023 13:51:55.400,620,1.41223182700003,336.7050597752,-0.0357001097999872,-0.7949402248002,82.3062185999976,0.411531092999988
26.07.2023 13:51:55.410,621,2.23529401300001,336.6748187792,-0.0654105147999606,-0.825181220800005,86.4703798000032,0.432351899000016
26.07.2023 13:51:55.420,622,3.09999781100004,336.6520447252,-0.0721378507999653,-0.847955274800142,87.8564859999976,0.439282429999988
26.07.2023 13:51:55.430,623,3.97856267100002,336.6671857752,-0.0609957537999986,-0.832814224800018,88.7258798000015,0.443629399000008
26.07.2023 13:51:55.440,624,4.86582146900003,336.6879339682,-0.0208713167999774,-0.812066031800157,87.3424300000015,0.436712150000008
26.07.2023 13:51:55.450,625,5.73924576900005,336.7229272782,0.0221998042000284,-0.777072721800039,95.7886174000001,0.478943087000001
26.07.2023 13:51:55.460,626,6.69713194300005,336.7346830892,0.0613716722000162,-0.765316910800152,101.781527399995,0.508907636999975
26.07.2023 13:51:55.470,627,7.714947217,336.6967602272,0.0967321162000414,-0.803239772800168,106.480162200002,0.532400811000012
26.07.2023 13:51:55.480,628,8.77974883900002,336.6604262222,0.106097238199998,-0.839573777799899,107.7934142,0.538967071
26.07.2023 13:51:55.490,629,9.85768298100002,336.6747885372,0.0772861742000017,-0.825211462799928,109.938982799999,0.549694913999995
26.07.2023 13:51:55.500,630,10.957072809,336.6993195822,0.0284438772000235,-0.800680417799924,114.556568800001,0.572782844000004
26.07.2023 13:51:55.510,631,12.102638497,336.6694440002,-0.00619610580000041,-0.830555999800197,117.337431399996,0.586687156999982
26.07.2023 13:51:55.520,632,13.276012811,336.6261706792,-0.0297825628000026,-0.873829320799871,123.562179000003,0.617810895000016
26.07.2023 13:51:55.530,633,14.511634601,336.6505125082,-0.0655938018000028,-0.849487491800176,130.408190999999,0.652040954999994
26.07.2023 13:51:55.540,634,15.815716511,336.7038211072,-0.0964919758000098,-0.796178892799844,132.095672000002,0.660478360000012
26.07.2023 13:51:55.550,635,17.136673231,336.7071591002,-0.0852098227999853,-0.792840899799955,131.396543800002,0.656982719000009
26.07.2023 13:51:55.560,636,18.450638669,336.7101404362,-0.0619278887999601,-0.789859563800121,133.861220799997,0.669306103999983
26.07.2023 13:51:55.570,637,19.789250877,336.7375662102,-0.0387267137999927,-0.762433789800127,132.899538199999,0.664497690999996
26.07.2023 13:51:55.580,638,21.118246259,336.7404464992,-0.0034410017999682,-0.759553500799939,137.235159600002,0.686175798000011
26.07.2023 13:51:55.590,639,22.490597855,336.7207686022,0.0339339552000095,-0.77923139779989,144.398538000001,0.721992690000006
26.07.2023 13:51:55.600,640,23.934583235,336.7271134162,0.0422328491999908,-0.772886583799902,149.157200399996,0.745786001999979
26.07.2023 13:51:55.610,641,25.426155239,336.7420785502,0.0205117212000003,-0.757921449800108,150.6627942,0.753313970999999
26.07.2023 13:51:55.620,642,26.932783181,336.7038546082,0.00998166920003207,-0.796145391799939,152.593903600003,0.762969518000013
26.07.2023 13:51:55.630,643,28.458722217,336.6607234392,-0.000526773799991664,-0.839276560799988,159.015474000002,0.79507737000001
26.07.2023 13:51:55.640,644,30.048876957,336.6682780512,-0.027199858799978,-0.831721948800066,161.924987999998,0.809624939999992
26.07.2023 13:51:55.650,645,31.668126837,336.6925357932,-0.0489253687999704,-0.807464206799807,168.145720799999,0.840728603999997
26.07.2023 13:51:55.660,646,33.349584045,336.6973785702,-0.0505684127999788,-0.802621429800183,169.780059000003,0.848900295000014
26.07.2023 13:51:55.670,647,35.047384635,336.7142041302,-0.0432500387999739,-0.785795869800154,174.814723999994,0.874073619999969
26.07.2023 13:51:55.680,648,36.795531875,336.7439273752,-0.0339659557999603,-0.756072624799856,177.0964884,0.885482442000001
26.07.2023 13:51:55.690,649,38.566496759,336.7599537742,-0.0176284277999974,-0.740046225799802,180.704726800003,0.903523634000017
26.07.2023 13:51:55.700,650,40.373544027,336.7580183622,0.00178051720000783,-0.741981637799938,183.209746399999,0.916048731999993
26.07.2023 13:51:55.710,651,42.205641491,336.7734682522,0.0011335682000313,-0.726531747799811,184.296869000001,0.921484345000003
26.07.2023 13:51:55.720,652,44.048610181,336.7914924752,-0.0135201358000117,-0.708507524799813,183.634964999999,0.918174824999994
26.07.2023 13:51:55.730,653,45.884959831,336.7850998742,-0.028089167799997,-0.71490012580017,187.4487334,0.937243667000001
26.07.2023 13:51:55.740,654,47.759447165,336.7598363962,-0.046583163800002,-0.740163603800227,191.068819600002,0.955344098000012
26.07.2023 13:51:55.750,655,49.670135361,336.7496289132,-0.0741222837999667,-0.75037108679993,192.417826399996,0.962089131999981
26.07.2023 13:51:55.760,656,51.594313625,336.7312053292,-0.0936293638000048,-0.768794670800048,192.594391200002,0.962971956000008
26.07.2023 13:51:55.770,657,53.520257537,336.7169386072,-0.099150625799977,-0.783061392799823,194.733549600002,0.973667748000011
26.07.2023 13:51:55.780,658,55.467593033,336.7139518792,-0.0927068478000053,-0.786048120799819,196.091019399998,0.980455096999989
26.07.2023 13:51:55.790,659,57.428503227,336.7188081612,-0.0702876168000137,-0.781191838799884,196.740942399999,0.983704711999994
26.07.2023 13:51:55.800,660,59.395912651,336.7150846292,-0.0298365527999935,-0.784915370799865,199.671051600001,0.998355258000004
26.07.2023 13:51:55.810,661,61.392623167,336.7420101782,-0.00948723280001174,-0.757989821799811,201.6393894,1.008196947
26.07.2023 13:51:55.820,662,63.409017061,336.7750534352,0.00684485620000896,-0.724946564800234,201.610664200004,1.00805332100002
26.07.2023 13:51:55.830,663,65.425123703,336.7780387102,0.0252829412000384,-0.721961289800277,201.091658999999,1.005458295
26.07.2023 13:51:55.840,664,67.436040293,336.7666695592,0.0337704502000189,-0.733330440799989,200.396248599998,1.00198124299999
26.07.2023 13:51:55.850,665,69.440002779,336.7718495262,0.0191978762000322,-0.728150473799928,200.362360600003,1.00181180300002
26.07.2023 13:51:55.860,666,71.443626385,336.7829703092,-0.00939582379996406,-0.717029690800018,201.120868399995,1.00560434199998
26.07.2023 13:51:55.870,667,73.454835069,336.7664964222,-0.0328904477999652,-0.733503577799866,201.1779996,1.005889998
26.07.2023 13:51:55.880,668,75.466615065,336.7400176872,-0.0623496857999943,-0.759982312799934,198.884769000001,0.994423845000007
26.07.2023 13:51:55.890,669,77.455462755,336.7292431182,-0.0958694567999858,-0.770756881800139,198.297010999997,0.991485054999984
26.07.2023 13:51:55.900,670,79.438432865,336.7161509872,-0.123382319800007,-0.783849012799919,197.731719200002,0.988658596000008
26.07.2023 13:51:55.910,671,81.415750057,336.6968007422,-0.129874224800011,-0.803199257799974,198.935112600005,0.994675563000023
26.07.2023 13:51:55.920,672,83.405101183,336.6771925652,-0.120362438799996,-0.822807434800268,200.966174599999,1.004830873
26.07.2023 13:51:55.930,673,85.414762929,336.6878016222,-0.107952723799996,-0.81219837780003,199.2461174,0.996230586999999
26.07.2023 13:51:55.940,674,87.407224103,336.7014386962,-0.0945575117999626,-0.7985613038,201.128354600002,1.00564177300001
26.07.2023 13:51:55.950,675,89.418507649,336.7011791522,-0.0661089867999984,-0.798820847800187,201.573324799998,1.00786662399999
26.07.2023 13:51:55.960,676,91.434240897,336.6931571322,-0.0386320918000118,-0.806842867800242,199.762381599999,0.998811907999993
26.07.2023 13:51:55.970,677,93.431864713,336.7040876252,-0.0242261758000029,-0.795912374799855,199.739715600001,0.998698578000003
26.07.2023 13:51:55.980,678,95.429261869,336.7189904222,-0.0158343637999643,-0.781009577799978,202.2474054,1.011237027
26.07.2023 13:51:55.990,679,97.451735923,336.7332650102,-0.0234348608000019,-0.766734989800113,200.033634799998,1.00016817399999
26.07.2023 13:51:56.000,680,99.452072271,336.7142344302,-0.0279227597999983,-0.785765569799935,198.7529146,0.993764573
26.07.2023 13:51:56.010,681,101.439601417,336.6914571752,-0.0354003087999799,-0.808542824799929,199.366457000002,0.996832285000011
26.07.2023 13:51:56.020,682,103.433265987,336.6840262092,-0.0509306877999989,-0.815973790800001,199.539925599998,0.997699627999992
26.07.2023 13:51:56.030,683,105.428665243,336.6637475462,-0.0454152168000033,-0.836252453800057,198.424459400002,0.992122297000009
26.07.2023 13:51:56.040,684,107.412909837,336.6458616942,-0.0329106238000034,-0.854138305799893,198.869611399998,0.994348056999989
26.07.2023 13:51:56.050,685,109.401605951,336.6552702442,-0.0215013437999785,-0.844729755800188,195.746064200003,0.978730321000015
26.07.2023 13:51:56.060,686,111.359066593,336.6679177772,-0.006110413799993,-0.832082222799841,198.3727616,0.991863807999998
26.07.2023 13:51:56.070,687,113.342794209,336.6590807412,0.0243622562000376,-0.84091925880017,199.719542200002,0.998597711000009
26.07.2023 13:51:56.080,688,115.339989631,336.6599705552,0.0388035011999899,-0.840029444799939,202.426551600003,1.01213275800001
26.07.2023 13:51:56.090,689,117.364255147,336.6604026062,0.0532523832000011,-0.839597393800204,201.488404999999,1.007442025
26.07.2023 13:51:56.100,690,119.379139197,336.6672643782,0.0546764092000331,-0.832735621799941,201.323217599996,1.00661608799998
26.07.2023 13:51:56.110,691,121.392371373,336.6679760802,0.043121681200033,-0.832023919799951,200.427373400002,1.00213686700001
26.07.2023 13:51:56.120,692,123.396645107,336.6501577522,0.0346303552000184,-0.849842247799984,199.366390400002,0.996831952000008
26.07.2023 13:51:56.130,693,125.390309011,336.6427373702,0.0220999582000421,-0.857262629800118,200.961251799995,1.00480625899998
26.07.2023 13:51:56.140,694,127.399921529,336.6542213152,-0.000493651799982286,-0.845778684800166,199.979533199999,0.999897665999995
26.07.2023 13:51:56.150,695,129.399716861,336.6622107262,-0.00307698679996893,-0.837789273799956,198.932331399999,0.994661656999995
26.07.2023 13:51:56.160,696,131.389040175,336.6606337002,0.00737118420002281,-0.83936629980019,199.323311000006,0.996616555000031
26.07.2023 13:51:56.170,697,133.382273285,336.6782965492,0.0137523191999944,-0.821703450800214,199.776251599997,0.998881257999983
26.07.2023 13:51:56.180,698,135.380035801,336.6692485472,0.0412288362000384,-0.830751452800257,197.902095800004,0.989510479000018
26.07.2023 13:51:56.190,699,137.359056759,336.6551311482,0.0707190822000348,-0.844868851800129,198.615519999998,0.993077599999992
26.07.2023 13:51:56.200,700,139.345211959,336.6564099812,0.0901565312000385,-0.843590018799773,199.682961800002,0.99841480900001
26.07.2023 13:51:56.210,701,141.342041577,336.6812576502,0.0875130591999973,-0.818742349800232,200.980666199996,1.00490333099998
26.07.2023 13:51:56.220,702,143.351848239,336.6717894282,0.0849935432000108,-0.828210571800014,201.049263600001,1.005246318
26.07.2023 13:51:56.230,703,145.362340875,336.6503090382,0.0735165012000101,-0.849690961800036,201.691260600001,1.008456303
26.07.2023 13:51:56.240,704,147.379253481,336.6391901532,0.0560042922000388,-0.860809846800237,199.375275199995,0.996876375999975
26.07.2023 13:51:56.250,705,149.373006233,336.6477618502,0.0324174222000377,-0.852238149800201,200.889935600003,1.00444967800001
26.07.2023 13:51:56.260,706,151.381905589,336.6541934282,0.00884147220003584,-0.845806571799926,202.6268036,1.013134018
26.07.2023 13:51:56.270,707,153.408173625,336.6546477492,-0.00270944779996385,-0.845352250800147,202.084288799998,1.01042144399999
26.07.2023 13:51:56.280,708,155.429016513,336.6448540122,0.00777472420002723,-0.855145987800199,199.317722200004,0.996588611000021
26.07.2023 13:51:56.290,709,157.422193735,336.6634975892,0.00915235420000293,-0.836502410799937,199.462869399994,0.997314346999971
26.07.2023 13:51:56.300,710,159.416822429,336.6742570852,0.0235582072000129,-0.825742914800003,199.103307400006,0.995516537000029
26.07.2023 13:51:56.310,711,161.407855503,336.6778176492,0.042988691200019,-0.822182350800176,201.268201599999,1.00634100799999
26.07.2023 13:51:56.320,712,163.420537519,336.6706088882,0.0664620121999859,-0.829391111799964,198.886755199996,0.99443377599998
26.07.2023 13:51:56.330,713,165.409405071,336.6770152782,0.0758819092000005,-0.822984721800026,199.691287400003,0.998456437000016
26.07.2023 13:51:56.340,714,167.406317945,336.6828581242,0.0793055451999871,-0.817141875800132,198.173752800002,0.990868764000012
26.07.2023 13:51:56.350,715,169.388055473,336.6738012502,0.0797783531999865,-0.826198749800028,201.542484399997,1.00771242199998
26.07.2023 13:51:56.360,716,171.403480317,336.6536465592,0.0802978091999873,-0.846353440800272,201.029383000002,1.00514691500001
26.07.2023 13:51:56.370,717,173.413774147,336.6531924242,0.0697465472000192,-0.846807575800028,200.68995,1.00344975
26.07.2023 13:51:56.380,718,175.420673647,336.6595593962,0.0601704712000288,-0.840440603800118,201.494215800003,1.00747107900001
26.07.2023 13:51:56.390,719,177.435615805,336.6654051602,0.0565980622000095,-0.834594839800104,201.999058199996,1.00999529099998
26.07.2023 13:51:56.400,720,179.455606387,336.6705446072,0.0550292812000006,-0.829455392800241,199.297704200004,0.996488521000018
26.07.2023 13:51:56.410,721,181.448583429,336.6751505052,0.0554563862000002,-0.824849494800162,200.558228799994,1.00279114399997
26.07.2023 13:51:56.420,722,183.454165717,336.6694936232,0.0659225681999906,-0.830506376800088,199.474646400003,0.997373232000015
26.07.2023 13:51:56.430,723,185.448912181,336.6781964072,0.0633355932000048,-0.821803592800052,198.361872599997,0.991809362999987
26.07.2023 13:51:56.440,724,187.432530907,336.6712749632,0.0708013312000095,-0.828725036799881,199.548632800006,0.997743164000028
26.07.2023 13:51:56.450,725,189.428017235,336.6670166032,0.0732602812000189,-0.832983396799875,200.878291799998,1.00439145899999
26.07.2023 13:51:56.460,726,191.436800153,336.6754837252,0.0606771951999858,-0.824516274800033,198.807286799996,0.99403643399998
26.07.2023 13:51:56.470,727,193.424873021,336.6607292452,0.0471714232000333,-0.839270754800282,198.316336600004,0.991581683000021
26.07.2023 13:51:56.480,728,195.408036387,336.6266990592,0.0437326302000141,-0.873300940800164,198.901557599999,0.994507787999993
26.07.2023 13:51:56.490,729,197.397051963,336.6129787782,0.024223380200032,-0.887021221800126,200.5417954,1.002708977
26.07.2023 13:51:56.500,730,199.402469917,336.6102111602,0.00467913719999258,-0.889788839799905,200.609749000003,1.00304874500002
26.07.2023 13:51:56.510,731,201.408567407,336.5955336862,0.00517719419999363,-0.904466313800299,201.422810799994,1.00711405399997
26.07.2023 13:51:56.520,732,203.422795515,336.5963411952,0.00462242120001588,-0.903658804799818,200.584057600003,1.00292028800001
26.07.2023 13:51:56.530,733,205.428636091,336.6037059842,0.0110426931999892,-0.896294015800265,197.540196600002,0.987700983000011
26.07.2023 13:51:56.540,734,207.404038057,336.6003502442,0.0264940752000324,-0.899649755800226,199.322729599996,0.996613647999979
26.07.2023 13:51:56.550,735,209.397265353,336.5830197192,0.0509987852000326,-0.91698028080009,199.805465200004,0.999027326000018
26.07.2023 13:51:56.560,736,211.395320005,336.6039520832,0.0543694382000182,-0.896047916799887,200.672406599998,1.00336203299999
26.07.2023 13:51:56.570,737,213.402044071,336.6133847192,0.0647826372000089,-0.886615280799958,199.343014000004,0.996715070000022
26.07.2023 13:51:56.580,738,215.395474211,336.6100495372,0.0782379441999865,-0.889950462800186,200.230350799998,1.00115175399999
26.07.2023 13:51:56.590,739,217.397777719,336.6091923302,0.0826864242000049,-0.890807669799983,199.103840199999,0.995519200999993
26.07.2023 13:51:56.600,740,219.388816121,336.6126682222,0.0781170522000099,-0.8873317778,199.294585800001,0.996472929000007
26.07.2023 13:51:56.610,741,221.381761979,336.6002730892,0.086604183199992,-0.899726910800211,198.250679999995,0.991253399999977
26.07.2023 13:51:56.620,742,223.364268779,336.5952843262,0.0920628421999874,-0.90471567380024,200.584168600008,1.00292084300004
26.07.2023 13:51:56.630,743,225.370110465,336.6026314752,0.0934831442000204,-0.897368524800129,198.915453999999,0.994577269999994
26.07.2023 13:51:56.640,744,227.359265005,336.6040142732,0.0939207702000207,-0.895985726800234,200.626803999998,1.00313401999999
26.07.2023 13:51:56.650,745,229.365533045,336.5863487512,0.0964294202000289,-0.913651248799908,199.654502999999,0.998272514999996
26.07.2023 13:51:56.660,746,231.362078075,336.5810961022,0.0838920161999956,-0.918903897799964,201.368838199997,1.00684419099998
26.07.2023 13:51:56.670,747,233.375766457,336.5738173322,0.0713655742000183,-0.926182667799822,199.246313000003,0.996231565000016
26.07.2023 13:51:56.680,748,235.368229587,336.5523375522,0.0678845712,-0.947662447800099,199.697453399997,0.998487266999987
26.07.2023 13:51:56.690,749,237.365204121,336.5571079422,0.0503118682000272,-0.942892057800009,200.250901599998,1.00125450799999
26.07.2023 13:51:56.700,750,239.367713137,336.5702037422,0.0317110172000223,-0.929796257800092,200.435991800006,1.00217995900003
26.07.2023 13:51:56.710,751,241.372073055,336.5684198292,0.0241631462000409,-0.931580170800089,200.935134399998,1.00467567199999
26.07.2023 13:51:56.720,752,243.381424399,336.5669279672,0.0186153682000123,-0.933072032800055,200.290444999996,1.00145222499998
26.07.2023 13:51:56.730,753,245.384328849,336.5730916392,0.016039166200027,-0.926908360800212,201.168652800007,1.00584326400003
26.07.2023 13:51:56.740,754,247.396015377,336.5657800152,0.0265125442000174,-0.934219984800109,196.584728599993,0.982923642999964
26.07.2023 13:51:56.750,755,249.361862663,336.5718843802,0.0389284052000169,-0.928115619799826,199.728427000002,0.998642135000011
26.07.2023 13:51:56.760,756,251.359146933,336.5887662732,0.0423131772000036,-0.911233726800049,200.221892000002,1.00110946000001
26.07.2023 13:51:56.770,757,253.361365853,336.6069350572,0.0466945132000227,-0.893064942800038,200.138683600002,1.00069341800001
26.07.2023 13:51:56.780,758,255.362752689,336.5870407242,0.0642100382000186,-0.912959275800063,200.082129599997,1.00041064799998
26.07.2023 13:51:56.790,759,257.363573985,336.5770595112,0.061690333200032,-0.922940488799895,201.927986200002,1.00963993100001
26.07.2023 13:51:56.800,760,259.382853847,336.5771077832,0.048139278200023,-0.922892216800108,200.093640199992,1.00046820099996
26.07.2023 13:51:56.810,761,261.383790249,336.5651121942,0.0406266732000407,-0.934887805799917,200.059419200005,1.00029709600003
26.07.2023 13:51:56.820,762,263.384384441,336.5591103412,0.0340928522000368,-0.940889658800188,201.348957599998,1.00674478799999
26.07.2023 13:51:56.830,763,265.397874017,336.5728578262,0.022492190200035,-0.927142173799837,200.2849228,1.001424614
26.07.2023 13:51:56.840,764,267.400723245,336.5799916422,0.011912501200011,-0.920008357799816,201.054541599996,1.00527270799998
26.07.2023 13:51:56.850,765,269.411268661,336.5575799162,0.0194388802000163,-0.942420083799959,199.74276320001,0.998713816000048
26.07.2023 13:51:56.860,766,271.408696293,336.5544092262,0.0148943792000218,-0.945590773800177,200.590023799992,1.00295011899996
26.07.2023 13:51:56.870,767,273.414596531,336.5607333112,0.00931825819999221,-0.939266688799933,199.003891800004,0.995019459000019
26.07.2023 13:51:56.880,768,275.404635449,336.5641698442,0.00974883519999259,-0.935830155800033,199.576954200006,0.997884771000031
26.07.2023 13:51:56.890,769,277.400404991,336.5549478682,0.0202254122000403,-0.945052131800026,198.382156999992,0.991910784999959
26.07.2023 13:51:56.900,770,279.384226561,336.5620217672,0.0166417472000207,-0.937978232799878,199.973877799994,0.999869388999969
26.07.2023 13:51:56.910,771,281.383965339,336.5710024902,0.0120548892000252,-0.928997509799899,199.320481200004,0.996602406000022
26.07.2023 13:51:56.920,772,283.377170151,336.5716184442,0.0134961282000023,-0.928381555800115,200.712638200002,1.00356319100001
26.07.2023 13:51:56.930,773,285.384296533,336.5740095842,0.00893416220000742,-0.925990415800243,201.711078800002,1.00855539400001
26.07.2023 13:51:56.940,774,287.401407321,336.5769601302,0.00137242420002459,-0.923039869799879,200.056167599996,1.00028083799998
26.07.2023 13:51:56.950,775,289.401968997,336.5539784142,0.0088985932000305,-0.946021585800054,199.477338800006,0.997386694000028
26.07.2023 13:51:56.960,776,291.396742385,336.5446641592,0.00937520920003054,-0.955335840800046,199.645888799995,0.998229443999975
26.07.2023 13:51:56.970,777,293.393201273,336.5584621972,0.00377061920000155,-0.941537802799985,200.877936600006,1.00438968300003
26.07.2023 13:51:56.980,778,295.401980639,336.5669857672,0.00718743719998827,-0.93301423280019,201.239968999994,1.00619984499997
26.07.2023 13:51:56.990,779,297.414380329,336.5647265102,0.0186431552000115,-0.935273489799897,199.397519399997,0.996987596999986
26.07.2023 13:51:57.000,780,299.408355523,336.5693929352,0.0200702751999875,-0.930607064799858,199.263638600002,0.996318193000008
26.07.2023 13:51:57.010,781,301.400991909,336.5799678732,0.0144762062000161,-0.920032126799924,198.943997400005,0.994719987000025
26.07.2023 13:51:57.020,782,303.390431883,336.5763517752,0.012931519200007,-0.923648224800161,200.176134000003,1.00088067000002
26.07.2023 13:51:57.030,783,305.392193223,336.5674470972,0.0164082641999932,-0.932552902800182,200.724015600002,1.00362007800001
26.07.2023 13:51:57.040,784,307.399433379,336.5678450292,0.0128533622000309,-0.932154970800184,200.761288399997,1.00380644199998
26.07.2023 13:51:57.050,785,309.407046263,336.5792608402,0.00325963220004044,-0.920739159800235,198.034083399995,0.990170416999973
26.07.2023 13:51:57.060,786,311.387387097,336.5771249592,0.000707692199996668,-0.922875040800022,198.3222404,0.991611202000001
26.07.2023 13:51:57.070,787,313.370609501,336.5771497552,-0.00385124279999927,-0.922850244799861,200.901113200001,1.00450556600001
26.07.2023 13:51:57.080,788,315.379620633,336.5816198772,-0.0174201828000089,-0.918380122799988,200.441625000002,1.00220812500001
26.07.2023 13:51:57.090,789,317.384036883,336.5788481802,-0.0219645368000037,-0.921151819800173,201.462665000003,1.00731332500001
26.07.2023 13:51:57.100,790,319.398663533,336.5726741692,-0.0204945767999718,-0.927325830799873,201.3773012,1.006886506
26.07.2023 13:51:57.110,791,321.412436545,336.5814545102,-0.0250776057999664,-0.91854548980001,201.921997799997,1.00960998899998
26.07.2023 13:51:57.120,792,323.431656523,336.5825470142,-0.0256322737999994,-0.917452985800082,199.987658999999,0.999938294999993
26.07.2023 13:51:57.130,793,325.431533113,336.5715633542,-0.013148554799999,-0.928436645800048,198.615786400006,0.993078932000032
26.07.2023 13:51:57.140,794,327.417690977,336.5727998512,-0.00571103379999371,-0.927200148800182,199.805553999994,0.999027769999969
26.07.2023 13:51:57.150,795,329.415746517,336.5937181032,-0.00634035679997069,-0.90628189680001,199.996543800006,0.99998271900003
26.07.2023 13:51:57.160,796,331.415711955,336.5987265222,-0.00491311079999446,-0.901273477799919,201.308410999991,1.00654205499995
26.07.2023 13:51:57.170,797,333.428796065,336.5844797932,0.00458503920001974,-0.91552020679984,200.629811400006,1.00314905700003
26.07.2023 13:51:57.180,798,335.435094179,336.5838329422,0.00403363319998729,-0.916167057800124,199.186556000001,0.995932780000004
26.07.2023 13:51:57.190,799,337.426959739,336.5903644652,0.000453671200024708,-0.909635534800032,198.915342999999,0.994576714999994
26.07.2023 13:51:57.200,800,339.416113169,336.5917649032,0.00589126720002064,-0.908235096800183,200.250391000003,1.00125195500001
26.07.2023 13:51:57.210,801,341.418617079,336.6049418472,0.0102902782000402,-0.895058152800232,201.6968314,1.008484157
26.07.2023 13:51:57.220,802,343.435585393,336.6279308642,0.00665783720001989,-0.872069135799904,201.006295199994,1.00503147599997
26.07.2023 13:51:57.230,803,345.445648345,336.6315160652,0.00909235720003054,-0.868483934800224,199.588420399999,0.997942101999996
26.07.2023 13:51:57.240,804,347.441532549,336.6202867692,0.0165760222000355,-0.879713230800178,199.237721000003,0.996188605000015
26.07.2023 13:51:57.250,805,349.433909759,336.6178541482,0.0190278391999883,-0.882145851800146,199.4859572,0.997429785999998
26.07.2023 13:51:57.260,806,351.428769331,336.6245743082,0.0204479102000212,-0.87542569180016,200.512808000002,1.00256404000001
26.07.2023 13:51:57.270,807,353.433897411,336.6268761462,0.0228858602000312,-0.873123853800223,200.013709799998,1.00006854899999
26.07.2023 13:51:57.280,808,355.434034509,336.6288788772,0.0213237292000201,-0.871121122799877,200.124857999998,1.00062428999999
26.07.2023 13:51:57.290,809,357.435283089,336.6289559832,0.02376866520003,-0.871044016799885,198.838393600005,0.994191968000024
26.07.2023 13:51:57.300,810,359.423667025,336.6262918382,0.0252204042000062,-0.873708161799868,199.060867599997,0.995304337999983
26.07.2023 13:51:57.310,811,361.414275701,336.6197482192,0.0266863252000404,-0.880251780800222,198.903965599993,0.994519827999966
26.07.2023 13:51:57.320,812,363.403315357,336.6231418652,0.0311168572000016,-0.876858134799932,199.562906600016,0.997814533000081
26.07.2023 13:51:57.330,813,365.398944423,336.6339266082,0.0365227851999976,-0.866073391799944,200.239102399996,1.00119551199998
26.07.2023 13:51:57.340,814,367.401335447,336.6490826482,0.0359147562000215,-0.850917351800149,200.535540599992,1.00267770299996
26.07.2023 13:51:57.350,815,369.406690853,336.6474015982,0.0413668282000168,-0.852598401800151,200.564061800003,1.00282030900001
26.07.2023 13:51:57.360,816,371.412331471,336.6407251802,0.0458365812000363,-0.859274819800191,199.5202226,0.997601113000002
26.07.2023 13:51:57.370,817,373.407533697,336.6414445482,0.0442778802000263,-0.858555451800044,200.047952999995,1.00023976499998
26.07.2023 13:51:57.380,818,375.408013227,336.6374500152,0.040736971200007,-0.862549984800012,201.311485000002,1.00655742500001
26.07.2023 13:51:57.390,819,377.421128077,336.6402113732,0.0441750831999932,-0.859788626800082,200.284545400001,1.001422727
26.07.2023 13:51:57.400,820,379.423973531,336.6474051652,0.0505952922000217,-0.852594834800016,200.615630599998,1.00307815299999
26.07.2023 13:51:57.410,821,381.430129837,336.6667862012,0.0509732012000208,-0.833213798799818,200.606790200004,1.00303395100002
26.07.2023 13:51:57.420,822,383.436197739,336.6701681022,0.0604075952000365,-0.829831897800148,198.661362600001,0.993306813000004
26.07.2023 13:51:57.430,823,385.422811365,336.6634211832,0.0688733902000176,-0.836578816800056,200.042031200002,1.00021015600001
26.07.2023 13:51:57.440,824,387.423231677,336.6604602982,0.0753288861999903,-0.839539701800277,199.514433999997,0.997572169999984
26.07.2023 13:51:57.450,825,389.418376017,336.6621921462,0.0777666261999983,-0.837807853799859,200.669687800001,1.00334843900001
26.07.2023 13:51:57.460,826,391.425072895,336.6545602472,0.0782399591999994,-0.845439752800189,200.846652200005,1.00423326100002
26.07.2023 13:51:57.470,827,393.433539417,336.6510217062,0.074699218200037,-0.848978293800144,199.836767600004,0.999183838000022
26.07.2023 13:51:57.480,828,395.431907093,336.6489275512,0.076151167200013,-0.851072448800039,199.469079799985,0.997345398999926
26.07.2023 13:51:57.490,829,397.426597891,336.6586075352,0.0675606931999981,-0.841392464799981,199.725575000008,0.998627875000039
26.07.2023 13:51:57.500,830,399.423853641,336.6584460612,0.0670055632000217,-0.841553938799905,200.247516799993,1.00123758399997
26.07.2023 13:51:57.510,831,401.426328809,336.6545831662,0.0684646661999979,-0.845416833799902,201.1574752,1.005787376
26.07.2023 13:51:57.520,832,403.437903561,336.6492329982,0.0689310341999991,-0.85076700180025,199.471616800008,0.997358084000041
26.07.2023 13:51:57.530,833,405.432619729,336.6409206392,0.0704041092000316,-0.859079360800081,201.251612799996,1.00625806399998
26.07.2023 13:51:57.540,834,407.445135857,336.6366258382,0.0708669632000323,-0.863374161800209,199.280515999999,0.996402579999994
26.07.2023 13:51:57.550,835,409.437941017,336.6442409522,0.0752834391999937,-0.855759047800007,198.236610199996,0.991183050999979
26.07.2023 13:51:57.560,836,411.420307119,336.6592624362,0.0766714432000268,-0.840737563799905,199.640122400001,0.998200612000005
26.07.2023 13:51:57.570,837,413.416708343,336.6740694262,0.0740633002000415,-0.825930573800122,198.450332600009,0.992251663000047
26.07.2023 13:51:57.580,838,415.401211669,336.6691981892,0.0805219952000129,-0.830801810799983,199.577109599994,0.997885547999971
26.07.2023 13:51:57.590,839,417.396982765,336.6599515172,0.0839986141999991,-0.840048482800057,200.601467799999,1.00300733899999
26.07.2023 13:51:57.600,840,419.402997443,336.6642718102,0.0764295752000181,-0.835728189800193,201.468498000003,1.00734249000001
26.07.2023 13:51:57.610,841,421.417682423,336.6570782632,0.0719031062000222,-0.842921736800065,199.311796199999,0.996558980999993
26.07.2023 13:51:57.620,842,423.410800385,336.6416703862,0.0754008722000079,-0.858329613799981,199.753962999995,0.998769814999974
26.07.2023 13:51:57.630,843,425.408340015,336.6365347122,0.0798633872000274,-0.863465287800068,198.236654600009,0.991183273000047
26.07.2023 13:51:57.640,844,427.390706561,336.6515491402,0.079251403199994,-0.848450859800096,199.796824599991,0.998984122999957
26.07.2023 13:51:57.650,845,429.388674807,336.6564506172,0.0826785952000366,-0.843549382799949,200.087318800007,1.00043659400004
26.07.2023 13:51:57.660,846,431.389547995,336.6455521802,0.103162287200018,-0.85444781979993,200.7893878,1.003946939
26.07.2023 13:51:57.670,847,433.397441873,336.6520396552,0.1115861242,-0.847960344800185,200.122165599998,1.00061082799999
26.07.2023 13:51:57.680,848,435.398663529,336.6701338002,0.110967469200024,-0.829866199800165,199.488471999996,0.99744235999998
26.07.2023 13:51:57.690,849,437.393548249,336.6588651452,0.123451083200024,-0.841134854800146,200.102125399997,1.00051062699998
26.07.2023 13:51:57.700,850,439.394569503,336.6629251392,0.12288189719999,-0.837074860799817,198.5217154,0.992608576999999
26.07.2023 13:51:57.710,851,441.379786657,336.6630956852,0.12732295020001,-0.836904314800108,198.664392200004,0.993321961000021
26.07.2023 13:51:57.720,852,443.366430579,336.6733639092,0.131728695200029,-0.82663609080015,200.1906964,1.000953482
26.07.2023 13:51:57.730,853,445.368337543,336.6794564702,0.125152496200023,-0.820543529799863,200.398719000003,1.00199359500002
26.07.2023 13:51:57.740,854,447.372324733,336.6666546782,0.123643453200014,-0.833345321799868,200.276082400001,1.001380412
26.07.2023 13:51:57.750,855,449.375085557,336.6577893592,0.122120249200004,-0.842210640799919,200.173730199998,1.00086865099999
26.07.2023 13:51:57.760,856,451.376822859,336.6668558562,0.109533481200028,-0.833144143799927,199.309214800007,0.996546074000037
26.07.2023 13:51:57.770,857,453.369915007,336.6694473782,0.104967686200033,-0.83055262180028,200.113502799991,1.00056751399995
26.07.2023 13:51:57.780,858,455.371050035,336.6715141642,0.105405564200032,-0.828485835799881,201.211803000001,1.00605901500001
26.07.2023 13:51:57.790,859,457.383168065,336.6741938272,0.101843697200013,-0.825806172799957,200.629944600001,1.00314972300001
26.07.2023 13:51:57.800,860,459.389467511,336.6735258082,0.095292327200009,-0.82647419180023,201.907768399997,1.00953884199998
26.07.2023 13:51:57.810,861,461.408545195,336.6595681532,0.089790693200037,-0.840431846800129,201.38008240001,1.00690041200005
26.07.2023 13:51:57.820,862,463.422346019,336.6503173432,0.0842712792000075,-0.849682656799871,199.82550119999,0.999127505999951
26.07.2023 13:51:57.830,863,465.420601031,336.6501987562,0.079716194200012,-0.849801243799959,201.465650199998,1.00732825099999
26.07.2023 13:51:57.840,864,467.435257533,336.6610469442,0.0791260922000367,-0.838953055800175,200.384516000003,1.00192258000001
26.07.2023 13:51:57.850,865,469.439102693,336.6682765672,0.0795463582000369,-0.831723432800118,200.207662600002,1.00103831300001
26.07.2023 13:51:57.860,866,471.441179319,336.6713951922,0.078980728200003,-0.828604807799991,199.814079399994,0.999070396999969
26.07.2023 13:51:57.870,867,473.439320113,336.6732768692,0.0754185672000411,-0.826723130800133,199.805194600009,0.999025973000045
26.07.2023 13:51:57.880,868,475.437372059,336.6591664672,0.0829128791999882,-0.84083353279982,198.5559808,0.992779904000002
26.07.2023 13:51:57.890,869,477.422931867,336.6533362212,0.084375160200022,-0.846663778800007,200.524185399996,1.00262092699998
26.07.2023 13:51:57.900,870,479.428173721,336.6536448512,0.087820174200008,-0.846355148800001,198.926675999996,0.994633379999982
26.07.2023 13:51:57.910,871,481.417440481,336.6530591372,0.0962648221999896,-0.846940862800011,199.126395200005,0.995631976000027
26.07.2023 13:51:57.920,872,483.408704433,336.6525803652,0.102709524200018,-0.847419634800076,198.881366199993,0.994406830999964
26.07.2023 13:51:57.930,873,485.397518095,336.6599357312,0.0981259702000219,-0.840064268799836,198.150931400005,0.990754657000025
26.07.2023 13:51:57.940,874,487.379027409,336.6548758572,0.0995846321999996,-0.845124142800216,199.648403599997,0.998242017999985
26.07.2023 13:51:57.950,875,489.375511445,336.6506850802,0.105043585199995,-0.849314919800179,200.096425600003,1.00048212800002
26.07.2023 13:51:57.960,876,491.376475701,336.6557434422,0.104470864200018,-0.844256557800122,201.000750800006,1.00500375400003
26.07.2023 13:51:57.970,877,493.386483209,336.6603023152,0.0999018912000231,-0.839697684800228,201.75652179999,1.00878260899995
26.07.2023 13:51:57.980,878,495.404048427,336.6552906132,0.0993683911999896,-0.844709386800105,200.692376000006,1.00346188000003
26.07.2023 13:51:57.990,879,497.410972187,336.6436828822,0.104855834200041,-0.856317117799847,198.593231399991,0.992966156999955
26.07.2023 13:51:58.000,880,499.396904501,336.6488740432,0.101279281200023,-0.851125956800047,199.842445199999,0.999212225999997
26.07.2023 13:51:58.010,881,501.395328953,336.6457850482,0.103734759200033,-0.854214951800259,200.692353800008,1.00346176900004
26.07.2023 13:51:58.020,882,503.402252491,336.6341808452,0.110222196200004,-0.865819154799965,199.503123199997,0.997515615999987
26.07.2023 13:51:58.030,883,505.397283723,336.6378953172,0.108652890199995,-0.862104682800066,199.95121180001,0.999756059000049
26.07.2023 13:51:58.040,884,507.396795841,336.6508483442,0.0980519282000278,-0.849151655800142,199.237854199993,0.996189270999963
26.07.2023 13:51:58.050,885,509.389174383,336.6483945552,0.0945037812000085,-0.851605444800214,198.142401799998,0.990712008999992
26.07.2023 13:51:58.060,886,511.370598401,336.6272861542,0.0910190121999896,-0.872713845800149,200.510178000007,1.00255089000004
26.07.2023 13:51:58.070,887,513.375700181,336.6125093452,0.0795171201999889,-0.88749065480016,199.21213639999,0.99606068199995
26.07.2023 13:51:58.080,888,515.367821545,336.5970162452,0.0750149131999931,-0.902983754800061,198.333484600005,0.991667423000024
26.07.2023 13:51:58.090,889,517.351156391,336.5950690012,0.0774630062000032,-0.904930998800239,199.329210600001,0.996646053000006
26.07.2023 13:51:58.100,890,519.344448497,336.6117017302,0.0748477302000163,-0.888298269800032,200.809716599986,1.00404858299993
26.07.2023 13:51:58.110,891,521.352545663,336.6321774922,0.0702221762000212,-0.867822507800099,200.641033400007,1.00320516700003
26.07.2023 13:51:58.120,892,523.358955997,336.6295621292,0.0776777922000269,-0.870437870800231,200.629567200008,1.00314783600004
26.07.2023 13:51:58.130,893,525.365251669,336.6289540862,0.0881263202000171,-0.87104591380006,200.512808000008,1.00256404000004
26.07.2023 13:51:58.140,894,527.370379749,336.6312559242,0.0905642702000271,-0.868744075800123,199.79383939999,0.998969196999951
26.07.2023 13:51:58.150,895,529.368318143,336.6191352022,0.0960515242000215,-0.880864797799859,200.538188600001,1.002690943
26.07.2023 13:51:58.160,896,531.373700029,336.5994441692,0.106567175200012,-0.900555830799874,200.301733599986,1.00150866799993
26.07.2023 13:51:58.170,897,533.376717365,336.6036287452,0.108998013200023,-0.896371254799988,200.761110800022,1.00380555400011
26.07.2023 13:51:58.180,898,535.384328473,336.6150727802,0.107404235200013,-0.884927219800034,200.917990599987,1.00458995299994
26.07.2023 13:51:58.190,899,537.393508379,336.6165830782,0.103845840199993,-0.883416921799892,200.649536599997,1.00324768299998
26.07.2023 13:51:58.200,900,539.400003745,336.5949346682,0.109368612199989,-0.905065331799847,199.072444800004,0.995362224000019
26.07.2023 13:51:58.210,901,541.390728193,336.5863660892,0.102841651200042,-0.913633910800172,199.899554199999,0.999497770999994
26.07.2023 13:51:58.220,902,543.389723735,336.5732757742,0.100332509199999,-0.926724225800172,199.754051800016,0.998770259000082
26.07.2023 13:51:58.230,903,545.387264253,336.5681259882,0.100795048199999,-0.931874011800232,202.17027839999,1.01085139199995
26.07.2023 13:51:58.240,904,547.408967037,336.5783642172,0.0972086462000354,-0.921635782799797,202.059107999992,1.01029553999996
26.07.2023 13:51:58.250,905,549.429558117,336.5905315992,0.0906151712000309,-0.909468400799881,200.509822800007,1.00254911400003
26.07.2023 13:51:58.260,906,551.434656345,336.5758112382,0.0951131831999945,-0.924188761800224,198.613001000001,0.993065005000005
26.07.2023 13:51:58.270,907,553.420786355,336.5599937842,0.0956108201999939,-0.940006215800111,199.294829999997,0.996474149999983
26.07.2023 13:51:58.280,908,555.413734655,336.5475598432,0.0930980172000073,-0.952440156799923,200.464224400014,1.00232112200007
26.07.2023 13:51:58.290,909,557.418376899,336.5408264262,0.0975677492000264,-0.959173573800001,200.416066799983,1.00208033399991
26.07.2023 13:51:58.300,910,559.422537567,336.5600758242,0.092945646200032,-0.939924175800286,201.725308200002,1.00862654100001
26.07.2023 13:51:58.310,911,561.439790649,336.5780765292,0.0903308741999882,-0.921923470799982,199.180922800008,0.99590461400004
26.07.2023 13:51:58.320,912,563.431599877,336.5855958362,0.0837473952000409,-0.914404163800214,198.841197000002,0.994205985000008
26.07.2023 13:51:58.330,913,565.420011847,336.5648970122,0.0832627552000078,-0.935102987800235,199.274700999979,0.996373504999895
26.07.2023 13:51:58.340,914,567.412758857,336.5384430322,0.0847993972000405,-0.961556967800107,200.49848980002,1.0024924490001
26.07.2023 13:51:58.350,915,569.417743755,336.5257088232,0.0862903572000167,-0.974291176800079,200.333439799988,1.00166719899994
26.07.2023 13:51:58.360,916,571.421078153,336.5418884782,0.0766788682000257,-0.958111521799992,200.638518599999,1.00319259299999
26.07.2023 13:51:58.370,917,573.427463339,336.5572619302,0.0730709412000072,-0.942738069800214,199.425974000007,0.997129870000037
26.07.2023 13:51:58.380,918,575.421723079,336.5569435712,0.0765157241999932,-0.943056428800162,199.608571600004,0.998042858000019
26.07.2023 13:51:58.390,919,577.417808795,336.5597307862,0.0789499502000022,-0.940269213800093,200.384560399993,1.00192280199997
26.07.2023 13:51:58.400,920,579.421654399,336.5669533532,0.0773702281999926,-0.933046646800051,201.068948599993,1.00534474299997
26.07.2023 13:51:58.410,921,581.432343885,336.5595635622,0.0818436212000113,-0.94043643779986,201.362694400018,1.00681347200009
26.07.2023 13:51:58.420,922,583.445970829,336.5533537202,0.0893135242000165,-0.946646279800007,201.260208999986,1.00630104499993
26.07.2023 13:51:58.430,923,585.458572919,336.5650968622,0.0917198272000261,-0.934903137800006,201.437106800006,1.00718553400003
26.07.2023 13:51:58.440,924,587.472943987,336.5809439462,0.0931120382000032,-0.919056053800205,199.403197000004,0.997015985000019
26.07.2023 13:51:58.450,925,589.466975957,336.5846155312,0.0955426872000116,-0.915384468799914,199.497445599991,0.997487227999954
26.07.2023 13:51:58.460,926,591.461950413,336.5893248432,0.0929698522000255,-0.910675156799812,199.973988800002,0.999869944000011
26.07.2023 13:51:58.470,927,593.461690301,336.5982879262,0.0833830242000346,-0.901712073799843,199.765518000004,0.998827590000019
26.07.2023 13:51:58.480,928,595.459345481,336.5911308202,0.0808526511999923,-0.908869179799922,201.496974799988,1.00748487399994
26.07.2023 13:51:58.490,929,597.474315229,336.5789489612,0.0773438512000297,-0.921051038799874,200.1534236,1.000767118
26.07.2023 13:51:58.500,930,599.475849465,336.5740236432,0.0768064801999973,-0.925976356800049,199.292159800018,0.99646079900009
26.07.2023 13:51:58.510,931,601.468771063,336.5796032132,0.0702300921999925,-0.920396786800154,200.478786799999,1.002393934
26.07.2023 13:51:58.520,932,603.473558931,336.5878670352,0.0646468802000202,-0.91213296479998,201.051760399992,1.00525880199996
26.07.2023 13:51:58.530,933,605.484076535,336.5834864602,0.0731096442000021,-0.916513539800121,200.1563422,1.000781711
26.07.2023 13:51:58.540,934,607.485639957,336.5955939252,0.0735121932000014,-0.904406074799965,200.487560599993,1.00243780299996
26.07.2023 13:51:58.550,935,609.490515563,336.6198674662,0.0618724782000017,-0.880132533800122,200.501452800006,1.00250726400003
26.07.2023 13:51:58.560,936,611.495530091,336.6241589842,0.062303370200002,-0.875841015800233,200.255842400009,1.00127921200004
26.07.2023 13:51:58.570,937,613.498088515,336.6012912662,0.069829581200006,-0.898708733799936,200.629922399992,1.00314961199996
26.07.2023 13:51:58.580,938,615.504387739,336.6006267752,0.064278205200035,-0.899373224800229,200.883969400002,1.00441984700001
26.07.2023 13:51:58.590,939,617.513227433,336.6080990572,0.0526986482000342,-0.891900942800135,201.074737200008,1.00537368600004
26.07.2023 13:51:58.600,940,619.523974805,336.5996967862,0.0531756002000345,-0.900303213800214,198.889580799994,0.994447903999969
26.07.2023 13:51:58.610,941,621.512870613,336.5880649692,0.0596591242000064,-0.91193503080018,198.687368999992,0.993436844999962
26.07.2023 13:51:58.620,942,623.499744303,336.5943114972,0.0560790571999874,-0.90568850280016,200.136279800006,1.00068139900003
26.07.2023 13:51:58.630,943,625.501107101,336.5923883392,0.0575310692000204,-0.907611660800171,199.394400999984,0.996972004999918
26.07.2023 13:51:58.640,944,627.495051111,336.5800537332,0.067018215200034,-0.919946266799911,201.816505000022,1.00908252500011
26.07.2023 13:51:58.650,945,629.513216161,336.5820805502,0.0644600031999922,-0.917919449800252,199.451869399991,0.997259346999954
26.07.2023 13:51:58.660,946,631.507734855,336.5947732782,0.0608588942000288,-0.905226721799863,199.166160600009,0.995830803000047
26.07.2023 13:51:58.670,947,633.499396461,336.5873270982,0.0733283052000298,-0.912672901799965,199.337536199994,0.996687680999969
26.07.2023 13:51:58.680,948,635.492771823,336.5849550042,0.0767801372000154,-0.915044995799974,200.418603800006,1.00209301900003
26.07.2023 13:51:58.690,949,637.496957861,336.5862120592,0.0822215832000119,-0.913787940800205,199.536989000001,0.997684945000003
26.07.2023 13:51:58.700,950,639.492327751,336.5839892432,0.0956733971999886,-0.916010756800233,199.745459799999,0.998727298999995
26.07.2023 13:51:58.710,951,641.489782349,336.5978866162,0.102068756200017,-0.902113383800099,200.743833800004,1.00371916900002
26.07.2023 13:51:58.720,952,643.497220687,336.6123539792,0.108464325199988,-0.887646020800048,199.731141599989,0.998655707999944
26.07.2023 13:51:58.730,953,645.494532103,336.6112153052,0.113912694200042,-0.888784694800279,198.333417999993,0.991667089999964
26.07.2023 13:51:58.740,954,647.477866283,336.6092786452,0.119360769200036,-0.890721354800064,197.124014000008,0.985620070000039
26.07.2023 13:51:58.750,955,649.449106423,336.6086476772,0.122801534200021,-0.891352322799889,198.461732200008,0.992308661000038
26.07.2023 13:51:58.760,956,651.433723745,336.6017797042,0.129267299199994,-0.898220295800229,199.622485999987,0.998112429999935
26.07.2023 13:51:58.770,957,653.429948605,336.5845813682,0.142772138200028,-0.915418631800094,200.19056320001,1.00095281600005
26.07.2023 13:51:58.780,958,655.431854237,336.5906950972,0.142195903199995,-0.909304902800216,200.555758400003,1.00277879200002
26.07.2023 13:51:58.790,959,657.437411821,336.6030199742,0.139598554200009,-0.896980025800133,199.21169239999,0.996058461999951
26.07.2023 13:51:58.800,960,659.429528745,336.5875974342,0.155096227199995,-0.912402565799994,197.797002600009,0.988985013000047
26.07.2023 13:51:58.810,961,661.407498771,336.5743508442,0.16458303720001,-0.925649155800215,199.252216799994,0.996261083999968
26.07.2023 13:51:58.820,962,663.400020939,336.5869260462,0.159981892200013,-0.913073953799881,200.541307000003,1.00270653500002
26.07.2023 13:51:58.830,963,665.405434009,336.5842360442,0.162437517200023,-0.91576395580006,201.214317799997,1.00607158899999
26.07.2023 13:51:58.840,964,667.417577187,336.5689268922,0.169939193200029,-0.93107310780016,200.147657199989,1.00073828599994
26.07.2023 13:51:58.850,965,669.419053759,336.5650105262,0.172398269200038,-0.934989473800101,198.319459200013,0.991597296000066
26.07.2023 13:51:58.860,966,671.402248351,336.5830664732,0.168775719200019,-0.916933526799937,199.365879799996,0.996829398999978
26.07.2023 13:51:58.870,967,673.395907149,336.5757272352,0.17924518420001,-0.924272764800037,198.795376600003,0.993976883000016
26.07.2023 13:51:58.880,968,675.383860915,336.5630506352,0.188732204200025,-0.936949364800228,199.080929999991,0.995404649999955
26.07.2023 13:51:58.890,969,677.374670215,336.5705376392,0.189148662200024,-0.929462360800017,198.986748000016,0.994933740000079
26.07.2023 13:51:58.900,970,679.364537695,336.5769763322,0.191568622200034,-0.923023667799953,199.844982199988,0.999224910999942
26.07.2023 13:51:58.910,971,681.362987517,336.5558949942,0.204087649200035,-0.944105005800168,199.782573000005,0.998912865000023
26.07.2023 13:51:58.920,972,683.360813247,336.5457498402,0.203567869200001,-0.954250159799926,201.000817400006,1.00500408700003
26.07.2023 13:51:58.930,973,685.370821421,336.5502981292,0.19599891420002,-0.949701870800027,200.013620999994,1.00006810499997
26.07.2023 13:51:58.940,974,687.370957631,336.5523149722,0.19843675920003,-0.947685027800162,199.003714200001,0.995018571000003
26.07.2023 13:51:58.950,975,689.360994773,336.5557797292,0.20686728820001,-0.94422027079986,200.187959600009,1.00093979800005
26.07.2023 13:51:58.960,976,691.362874369,336.5798963852,0.199227486200029,-0.920103614800041,201.123165399986,1.00561582699993
26.07.2023 13:51:58.970,977,693.374106023,336.5805540652,0.204672614200025,-0.919445934800024,199.685028399995,0.998425141999974
26.07.2023 13:51:58.980,978,695.370956307,336.5523983772,0.225216296200006,-0.947601622799823,199.42027420002,0.997101371000099
26.07.2023 13:51:58.990,979,697.365159049,336.5530783862,0.228657544199993,-0.9469216138001,199.317833199996,0.996589165999978
26.07.2023 13:51:59.000,980,699.358337381,336.5717043232,0.22503520420003,-0.928295676799962,200.475512999992,1.00237756499996
26.07.2023 13:51:59.010,981,701.363092511,336.5629918102,0.234511976199988,-0.937008189799997,199.773577199994,0.998867885999971
26.07.2023 13:51:59.020,982,703.360828283,336.5368722172,0.250048639200031,-0.963127782799859,199.129735600002,0.995648678000009
26.07.2023 13:51:59.030,983,705.352125639,336.5533591962,0.238433375200031,-0.946640803800051,199.817153399999,0.999085766999997
26.07.2023 13:51:59.040,984,707.350297173,336.5722489602,0.228811176200039,-0.927751039799887,199.588487000005,0.997942435000027
26.07.2023 13:51:59.050,985,709.346182043,336.5610090802,0.233294859200001,-0.938990919799892,201.354098199999,1.006770491
26.07.2023 13:51:59.060,986,711.359723025,336.5387612952,0.238821313199998,-0.961238704800053,202.159123000013,1.01079561500006
26.07.2023 13:51:59.070,987,713.381314255,336.5509574522,0.224227907200011,-0.949042547800104,202.409896200004,1.01204948100002
26.07.2023 13:51:59.080,988,715.405413217,336.5543140472,0.21866630420004,-0.945685952800147,200.144427799978,1.00072213899989
26.07.2023 13:51:59.090,989,717.406857495,336.5334142902,0.234185376200026,-0.966585709799915,198.088078200021,0.990440391000107
26.07.2023 13:51:59.100,990,719.387738277,336.5393611602,0.242605111200006,-0.960638839799913,199.015672999974,0.99507836499987
26.07.2023 13:51:59.110,991,721.377895007,336.5758260832,0.233919129199993,-0.924173916800157,200.623934000009,1.00311967000005
26.07.2023 13:51:59.120,992,723.384134347,336.5762058242,0.241364140199998,-0.92379417580014,199.933575400007,0.999667877000036
26.07.2023 13:51:59.130,993,725.383470101,336.5571535252,0.246876160199993,-0.942846474799978,199.7258192,0.998629096000002
26.07.2023 13:51:59.140,994,727.380728293,336.5569532432,0.235321096199992,-0.943046756800015,200.13086859999,1.00065434299995
26.07.2023 13:51:59.150,995,729.382036979,336.5559825892,0.223769651199993,-0.944017410800257,201.0888292,1.005444146
26.07.2023 13:51:59.160,996,731.392925271,336.5275665432,0.227317264200034,-0.97243345679982,199.500204600008,0.997501023000041
26.07.2023 13:51:59.170,997,733.387927317,336.5142482322,0.224808038199993,-0.985751767800252,198.873040599995,0.994365202999973
26.07.2023 13:51:59.180,998,735.376657723,336.5406084212,0.214157376200026,-0.959391578800194,200.144898199994,1.00072449099997
26.07.2023 13:51:59.190,999,737.378106705,336.5547196782,0.216552843200035,-0.945280321800112,200.227032600003,1.00113516300001
26.07.2023 13:51:59.200,1000,739.380377031,336.5368931922,0.238061295199993,-0.963106807800159,200.572902200008,1.00286451100004
26.07.2023 13:51:59.210,1001,741.386106053,336.5462159092,0.233474563199998,-0.953784090800184,200.964059399996,1.00482029699998
26.07.2023 13:51:59.220,1002,743.395746647,336.5747502772,0.216820843200001,-0.925249722799947,200.275882599988,1.00137941299994
26.07.2023 13:51:59.230,1003,745.398505473,336.5659167102,0.224297585200006,-0.934083289800014,199.186085600013,0.995930428000065
26.07.2023 13:51:59.240,1004,747.390366329,336.5374372192,0.23384122820002,-0.962562780799885,198.887288000003,0.994436440000015
26.07.2023 13:51:59.250,1005,749.379239209,336.5437589372,0.219261269200034,-0.956241062799847,199.323799399997,0.996618996999985
26.07.2023 13:51:59.260,1006,751.372477203,336.5613441702,0.203642536200014,-0.93865582979987,201.348309599996,1.00674154799998
26.07.2023 13:51:59.270,1007,753.385960299,336.5401088652,0.21316543120003,-0.959891134800273,200.649469999996,1.00324734999998
26.07.2023 13:51:59.280,1008,755.392454999,336.5184710392,0.221688185200012,-0.981528960800233,197.903254400001,0.989516272000003
26.07.2023 13:51:59.290,1009,757.371487543,336.5392552862,0.207055012200024,-0.960744713799897,199.645866600008,0.99822933300004
26.07.2023 13:51:59.300,1010,759.367946209,336.5530568522,0.20245041620003,-0.946943147800255,200.167271399994,1.00083635699997
26.07.2023 13:51:59.310,1011,761.369618923,336.5281565672,0.215983640200005,-0.971843432799858,200.621015399997,1.00310507699999
26.07.2023 13:51:59.320,1012,763.375829077,336.5115035252,0.222488731200035,-0.988496474800229,198.639144800006,0.993195724000032
26.07.2023 13:51:59.330,1013,765.362220525,336.5437434522,0.212816811199986,-0.95625654779991,200.142250200008,1.00071125100004
26.07.2023 13:51:59.340,1014,767.363643027,336.5758646922,0.210148699200001,-0.92413530780027,201.086003600005,1.00543001800003
26.07.2023 13:51:59.350,1015,769.374503063,336.5654868532,0.21663268520003,-0.934513146800271,200.872099399987,1.00436049699994
26.07.2023 13:51:59.360,1016,771.383224057,336.5399448572,0.218169663200006,-0.960055142800059,199.232354199989,0.996161770999947
26.07.2023 13:51:59.370,1017,773.375547599,336.5384576842,0.205618035200029,-0.961542315799875,199.286482200012,0.996432411000058
26.07.2023 13:51:59.380,1018,775.368412421,336.5450320942,0.19803811819999,-0.95496790579989,199.500049200003,0.997500246000016
26.07.2023 13:51:59.390,1019,777.363412913,336.5317384792,0.202528850200011,-0.96826152080024,200.076363200003,1.00038181600002
26.07.2023 13:51:59.400,1020,779.364176545,336.5227662182,0.203005592200009,-0.977233781799839,200.182282000003,1.00091141000001
26.07.2023 13:51:59.410,1021,781.365999365,336.5478777142,0.194362261199996,-0.952122285800272,199.588757599986,0.99794378799993
26.07.2023 13:51:59.420,1022,783.361886941,336.5716806002,0.194722285199995,-0.928319399799989,200.224628800004,1.00112314400002
26.07.2023 13:51:59.430,1023,785.364133229,336.5718252892,0.200167224199991,-0.928174710800022,199.377545799996,0.99688772899998
26.07.2023 13:51:59.440,1024,787.357908687,336.5624469792,0.198643831200038,-0.937553020800067,200.053675000004,1.00026837500002
26.07.2023 13:51:59.450,1025,789.358445437,336.5574505502,0.194106463199986,-0.94254944980014,200.595767999994,1.00297883999997
26.07.2023 13:51:59.460,1026,791.364403117,336.5627692112,0.186533889200005,-0.937230788800036,201.185952000014,1.00592976000007
26.07.2023 13:51:59.470,1027,793.376262637,336.5524307312,0.188017926200038,-0.947569268800066,199.842556199997,0.999212780999983
26.07.2023 13:51:59.480,1028,795.374688199,336.5493240962,0.185473434199994,-0.950675903799834,200.110832599989,1.00055416299995
26.07.2023 13:51:59.490,1029,797.375796525,336.5694043932,0.181847727200032,-0.930595606799955,200.644240600013,1.00322120300007
26.07.2023 13:51:59.500,1030,799.382238931,336.5837759492,0.177243341200038,-0.916224050800224,200.515522599983,1.00257761299991
26.07.2023 13:51:59.510,1031,801.387394157,336.5680572202,0.181744888199999,-0.931942779799897,198.236184200005,0.991180921000023
26.07.2023 13:51:59.520,1032,803.369755999,336.5480606342,0.1942565092,-0.951939365800229,198.396497400006,0.99198248700003
26.07.2023 13:51:59.530,1033,805.353720973,336.5701670522,0.190619840200038,-0.929832947800037,200.915253799997,1.00457626899998
26.07.2023 13:51:59.540,1034,807.362873511,336.5897014452,0.185997842200042,-0.910298554799908,200.894720999997,1.00447360499999
26.07.2023 13:51:59.550,1035,809.371820721,336.5601942012,0.1955489122,-0.939805798800137,201.958778000005,1.00979389000003
26.07.2023 13:51:59.560,1036,811.391408501,336.5372970982,0.203079015200005,-0.962702901800014,200.348046599993,1.00174023299996
26.07.2023 13:51:59.570,1037,813.394888967,336.5684669362,0.181414594200014,-0.931533063800089,198.870011000008,0.994350055000041
26.07.2023 13:51:59.580,1038,815.383589077,336.5778119822,0.174823982200008,-0.922188017799954,199.340317400004,0.996701587000018
26.07.2023 13:51:59.590,1039,817.376992251,336.5574087372,0.177339429200018,-0.942591262799908,201.014598599988,1.00507299299994
26.07.2023 13:51:59.600,1040,819.387138237,336.5419926432,0.186841051200033,-0.958007356800067,200.587220400018,1.00293610200009
26.07.2023 13:51:59.610,1041,821.393010441,336.5663514072,0.183201309200014,-0.933648592800182,201.046708599984,1.00523354299992
26.07.2023 13:51:59.620,1042,823.403477527,336.5979519902,0.170536981200037,-0.902048009800296,201.22567300001,1.00612836500005
26.07.2023 13:51:59.630,1043,825.415734257,336.5806531582,0.180045715199994,-0.919346841799836,200.7120568,1.003560284
26.07.2023 13:51:59.640,1044,827.422854825,336.5480509242,0.193607324200029,-0.951949075800314,199.220688200012,0.996103441000059
26.07.2023 13:51:59.650,1045,829.415061707,336.5486028232,0.193048554199995,-0.951397176800072,198.79036919998,0.993951845999902
26.07.2023 13:51:59.660,1046,831.402965399,336.5719003252,0.179408494200042,-0.928099674800251,200.024976200007,1.00012488100003
26.07.2023 13:51:59.670,1047,833.403215161,336.5719274882,0.183853397200005,-0.928072511800281,203.199599599998,1.01599799799999
26.07.2023 13:51:59.680,1048,835.435211157,336.5597656362,0.194348405199994,-0.940234363799959,202.258871599997,1.01129435799999
26.07.2023 13:51:59.690,1049,837.457799873,336.5720329042,0.183754996200028,-0.9279670958,198.602249400005,0.993011247000027
26.07.2023 13:51:59.700,1050,839.443822367,336.5931949762,0.163122006200013,-0.906805023800132,199.665547400002,0.998327737000011
26.07.2023 13:51:59.710,1051,841.440477841,336.5860020392,0.166591576199999,-0.913997960800202,199.023372800002,0.995116864000011
26.07.2023 13:51:59.720,1052,843.430711569,336.5684758212,0.184096265199995,-0.931524178800089,200.273345599999,1.00136672799999
26.07.2023 13:51:59.730,1053,845.433445025,336.5776345972,0.181509458200009,-0.922365402800153,198.995721599988,0.99497860799994
26.07.2023 13:51:59.740,1054,847.423402241,336.6000512572,0.168872969200031,-0.89994874279995,200.817931199992,1.00408965599996
26.07.2023 13:51:59.750,1055,849.431581553,336.6015398362,0.175314493200003,-0.898460163799825,200.487001400018,1.00243500700009
26.07.2023 13:51:59.760,1056,851.436451567,336.5908164752,0.180798359199998,-0.909183524799857,199.166515799982,0.995832578999909
26.07.2023 13:51:59.770,1057,853.428116725,336.5833138472,0.177267866200036,-0.916686152799912,198.750133400006,0.993750667000029
26.07.2023 13:51:59.780,1058,855.415618059,336.5785677432,0.170726702200031,-0.921432256799847,198.721567800021,0.993607839000106
26.07.2023 13:51:59.790,1059,857.402833737,336.5788240632,0.167167845200013,-0.921175936800182,201.323039999988,1.00661519999994
26.07.2023 13:51:59.800,1060,859.416064137,336.5795639892,0.163613069199994,-0.920436010800188,200.646888599988,1.00323444299994
26.07.2023 13:51:59.810,1061,861.422533023,336.5759255622,0.164072262199994,-0.92407443780013,200.618434,1.00309217
26.07.2023 13:51:59.820,1062,863.428717363,336.5772719192,0.16251379220004,-0.922728080799914,200.1393538,1.000696769
26.07.2023 13:51:59.830,1063,865.430110901,336.5923568482,0.157905766199989,-0.907643151800073,199.226365800007,0.996131829000035
26.07.2023 13:51:59.840,1064,867.422374559,336.5919139072,0.158350525199989,-0.908086092800147,200.033368400011,1.00016684200006
26.07.2023 13:51:59.850,1065,869.422708243,336.5729256632,0.165862554199993,-0.927074336799933,200.758081199979,1.00379040599989
26.07.2023 13:51:59.860,1066,871.430289055,336.5673545552,0.168328826200002,-0.932645444799789,199.762847800014,0.998814239000069
26.07.2023 13:51:59.870,1067,873.427917533,336.5782109602,0.161734868199997,-0.921789039799876,198.587753600009,0.992938768000045
26.07.2023 13:51:59.880,1068,875.413795069,336.5843652092,0.148154840199987,-0.915634790799857,199.006695199989,0.995033475999946
26.07.2023 13:51:59.890,1069,877.403862021,336.5697670632,0.146649038200035,-0.930232936799996,198.613045399986,0.993065226999931
26.07.2023 13:51:59.900,1070,879.389992475,336.5539425532,0.145146687200025,-0.946057446799955,198.77297700001,0.99386488500005
26.07.2023 13:51:59.910,1071,881.377722245,336.5451959212,0.136619675200012,-0.95480407880018,200.059574600016,1.00029787300008
26.07.2023 13:51:59.920,1072,883.378317991,336.5391693722,0.123085896200002,-0.960830627800135,199.660002999985,0.998300014999927
26.07.2023 13:51:59.930,1073,885.374918021,336.5329501072,0.119551973200039,-0.967049892799992,200.646777599991,1.00323388799995
26.07.2023 13:51:59.940,1074,887.381385797,336.5293293202,0.125011136200034,-0.97067067979998,200.256201800005,1.00128100900002
26.07.2023 13:51:59.950,1075,889.383947815,336.5414902562,0.124413712200002,-0.958509743800278,199.160527400011,0.995802637000054
26.07.2023 13:51:59.960,1076,891.375553089,336.5350318602,0.133879606200016,-0.964968139800135,200.578468799995,1.00289234399997
26.07.2023 13:51:59.970,1077,893.381337777,336.5433773772,0.135296373199992,-0.956622622799898,201.648247800006,1.00824123900003
26.07.2023 13:51:59.980,1078,895.397820255,336.5573311392,0.13369571420004,-0.94266886080004,199.836678799988,0.999183393999942
26.07.2023 13:51:59.990,1079,897.396187043,336.5552510962,0.139147639200035,-0.944748903800019,199.577154000008,0.997885770000039
26.07.2023 13:52:00.000,1080,899.391958583,336.5459973682,0.140624270200011,-0.954002631800108,199.337602799983,0.996688013999915
26.07.2023 13:52:00.010,1081,901.385334611,336.5436146902,0.141076120200011,-0.956385309800055,198.399212000004,0.991996060000019
26.07.2023 13:52:00.020,1082,903.369326731,336.5477005412,0.139503048200002,-0.952299458799985,200.396093200015,1.00198046600008
26.07.2023 13:52:00.030,1083,905.373287663,336.5529052042,0.13193043220002,-0.947094795799899,198.173841599998,0.990869207999992
26.07.2023 13:52:00.040,1084,907.355026079,336.5438342182,0.128403264200002,-0.956165781800223,192.956334799999,0.964781673999994
26.07.2023 13:52:00.050,1085,909.284589427,336.5187987812,0.13492087820003,-0.981201218799981,186.906666799996,0.93453333399998
26.07.2023 13:52:00.060,1086,911.153656095,336.5183017872,0.126338363200015,-0.981698212799927,184.099620199993,0.920498100999964
26.07.2023 13:52:00.070,1087,912.994652297,336.5182373092,0.126748136200015,-0.98176269079994,176.545888000021,0.882729440000105
26.07.2023 13:52:00.080,1088,914.760111177,336.5078965632,0.140177445199992,-0.992103436799823,169.865711399996,0.849328556999978
26.07.2023 13:52:00.090,1089,916.458768291,336.5097219072,0.140548886199992,-0.990278092800111,162.078704999999,0.810393524999995
26.07.2023 13:52:00.100,1090,918.079555341,336.5070519372,0.126918773200039,-0.992948062799826,152.182754799981,0.760913773999903
26.07.2023 13:52:00.110,1091,919.601382889,336.4657530122,0.134403068199987,-1.03424698780003,141.857022600027,0.709285113000135
26.07.2023 13:52:00.120,1092,921.019953115,336.4435711652,0.133796894200011,-1.0564288348001,135.194215999991,0.675971079999954
26.07.2023 13:52:00.130,1093,922.371895275,336.4656030702,0.116019798200038,-1.03439692979998,125.404273399988,0.627021366999941
26.07.2023 13:52:00.140,1094,923.625938009,336.4830756652,0.106237061199991,-1.01692433480002,116.378516200007,0.581892581000034
26.07.2023 13:52:00.150,1095,924.789723171,336.4673994402,0.110551288200009,-1.0326005597999,104.925026000012,0.524625130000061
26.07.2023 13:52:00.160,1096,925.838973431,336.4402858582,0.145880589200034,-1.05971414179987,96.1343093999972,0.480671546999986
26.07.2023 13:52:00.170,1097,926.800316525,336.4792190962,0.166957225199993,-1.02078090379996,83.2395924000025,0.416197962000012
26.07.2023 13:52:00.180,1098,927.632712449,336.5837425072,0.14077346320004,-0.916257492800185,63.6141891999841,0.318070945999921
26.07.2023 13:52:00.190,1099,928.268854341,336.6169499262,0.110797625200009,-0.883050073799893,42.9524023999988,0.214762011999994
26.07.2023 13:52:00.200,1100,928.698378365,336.5322848062,0.108191862200025,-0.967715193800245,28.6813762000065,0.143406881000033
26.07.2023 13:52:00.210,1101,928.985192127,336.4384669332,0.104586637200004,-1.06153306679994,23.0258061999962,0.115129030999981
26.07.2023 13:52:00.220,1102,929.215450189,336.4054284092,0.0737542211999997,-1.09457159080023,23.0171254000084,0.115085627000042
26.07.2023 13:52:00.230,1103,929.445621443,336.3914511562,0.0528546012000416,-1.10854884380024,22.7255655999897,0.113627827999949
26.07.2023 13:52:00.240,1104,929.672877099,336.3934431612,0.0628981932000324,-1.10655683880026,13.3836492,0.0669182460000002
26.07.2023 13:52:00.250,1105,929.806713591,336.4352100972,0.0827807392000138,-1.06478990280016,6.44666660001576,0
26.07.2023 13:52:00.260,1106,929.871180257,336.4990339732,0.0955699891999909,-1.0009660268002,2.57869939998727,0
26.07.2023 13:52:00.270,1107,929.896967251,336.5385926252,0.102436205199996,-0.961407374800103,7.21084780000183,0
26.07.2023 13:52:00.280,1108,929.969075729,336.5387418892,0.113451791200019,-0.961258110800031,8.42071799999076,0
26.07.2023 13:52:00.290,1109,930.053282909,336.5375113732,0.105474813200038,-0.962488626799882,7.25419780001175,0
26.07.2023 13:52:00.300,1110,930.125824887,336.5476201722,0.0934552082000376,-0.952379827800087,2.70992800001295,0
26.07.2023 13:52:00.310,1111,930.152924167,336.5641951922,0.0944027652000144,-0.935804807800139,-0.208200200017927,0
26.07.2023 13:52:00.320,1112,930.150842165,336.5831177692,0.0973355611999995,-0.916882230799956,-3.08355979999533,0
26.07.2023 13:52:00.330,1113,930.120006567,336.5793540642,0.0973419801999995,-0.920645935799939,-4.49564599999803,0
26.07.2023 13:52:00.340,1114,930.075050107,336.5597633822,0.0984011032000335,-0.940236617800224,-3.214947999993,0
26.07.2023 13:52:00.350,1115,930.042900627,336.5439229032,0.103449870200028,-0.956077096799902,-1.08692280000469,0
26.07.2023 13:52:00.360,1116,930.032031399,336.5413168182,0.108456679200023,-0.958683181799813,0.467525199996999,0
26.07.2023 13:52:00.370,1117,930.036706651,336.5295996782,0.118499123200015,-0.970400321799957,1.6801363999889,0
26.07.2023 13:52:00.380,1118,930.053508015,336.5335637652,0.118488875200014,-0.966436234799801,0.812995200010391,0
26.07.2023 13:52:00.390,1119,930.061637967,336.5490593322,0.120436027200024,-0.950940667799955,-0.396408799997516,0
26.07.2023 13:52:00.400,1120,930.057673879,336.5658605912,0.120375869200025,-0.934139408800149,1.2411545999953,0
26.07.2023 13:52:00.410,1121,930.070085425,336.5765429222,0.108340864200024,-0.923457077799924,2.84701179999729,0
26.07.2023 13:52:00.420,1122,930.098555543,336.5691112462,0.0963733392000232,-0.930888753799877,1.34622140000147,0
26.07.2023 13:52:00.430,1123,930.112017757,336.5438411942,0.0974654952000005,-0.956158805800214,-1.29784179998751,0
26.07.2023 13:52:00.440,1124,930.099039339,336.5430931512,0.0954652341999911,-0.956906848800202,-3.86221880000903,0
26.07.2023 13:52:00.450,1125,930.060417151,336.5529076052,0.0954220161999904,-0.947092394800109,-4.64709240000047,0
26.07.2023 13:52:00.460,1126,930.013946227,336.5422946282,0.110449219200033,-0.957705371799875,-0.177053199990951,0
26.07.2023 13:52:00.470,1127,930.012175695,336.5382153822,0.118463269200015,-0.961784617800163,0.342373799992401,0
26.07.2023 13:52:00.480,1128,930.015599433,336.5484235302,0.117428009200038,-0.951576469799988,6.7953311999986,0
26.07.2023 13:52:00.490,1129,930.083552745,336.5511917262,0.0864331582000333,-0.948808273800239,1.080823399991,0
26.07.2023 13:52:00.500,1130,930.094360979,336.5548596832,0.0994227062000095,-0.945140316800064,1.43187800000533,0
26.07.2023 13:52:00.510,1131,930.108679759,336.5496745172,0.101444198200019,-0.95032548279994,-0.544585600005121,0
26.07.2023 13:52:00.520,1132,930.103233903,336.5573447142,0.0924158672000047,-0.942655285800129,-1.74835639999174,0
26.07.2023 13:52:00.530,1133,930.085750339,336.5653328192,0.0843837432000233,-0.934667180800091,0.350743800004238,0
26.07.2023 13:52:00.540,1134,930.089257777,336.5565290882,0.0874156032000093,-0.943470911800148,-0.787366200006545,0
26.07.2023 13:52:00.550,1135,930.081384115,336.5540869442,0.090422487199995,-0.945913055800077,0.721594399999503,0
26.07.2023 13:52:00.560,1136,930.088600059,336.5505030492,0.0934367562000373,-0.949496950799983,-3.4545879999996,0
26.07.2023 13:52:00.570,1137,930.054054179,336.5415477322,0.101460718200019,-0.958452267800055,-0.753278400009094,0
26.07.2023 13:52:00.580,1138,930.046521395,336.5331330202,0.1094887822,-0.966866979799875,-1.37766119999014,0
26.07.2023 13:52:00.590,1139,930.032744783,336.5463656572,0.108439025200024,-0.953634342800115,1.97964859999047,0
26.07.2023 13:52:00.600,1140,930.052541269,336.5505007412,0.108428840200024,-0.94949925879996,2.72736040001291,0
26.07.2023 13:52:00.610,1141,930.079814873,336.5640277372,0.0943870922000131,-0.935972262799851,3.91091339998866,0
26.07.2023 13:52:00.620,1142,930.118924007,336.5632308982,0.0873985582000089,-0.936769101799996,-0.476276799986408,0
26.07.2023 13:52:00.630,1143,930.114161239,336.5589347912,0.0824126232000132,-0.941065208799898,-1.56892159999416,0
26.07.2023 13:52:00.640,1144,930.098472023,336.5530344952,0.0834299561999898,-0.946965504799948,-2.80121360000294,0
26.07.2023 13:52:00.650,1145,930.070459887,336.5524474752,0.0864258152000335,-0.947552524800244,-1.36944660002882,0
26.07.2023 13:52:00.660,1146,930.056765421,336.5466929292,0.0964431362000232,-0.953307070799895,0.787166400004935,0
26.07.2023 13:52:00.670,1147,930.064637085,336.5491668252,0.102436198199995,-0.950833174799925,0.610446200016668,0
26.07.2023 13:52:00.680,1148,930.070741547,336.5475085552,0.101443400200019,-0.952491444799932,-0.171242400006122,0
26.07.2023 13:52:00.690,1149,930.069029123,336.5424133012,0.104461015200005,-0.957586698800071,-1.08681179999621,0
26.07.2023 13:52:00.700,1150,930.058161005,336.5397895762,0.104467854200005,-0.960210423799992,0.564958800009663,0
26.07.2023 13:52:00.710,1151,930.063810593,336.5461006102,0.0984468062000333,-0.953899389800142,1.77445159998797,0
26.07.2023 13:52:00.720,1152,930.081555109,336.5510918402,0.0904330921999956,-0.948908159800226,2.77275900000404,0
26.07.2023 13:52:00.730,1153,930.109282699,336.5566636442,0.0854195701999986,-0.943336355799829,0.587691399994128,0
26.07.2023 13:52:00.740,1154,930.115159613,336.5589917902,0.0824126442000132,-0.941008209799918,-1.39776799999254,0
26.07.2023 13:52:00.750,1155,930.101181933,336.5582008602,0.0844123382000227,-0.941799139799912,-2.25081720000162,0
26.07.2023 13:52:00.760,1156,930.078673761,336.5489276352,0.0914400932000287,-0.951072364800098,-1.95134939999662,0
26.07.2023 13:52:00.770,1157,930.059160267,336.5398324632,0.100467899199986,-0.960167536799929,-0.311000600004263,0
26.07.2023 13:52:00.780,1158,930.056050261,336.5416723142,0.104460742200005,-0.9583276858001,1.16954979999946,0
26.07.2023 13:52:00.790,1159,930.067745759,336.5473481422,0.104443319200005,-0.952651857799935,0.981318999993164,0
26.07.2023 13:52:00.800,1160,930.077558949,336.5509061802,0.102432936199996,-0.949093819800225,1.10402220001333,0
26.07.2023 13:52:00.810,1161,930.088599171,336.5505171612,0.0974367321999996,-0.949482838799952,0.105670399989322,0
26.07.2023 13:52:00.820,1162,930.089655875,336.5495546242,0.0914403242000286,-0.950445375800143,0.0171882000131518,0
26.07.2023 13:52:00.830,1163,930.089827757,336.5465454082,0.0874509532000083,-0.953454591799925,0.29385679998768,0
26.07.2023 13:52:00.840,1164,930.092766325,336.5477077172,0.0854474931999997,-0.952292282800101,0.581858400005331,0
26.07.2023 13:52:00.850,1165,930.098584909,336.5510553992,0.088436996200042,-0.948944600799962,0.0940487999969264,0
26.07.2023 13:52:00.860,1166,930.099525397,336.5521248782,0.092433458200005,-0.947875121800223,-1.18106039999475,0
26.07.2023 13:52:00.870,1167,930.087714793,336.5484634262,0.0974437811999995,-0.951536573799899,-1.58610979999594,0
26.07.2023 13:52:00.880,1168,930.071853695,336.5455723462,0.102450485199995,-0.954427653799883,-1.38066860000663,0
26.07.2023 13:52:00.890,1169,930.058047009,336.5417863122,0.104460784200005,-0.958213687800082,0.50495340000225,0
26.07.2023 13:52:00.900,1170,930.063096543,336.5410623552,0.10146444220002,-0.958937644800244,1.97975959999894,0
26.07.2023 13:52:00.910,1171,930.082894139,336.5451797992,0.0964542872000236,-0.954820200800043,1.77442939999537,0
26.07.2023 13:52:00.920,1172,930.100638433,336.5501745572,0.0894405672000189,-0.949825442800147,0.487876199997572,0
26.07.2023 13:52:00.930,1173,930.105517195,336.5524421762,0.0854336261999999,-0.947557823800196,-0.604701999998269,0
26.07.2023 13:52:00.940,1174,930.099470175,336.5530950222,0.0844299712000229,-0.946904977799989,-0.775966599996991,0
26.07.2023 13:52:00.950,1175,930.091710509,336.5486561422,0.0874439252000087,-0.951343857799941,1.50326080000696,0
26.07.2023 13:52:00.960,1176,930.106743117,336.5485127592,0.0874477752000093,-0.951487240800134,-0.487854000004972,0
26.07.2023 13:52:00.970,1177,930.101864577,336.5462416122,0.0904547221999951,-0.953758387800065,0.0397875999965436,0
26.07.2023 13:52:00.980,1178,930.102262453,336.5392706762,0.0954794371999909,-0.960729323800194,-3.38883839999653,0
26.07.2023 13:52:00.990,1179,930.068374069,336.5363449262,0.0984822402000324,-0.963655073799885,1.04973879999761,0
26.07.2023 13:52:01.000,1180,930.078871457,336.5279190202,0.0955142831999898,-0.972080979799898,2.28773059999412,0
26.07.2023 13:52:01.010,1181,930.101748763,336.5131814702,0.0905713351999948,-0.986818529799962,8.81714900000361,0
26.07.2023 13:52:01.020,1182,930.189920253,336.4951461672,0.0816545212000372,-1.00485383280011,12.2342422000088,0.061171211000044
26.07.2023 13:52:01.030,1183,930.312262675,336.4750835822,0.0807525132000043,-1.02491641780011,13.5351579999906,0.0676757899999529
26.07.2023 13:52:01.040,1184,930.447614255,336.4727771272,0.0757907282000081,-1.02722287279994,16.8695576000118,0.0843477880000592
26.07.2023 13:52:01.050,1185,930.616309831,336.4653842312,0.0768543452000423,-1.03461576880022,17.6795897999909,0.0883979489999547
26.07.2023 13:52:01.060,1186,930.793105729,336.4564611752,0.0809251822000037,-1.04353882479995,23.2249302000014,0.116124651000007
26.07.2023 13:52:01.070,1187,931.025355031,336.4587099512,0.0829689272000133,-1.04129004879997,25.9123697999939,0.12956184899997
26.07.2023 13:52:01.080,1188,931.284478729,336.4814778272,0.0719461731999897,-1.01852217280015,31.3575800000081,0.15678790000004
26.07.2023 13:52:01.090,1189,931.598054529,336.4803212982,0.0640199592000075,-1.01967870179988,33.8019017999954,0.169009508999977
26.07.2023 13:52:01.100,1190,931.936073547,336.4545393462,0.0621861021999984,-1.04546065379998,38.2629896000026,0.191314948000013
26.07.2023 13:52:01.110,1191,932.318703443,336.4193096302,0.0673955471999946,-1.08069036980021,40.1058651999961,0.20052932599998
26.07.2023 13:52:01.120,1192,932.719762095,336.4121723022,0.071509973200013,-1.08782769779998,47.7792974000067,0.238896487000034
26.07.2023 13:52:01.130,1193,933.197555069,336.4294306162,0.0705553672000374,-1.07056938380015,53.5924659999978,0.267962329999989
26.07.2023 13:52:01.140,1194,933.733479729,336.4460331522,0.0786160652000173,-1.05396684779981,58.3416663999969,0.291708331999985
26.07.2023 13:52:01.150,1195,934.316896393,336.4553556572,0.093713058200005,-1.04464434280021,64.6746838000013,0.323373419000006
26.07.2023 13:52:01.160,1196,934.963643231,336.4782427462,0.0897761592000416,-1.02175725379982,70.5680270000016,0.352840135000008
26.07.2023 13:52:01.170,1197,935.669323501,336.4864369292,0.0779041562000415,-1.01356307079999,76.4667328000087,0.382333664000043
26.07.2023 13:52:01.180,1198,936.433990829,336.4439076562,0.0652242252000088,-1.05609234380023,83.4548359999758,0.417274179999879
26.07.2023 13:52:01.190,1199,937.268539189,336.3703643552,0.0676693572000172,-1.12963564479992,94.2654676000302,0.471327338000151
26.07.2023 13:52:01.200,1200,938.211193865,336.3331196002,0.0920106172000191,-1.16688039980022,102.992253799982,0.514961268999912
26.07.2023 13:52:01.210,1201,939.241116403,336.3989382002,0.0940075322000287,-1.10106179980016,110.348985600001,0.551744928000005
26.07.2023 13:52:01.220,1202,940.344606259,336.4919906612,0.0949247232000042,-1.00800933879998,115.847964400018,0.57923982200009
26.07.2023 13:52:01.230,1203,941.503085903,336.5341516462,0.1120338002,-0.965848353799913,117.490712799997,0.587453563999986
26.07.2023 13:52:01.240,1204,942.677993031,336.5341913772,0.132295158200038,-0.965808622799898,119.100176799975,0.595500883999875
26.07.2023 13:52:01.250,1205,943.868994799,336.5330405162,0.12256410219999,-0.966959483799883,125.949076800009,0.629745384000046
26.07.2023 13:52:01.260,1206,945.128485567,336.5077225322,0.103933487199986,-0.992277467800079,135.438703800003,0.677193519000014
26.07.2023 13:52:01.270,1207,946.482872605,336.4518347672,0.105431965200018,-1.04816523279987,144.504181999991,0.722520909999957
26.07.2023 13:52:01.280,1208,947.927914425,336.4221354702,0.100858176200023,-1.07786452979991,148.053133800011,0.740265669000053
26.07.2023 13:52:01.290,1209,949.408445763,336.4374966792,0.0861332402000365,-1.06250332079992,148.9942434,0.744971217
26.07.2023 13:52:01.300,1210,950.898388197,336.4634538942,0.0833730921999947,-1.03654610580008,155.697174799991,0.778485873999955
26.07.2023 13:52:01.310,1211,952.455359945,336.4732586032,0.0956849401999942,-1.02674139679988,165.3126456,0.826563227999998
26.07.2023 13:52:01.320,1212,954.108486401,336.4655439772,0.116080040200034,-1.0344560228001,173.708094000006,0.868540470000028
26.07.2023 13:52:01.330,1213,955.845567341,336.4785740662,0.1154204912,-1.02142593379995,180.52869899999,0.90264349499995
26.07.2023 13:52:01.340,1214,957.650854331,336.5074822222,0.104720031200033,-0.992517777800003,180.354182800011,0.901770914000053
26.07.2023 13:52:01.350,1215,959.454396159,336.5143187892,0.112097170200038,-0.985681210799953,182.031445000007,0.910157225000034
26.07.2023 13:52:01.360,1216,961.274710609,336.5080796042,0.116524153200001,-0.991920395800094,182.705325799986,0.913526628999932
26.07.2023 13:52:01.370,1217,963.101763867,336.5241687792,0.0948736902000084,-0.975831220799932,187.163250800006,0.935816254000031
26.07.2023 13:52:01.380,1218,964.973396375,336.5138162152,0.0903265432000137,-0.986183784800062,188.591921599993,0.942959607999967
26.07.2023 13:52:01.390,1219,966.859315591,336.4812915662,0.0998608902000276,-1.01870843379993,188.988689799999,0.944943448999993
26.07.2023 13:52:01.400,1220,968.749202489,336.4669943122,0.101331760200005,-1.03300568780026,186.185005800019,0.930925029000093
26.07.2023 13:52:01.410,1221,970.611052547,336.4700917972,0.0927349581999891,-1.02990820279985,184.450230799985,0.922251153999923
26.07.2023 13:52:01.420,1222,972.455554855,336.4612447562,0.102176555200004,-1.03875524379987,183.933811200006,0.919669056000032
26.07.2023 13:52:01.430,1223,974.294892967,336.4551289922,0.117607406199991,-1.04487100780017,183.897119799997,0.919485598999984
26.07.2023 13:52:01.440,1224,976.133864165,336.4729887232,0.120953510200034,-1.02701127680018,185.200950000001,0.926004750000004
26.07.2023 13:52:01.450,1225,977.985873665,336.4905522652,0.113303488199995,-1.00944773479989,183.546016599996,0.917730082999981
26.07.2023 13:52:01.460,1226,979.821333831,336.4821870732,0.121741367200034,-1.01781292680016,180.428502200004,0.902142511000022
26.07.2023 13:52:01.470,1227,981.625618853,336.4760095762,0.119164521199991,-1.02399042380011,176.997383599996,0.884986917999981
26.07.2023 13:52:01.480,1228,983.395592689,336.4918625522,0.102502226199995,-1.00813744780021,171.874125400007,0.859370627000033
26.07.2023 13:52:01.490,1229,985.114333943,336.4927888042,0.090881229199994,-1.00721119579987,170.296185799998,0.85148092899999
26.07.2023 13:52:01.500,1230,986.817295801,336.4718438492,0.0973340022000224,-1.02815615079987,167.443873799994,0.837219368999968
26.07.2023 13:52:01.510,1231,988.491734539,336.4592654342,0.097750873200023,-1.04073456580005,166.887822000012,0.834439110000062
26.07.2023 13:52:01.520,1232,990.160612759,336.4563645362,0.0921323251999944,-1.0436354638,161.407942599988,0.807039712999938
26.07.2023 13:52:01.530,1233,991.774692185,336.4483672372,0.0965196322000131,-1.05163276279995,160.4466194,0.802233096999998
26.07.2023 13:52:01.540,1234,993.379158379,336.4508531072,0.104867841199994,-1.04914689279985,156.966806200012,0.784834031000059
26.07.2023 13:52:01.550,1235,994.948826441,336.4663518352,0.106162353200028,-1.0336481647999,158.099349599991,0.790496747999953
26.07.2023 13:52:01.560,1236,996.529819937,336.4764661762,0.101478342200032,-1.02353382379982,157.696925999994,0.788484629999971
26.07.2023 13:52:01.570,1237,998.106789197,336.4693444342,0.102854285200009,-1.03065556580003,159.816332800006,0.799081664000028
26.07.2023 13:52:01.580,1238,999.704952525,336.4594226712,0.103244815200009,-1.04057732880017,161.197023600005,0.805985118000024
26.07.2023 13:52:01.590,1239,1001.316922761,336.4532834142,0.100625052200023,-1.04671658580014,165.187982600003,0.825939913000013
26.07.2023 13:52:01.600,1240,1002.968802587,336.4674164602,0.0879425801999895,-1.03258353980004,168.799095200006,0.843995476000032
26.07.2023 13:52:01.610,1241,1004.656793539,336.4806275342,0.0812714332000414,-1.01937246580007,168.105733399989,0.840528666999944
26.07.2023 13:52:01.620,1242,1006.337850873,336.4924729992,0.0836036201999937,-1.00752700079994,169.2210886,0.846105442999999
26.07.2023 13:52:01.630,1243,1008.030061759,336.5019432932,0.0839466551999937,-0.9980567067999,171.747948600012,0.858739743000058
26.07.2023 13:52:01.640,1244,1009.747541245,336.4898720192,0.0993714092000372,-1.01012798080006,174.711652999986,0.873558264999929
26.07.2023 13:52:01.650,1245,1011.494657775,336.4674697722,0.11383919819999,-1.03253022779995,177.222350200009,0.886111751000044
26.07.2023 13:52:01.660,1246,1013.266881277,336.4614579872,0.109254622199994,-1.03854201279989,179.641202599998,0.898206012999992
26.07.2023 13:52:01.670,1247,1015.063293303,336.4528277622,0.10668467820001,-1.04717223780023,181.937240800005,0.909686204000025
26.07.2023 13:52:01.680,1248,1016.882665711,336.4455437942,0.114115157200014,-1.05445620580008,183.620539999993,0.918102699999963
26.07.2023 13:52:01.690,1249,1018.718871111,336.4592178882,0.111475374200028,-1.04078211179996,188.401291200012,0.942006456000058
26.07.2023 13:52:01.700,1250,1020.602884023,336.4776317262,0.110829517199995,-1.02236827379994,192.457485000011,0.962287425000056
26.07.2023 13:52:01.710,1251,1022.527458873,336.4873434762,0.110223385200018,-1.01265652379982,198.045349799975,0.990226748999874
26.07.2023 13:52:01.720,1252,1024.507912371,336.4832320272,0.113678479200004,-1.01676797280004,197.152557399977,0.985762786999885
26.07.2023 13:52:01.730,1253,1026.479437945,336.4776021632,0.115136931200037,-1.0223978368,197.012777000032,0.985063885000159
26.07.2023 13:52:01.740,1254,1028.449565715,336.4789109322,0.118570605200023,-1.02108906779983,197.338007000008,0.986690035000038
26.07.2023 13:52:01.750,1255,1030.422945785,336.4934300092,0.122958402199987,-1.00656999080024,198.598553800002,0.992992769000011
26.07.2023 13:52:01.760,1256,1032.408931323,336.4976827782,0.13638528220002,-1.00231722180013,199.326136599984,0.996630682999921
26.07.2023 13:52:01.770,1257,1034.402192689,336.4973074202,0.139830044200006,-1.00269257980023,199.654169999985,0.998270849999926
26.07.2023 13:52:01.780,1258,1036.398734389,336.4921076912,0.142292550200014,-1.00789230879985,200.14206840001,1.00071034200005
26.07.2023 13:52:01.790,1259,1038.400155073,336.4891720532,0.139748121200029,-1.01082794680008,198.955485800025,0.994777429000123
26.07.2023 13:52:01.800,1260,1040.389709931,336.4835451072,0.134210528200001,-1.01645489280025,198.85567059996,0.9942783529998
26.07.2023 13:52:01.810,1261,1042.378266637,336.4778576342,0.127672920199995,-1.02214236579994,201.168719400016,1.00584359700008
26.07.2023 13:52:01.820,1262,1044.389953831,336.4705354262,0.135146316200001,-1.02946457380028,200.555669599999,1.00277834799999
26.07.2023 13:52:01.830,1263,1046.395510527,336.4828744152,0.136548943200034,-1.01712558480006,202.447035800037,1.01223517900019
26.07.2023 13:52:01.840,1264,1048.419980885,336.4972700572,0.130948476200005,-1.00272994280022,202.227120999987,1.01113560499994
26.07.2023 13:52:01.850,1265,1050.442252095,336.4975493022,0.134397382199991,-1.00245069779993,200.923379599976,1.00461689799988
26.07.2023 13:52:01.860,1266,1052.451485891,336.4981106242,0.144842438200039,-1.00188937580003,198.741519200007,0.993707596000036
26.07.2023 13:52:01.870,1267,1054.438901083,336.5124152072,0.145234088200039,-0.987584792800192,198.909687599985,0.994548437999924
26.07.2023 13:52:01.880,1268,1056.427997959,336.5148069572,0.148668161200025,-0.985193042800063,198.418915000002,0.99209457500001
26.07.2023 13:52:01.890,1269,1058.412187109,336.4978947772,0.15416926120002,-1.00210522280014,201.109047,1.005545235
26.07.2023 13:52:01.900,1270,1060.423277579,336.4834846582,0.149667453200025,-1.01651534180007,198.385004800002,0.991925024000011
26.07.2023 13:52:01.910,1271,1062.407127627,336.4725168222,0.142147421199986,-1.02748317779987,198.128265400032,0.990641327000162
26.07.2023 13:52:01.920,1272,1064.388410281,336.4714292522,0.13759197919999,-1.02857074779985,198.259520399984,0.991297601999918
26.07.2023 13:52:01.930,1273,1066.371005485,336.4824396242,0.133994153200029,-1.0175603758002,199.631326400004,0.998156632000018
26.07.2023 13:52:01.940,1274,1068.367318749,336.4812404232,0.138442507199991,-1.01875957679999,200.763581199976,1.00381790599988
26.07.2023 13:52:01.950,1275,1070.374954561,336.4747026992,0.149912260200015,-1.02529730080005,202.192988800039,1.01096494400019
26.07.2023 13:52:01.960,1276,1072.396884449,336.4809615682,0.150339974200015,-1.01903843179997,201.294429999984,1.00647214999992
26.07.2023 13:52:01.970,1277,1074.409828749,336.4867109742,0.151767493199991,-1.01328902579991,200.552639999978,1.00276319999989
26.07.2023 13:52:01.980,1278,1076.415355149,336.4820348202,0.157230170199987,-1.01796517980006,199.602982800025,0.998014914000123
26.07.2023 13:52:01.990,1279,1078.411384977,336.4858027632,0.154660891200001,-1.01419723680016,198.904231999995,0.994521159999977
26.07.2023 13:52:02.000,1280,1080.400427297,336.4891540732,0.147091495200019,-1.01084592679985,197.942394000006,0.98971197000003
26.07.2023 13:52:02.010,1281,1082.379851237,336.4679845942,0.158606594199986,-1.03201540579988,198.69001699999,0.993450084999949
26.07.2023 13:52:02.020,1282,1084.366751407,336.4562211392,0.160090106200019,-1.04377886079993,198.316584999998,0.991582924999989
26.07.2023 13:52:02.030,1283,1086.349917257,336.4572372472,0.153527648200015,-1.04276275279994,194.345821599973,0.971729107999863
26.07.2023 13:52:02.040,1284,1088.293375473,336.4519905072,0.149978472199995,-1.04800949279996,192.083516000025,0.960417580000126
26.07.2023 13:52:02.050,1285,1090.214210633,336.4394813902,0.157449957200002,-1.06051860980023,188.098638399993,0.940493191999963
26.07.2023 13:52:02.060,1286,1092.095197017,336.4407267282,0.165864057200039,-1.05927327180001,187.653845800014,0.93826922900007
26.07.2023 13:52:02.070,1287,1093.971735475,336.4497063182,0.167249835200015,-1.05029368179999,187.083387000007,0.935416935000035
26.07.2023 13:52:02.080,1288,1095.842569345,336.4533414902,0.165653180200006,-1.04665850980001,186.498432399981,0.932492161999903
26.07.2023 13:52:02.090,1289,1097.707553669,336.4366244212,0.168127054200016,-1.06337557880011,181.044381799984,0.90522190899992
26.07.2023 13:52:02.100,1290,1099.517997487,336.4278326222,0.176560873199997,-1.07216737780016,176.286922400027,0.881434612000135
26.07.2023 13:52:02.110,1291,1101.280866711,336.4453150932,0.168891307200016,-1.05468490680028,173.268890199984,0.866344450999918
26.07.2023 13:52:02.120,1292,1103.013555613,336.4650987062,0.166206941200029,-1.03490129379992,169.200782000007,0.846003910000036
26.07.2023 13:52:02.130,1293,1104.705563433,336.4605771852,0.17859937320003,-1.03942281480005,169.200782000007,0.846003910000036
