sample_index,x_mm,centerline,top_edge,bottom_edge
0,0.0,-0.9552646887814804,2.2070913758820456,-4.117620753445006
0,1.0,-0.6972282154414297,2.4541744325432813,-3.8486308634261404
0,2.0,-0.9067732224128483,2.2640532520867303,-4.077599696912427
0,3.0,-0.34596369137895056,2.817402213566899,-3.5093295963247995
0,4.0,-0.8620593554086992,2.248134028245428,-3.9722527390628266
0,5.0,-0.3963963857961583,2.7823285899882513,-3.575121361580568
0,6.0,-0.5870273109991337,2.544751548050556,-3.7188061700488237
0,7.0,-0.5551008969681289,2.60593283749601,-3.716134631432268
0,8.0,-0.8066282620073666,2.283215354779628,-3.8964718787943617
0,9.0,-0.5906986403134582,2.581588707289084,-3.762985987916001
0,10.0,-0.6796079516658468,2.4859107104589655,-3.8451266137906592
0,11.0,-0.7052488434354587,2.4611644478338475,-3.8716621347047644
0,12.0,-0.3126440617444656,2.822698102650986,-3.4479862261399172
0,13.0,-0.9453401608737969,2.1792376054506883,-4.069917927198282
0,14.0,-0.7140973821110131,2.380685121226947,-3.8088798854489734
0,15.0,-0.2549555312349079,2.8874611209324277,-3.3973721834022435
0,16.0,-0.840824482126229,2.2896537482616566,-3.971302712514114
0,17.0,-0.9140413730988042,2.2577507225601057,-4.085833468757714
0,18.0,-0.6111409625072192,2.5419089013039384,-3.7641908263183765
0,19.0,-0.3740300933596752,2.7176082745897956,-3.4656684613091455
0,20.0,-0.7266752420142122,2.4144397588551296,-3.8677902428835544
0,21.0,-0.667312237061924,2.454708373123709,-3.7893328472475565
0,22.0,-0.8204477040155574,2.28470758716186,-3.925602995192975
0,23.0,-0.9055333065006499,2.18802892307896,-3.99909553608026
0,24.0,-0.3579801964478675,2.814192332370726,-3.5301527252664613
0,25.0,-0.7059095275764903,2.43180007353913,-3.84361912869211
0,26.0,-1.0492647830994613,2.0885175257345305,-4.187047091933453
0,27.0,-0.8625160983940514,2.280622501505979,-4.005654698294082
0,28.0,-0.6314423692814625,2.5060640418562383,-3.7689487804191635
0,29.0,-0.9447704004338611,2.1258213104171686,-4.01536211128489
0,30.0,-0.6445658895330288,2.471886245123901,-3.7610180241899585
0,31.0,-0.5147916157864824,2.6584107585658767,-3.6879939901388417
0,32.0,-0.5750631669958322,2.5834130717792068,-3.7335394057708706
0,33.0,-0.7064621952648296,2.4626618046725364,-3.875586195202195
0,34.0,-0.37968138622541603,2.746211558729094,-3.5055743311799255
0,35.0,-0.9388264374825046,2.152653349910583,-4.030306224875592
0,36.0,-0.5678793933158124,2.5947199846041125,-3.7304787712357372
0,37.0,-0.7585439702351633,2.362484828321187,-3.8795727687915136
0,38.0,-0.4379312168976953,2.656937503439373,-3.5327999372347634
0,39.0,-0.8912817474533714,2.2637322484362494,-4.046295743342992
0,40.0,-1.0027931541764392,2.16739415891604,-4.172980467268919
0,41.0,-0.774628475100811,2.3695537130098208,-3.918810663211443
0,42.0,-0.4372653413661856,2.6741998843109163,-3.5487305670432874
0,43.0,-0.8730195912808827,2.236804826329608,-3.9828440088913735
0,44.0,-0.46583705833861133,2.6784801970014476,-3.6101543136786702
0,45.0,-0.6081957660536264,2.516310719585313,-3.732702251692565
0,46.0,-0.4054632947593302,2.7526579946062144,-3.5635845841248743
0,47.0,-0.6220046048686031,2.5108397179091515,-3.754848927646358
0,48.0,-0.5477847059243379,2.5856236767845067,-3.681193088633182
0,49.0,-0.3319387845807106,2.862947139918664,-3.5268247090800853
0,50.0,-0.29699765234449793,2.83560190967966,-3.4295972143686555
0,51.0,-1.0133178742074866,2.0895912218833956,-4.116226970298369
0,52.0,-0.6726964635927414,2.4991413391442467,-3.8445342663297293
0,53.0,-0.6016519394989188,2.5598771361705186,-3.763181015168356
0,54.0,-0.30341134522619106,2.7796362622930975,-3.38645895274548
0,55.0,-0.8531525165091993,2.2947342972179534,-4.0010393302363525
0,56.0,-0.7722668055060262,2.357139119719964,-3.901672730732016
0,57.0,-0.4662152747048015,2.7099315878062558,-3.642362137215859
0,58.0,-0.5935127672708922,2.5562184582643703,-3.7432439928061547
0,59.0,-0.49031787143095884,2.6481754902188372,-3.6288112330807554
0,60.0,-0.687190949626266,2.418541221698826,-3.7929231209513574
0,61.0,-1.0487707307887661,2.0868861992855186,-4.184427660863051
0,62.0,-0.958290566263149,2.1826226692059447,-4.0992038017322425
0,63.0,-0.47872254557678295,2.62378933064457,-3.5812344217981362
0,64.0,-0.5129536268302392,2.5958426032759654,-3.621749856936444
0,65.0,-0.7656238323881708,2.3763005736802594,-3.9075482384566014
0,66.0,-0.6652581171926545,2.511949723035137,-3.842465957420446
0,67.0,-0.5993362456359377,2.520643569745424,-3.7193160610172997
0,68.0,-0.7835097751516429,2.3755043157520865,-3.9425238660553723
0,69.0,-0.6625158615032367,2.453688443629462,-3.7787201666359356
0,70.0,-0.6755170501485634,2.4668726202293625,-3.817906720526489
0,71.0,-0.7344023069430687,2.450818026291767,-3.919622640177904
0,72.0,-0.5757137344944495,2.571245895649314,-3.7226733646382133
0,73.0,-0.5481293280398296,2.6262486891447123,-3.722507345224372
0,74.0,-0.7404332399193349,2.376148609109126,-3.857015088947796
0,75.0,-0.6424436193321927,2.492097047326758,-3.7769842859911433
0,76.0,-0.4045914280682651,2.736775231143272,-3.545958087279802
0,77.0,-0.9429534551900671,2.2286911606996145,-4.114598071079749
0,78.0,-1.0671588452275502,2.1073599463001615,-4.241677636755262
0,79.0,-0.6168858806115246,2.566508888631574,-3.800280649854623
0,80.0,-0.6494075857102097,2.4794847145462184,-3.778299885966638
0,81.0,-0.9918652008698647,2.130857614856561,-4.114588016596291
0,82.0,-0.39470556391947464,2.676324416931584,-3.4657355447705336
0,83.0,-0.6584503281976724,2.436910016955232,-3.7538106733505767
0,84.0,-1.1740349886653174,1.9510677429322048,-4.29913772026284
0,85.0,-1.117227924951114,1.9834395161176117,-4.21789536601984
0,86.0,-0.5768737854637078,2.5719130148320937,-3.7256605857595093
0,87.0,-0.506317033871095,2.642448122110333,-3.6550821898525228
0,88.0,-0.7870480253595414,2.3559031721158186,-3.9299992228349017
0,89.0,-0.6218718454181471,2.5244182871527925,-3.7681619779890867
0,90.0,-0.7173057489907594,2.416504454995053,-3.8511159529765715
0,91.0,-0.7278850170771134,2.4210356349220765,-3.8768056690763038
0,92.0,-0.6280117416668112,2.490399334842021,-3.7464228181756427
0,93.0,-0.6637929125249662,2.4911263474250713,-3.8187121724750037
0,94.0,-0.33659458345252935,2.7909036440011192,-3.4640928109061777
0,95.0,-0.5614262838280671,2.5687349284645236,-3.691587496120658
0,96.0,-0.7065681302657152,2.465360457431718,-3.8784967179631478
0,97.0,-0.19469623966186234,2.9604148606833562,-3.349807340007081
0,98.0,-0.7998078025313108,2.3055477228530354,-3.905163327915657
0,99.0,-0.3203412467814868,2.8287474591151067,-3.4694299526780803
0,100.0,-0.9199466083173673,2.22713989673942,-4.067033113374155
0,101.0,-0.5933209922493075,2.55167666862813,-3.7383186531267447
0,102.0,-0.19879126696166982,2.9350840314144966,-3.332666565337836
0,103.0,-0.47125316327519495,2.706926556749335,-3.649432883299725
0,104.0,-0.48940339424603907,2.6970975967094097,-3.675904385201488
0,105.0,-0.18733912936648445,2.967691771465683,-3.342370030198652
0,106.0,-0.1937828740156582,2.9251325472878777,-3.312698295319194
0,107.0,-0.7412835503518481,2.420353068219267,-3.9029201689229636
0,108.0,-0.5379384358871018,2.569192286165613,-3.645069157939817
0,109.0,-0.775641191114433,2.307229464260665,-3.858511846489531
0,110.0,-0.5204755398093306,2.6562811344969015,-3.697232214115563
0,111.0,-0.8290792726924877,2.2714524813768846,-3.9296110267618602
0,112.0,-0.8779429137170599,2.2506759498688043,-4.006561777302924
0,113.0,-0.7604194813468571,2.423696168955949,-3.9445351316496633
0,114.0,-0.7995656490370144,2.3391271847921065,-3.938258482866135
0,115.0,-0.8292540011188662,2.3442750274013227,-4.002783029639055
0,116.0,0.005038498859820328,3.1556884788461557,-3.145611481126515
0,117.0,-0.7408100467044549,2.3986532831452383,-3.8802733765541486
0,118.0,-0.8262061935582389,2.318684077501908,-3.9710964646183857
0,119.0,-0.6260225268313659,2.516332127931991,-3.768377181594723
0,120.0,-0.9556916195066493,2.1673057456329743,-4.078688984646273
0,121.0,-0.7317822966896339,2.3741640906770254,-3.8377286840562927
0,122.0,-0.48709122268864846,2.6576282957327306,-3.6318107411100273
0,123.0,-0.38690397037452906,2.8037339458273607,-3.5775418865764186
0,124.0,-0.7881907497816483,2.3268866667560415,-3.9032681663193376
0,125.0,-0.5427821420858973,2.5987170246189066,-3.684281308790701
0,126.0,-0.31936419441626207,2.812188711837736,-3.45091710067026
0,127.0,-0.11579112429299732,3.0187564758988112,-3.250338724484806
0,128.0,-0.8681388211591301,2.2690525411033566,-4.005330183421616
0,129.0,-0.3300442999838169,2.8244582457999026,-3.4845468457675364
0,130.0,-0.6946217261820903,2.4113589541889096,-3.80060240655309
0,131.0,-0.21207379629458945,2.9930119046681103,-3.4171594972572894
0,132.0,-0.6732780110256911,2.5045482075108065,-3.851104229562189
0,133.0,-0.20344256444631992,2.900189754921751,-3.3070748838143906
0,134.0,-0.31890939704041177,2.7875478261934794,-3.425366620274303
0,135.0,-0.458984325058282,2.7020682814583386,-3.620036931574903
0,136.0,-1.0030077167921583,2.125282403431144,-4.1312978370154605
0,137.0,-0.49636080735988547,2.6617969045052474,-3.654518519225018
0,138.0,-0.9369899419168781,2.179948450745118,-4.053928334578875
0,139.0,-0.33512703262992793,2.7948553839929713,-3.4651094492528274
0,140.0,-0.4098559794043441,2.7357048840987668,-3.555416842907455
0,141.0,-0.9266279802198957,2.1308913676629024,-3.984147328102694
0,142.0,-0.7559922119129152,2.3684310292997925,-3.880415453125623
0,143.0,-0.8838709381816054,2.276725886675094,-4.0444677630383055
0,144.0,-0.4613131619377413,2.667678158525919,-3.590304482401401
0,145.0,-0.7560481943283812,2.3286531100999306,-3.840749498756693
0,146.0,-0.591867156547603,2.5454089525575263,-3.7291432656527324
0,147.0,-0.7294793855039687,2.352926220289671,-3.8118849912976085
0,148.0,-0.4966401976697139,2.6345327295953647,-3.627813124934793
0,149.0,-0.37951853201765934,2.7773235181740885,-3.536360582209407
0,150.0,-0.47522572127129786,2.694834541526226,-3.6452859840688214
0,151.0,-0.82303637301666,2.3149736845138764,-3.961046430547196
0,152.0,-0.7564674981393373,2.3951631341751085,-3.9080981304537836
0,153.0,-0.4521518607658214,2.692353770029454,-3.596657491561097
0,154.0,-0.9615741331937773,2.182294064402523,-4.105442330790078
0,155.0,-0.5848482326290878,2.567047420780793,-3.736743886038968
0,156.0,-0.8888360749296939,2.2845208201110285,-4.0621929699704165
0,157.0,-0.587882410347581,2.5890645929687857,-3.7648294136639473
0,158.0,-1.1229635455145934,1.9805230677438947,-4.226450158773082
0,159.0,-0.4174642933475443,2.738873712772984,-3.5738022994680727
0,160.0,-0.5314199529384432,2.64866350012061,-3.7115034059974965
0,161.0,-0.7070010217954905,2.4366417654336496,-3.850643809024631
0,162.0,-0.6433276783201254,2.473101992234878,-3.7597573488751292
0,163.0,-0.5399417801584914,2.5877214948423664,-3.667605055159349
0,164.0,-0.610146517075713,2.536155593812045,-3.7564486279634712
0,165.0,-0.799096187003252,2.3094816457992073,-3.9076740198057114
0,166.0,-0.39739645919406197,2.7832945477921083,-3.578087466180232
0,167.0,-0.8527844698168993,2.299022832673048,-4.0045917723068465
0,168.0,-0.5654975693892301,2.5931715678247977,-3.724166706603258
0,169.0,-0.22426562873783495,2.9302127222984713,-3.3787439797741414
0,170.0,-0.44253743575199656,2.711952739254039,-3.597027610758032
0,171.0,-0.703173875700728,2.4353261103432726,-3.8416738617447286
0,172.0,-0.853015736179697,2.3196693282113587,-4.025700800570752
0,173.0,-0.40573027312686927,2.67338318053919,-3.4848437267929286
0,174.0,-0.6088470834051636,2.457074461017169,-3.674768627827496
0,175.0,-0.6594093158251284,2.461147061184501,-3.779965692834758
0,176.0,-0.6990459661637435,2.467269734183931,-3.865361666511418
0,177.0,-0.3408147556640774,2.792810729933711,-3.474440241261866
0,178.0,-0.19264667693247428,2.94051773446749,-3.325811088332439
0,179.0,-0.4646811143283682,2.6954801669103943,-3.6248423955671307
0,180.0,-1.043004852626535,2.122830653457586,-4.208840358710656
0,181.0,-0.19507509258742006,2.930724750546381,-3.3208749357212213
0,182.0,-0.4617015317812999,2.660638804272575,-3.584041867835175
0,183.0,-0.5812149950032859,2.5804772629410095,-3.7429072529475818
0,184.0,-0.6510756152144492,2.4582207861363377,-3.760372016565236
0,185.0,-0.7646250824679858,2.366681404737353,-3.8959315696733245
0,186.0,-0.7592667823101024,2.400400673758029,-3.9189342383782333
0,187.0,-0.7205820249990469,2.4067038898595836,-3.847867939857677
0,188.0,-0.3315707187498407,2.788242665544622,-3.4513841030443033
0,189.0,-0.9402616135132476,2.2292183335318594,-4.109741560558354
0,190.0,-0.9324262930175007,2.186907816973715,-4.051760403008716
0,191.0,-0.8156956011085641,2.307079368328362,-3.93847057054549
0,192.0,-0.6046969750271854,2.5434720408915514,-3.752865990945922
0,193.0,-0.6879748887037964,2.5064411033795273,-3.88239088078712
0,194.0,-0.808734589927587,2.3212622389157436,-3.9387314187709177
0,195.0,-0.645564257368897,2.490458845772429,-3.781587360510223
0,196.0,-1.105140317197162,1.9917958475349826,-4.202076481929307
0,197.0,-1.0536209656273126,2.100232235461818,-4.207474166716443
0,198.0,-0.6371170824632575,2.5022162829518892,-3.7764504478784042
0,199.0,-0.8031497676274413,2.34671805127397,-3.953017586528852
0,200.0,-0.743230741340876,2.393451043465525,-3.879912526147277
0,201.0,-1.0606787223983098,2.0689918844365764,-4.190349329233197
0,202.0,-0.17921726508761804,2.9797491791418986,-3.3381837093171347
0,203.0,-0.5251054367640019,2.563710440190022,-3.6139213137180257
0,204.0,-0.7510583862254008,2.3557330850629272,-3.8578498575137283
0,205.0,-0.27194429457877745,2.8160314646192877,-3.3599200537768423
0,206.0,-0.3164449826625352,2.77647707243324,-3.4093670377583103
0,207.0,-0.12454154787964833,3.0232807516880307,-3.272363847447327
0,208.0,-0.773469544684831,2.321990514457346,-3.868929603827008
0,209.0,-0.261929469519264,2.8089638206616643,-3.332822759700192
0,210.0,-0.6334690320737142,2.496392246529708,-3.7633303106771363
0,211.0,-0.622179817022781,2.5780310051029676,-3.8223906391485296
0,212.0,-0.4799092125818224,2.6109691202471472,-3.5707875454107922
0,213.0,-0.41276230753925985,2.7131143733416865,-3.538638988420206
0,214.0,-0.6802699188562242,2.419398430603529,-3.779938268315978
0,215.0,-0.8914659351997043,2.183531577814559,-3.9664634482139673
0,216.0,-0.2515749071934822,2.9291420118854563,-3.432291826272421
0,217.0,-0.724513289504914,2.39503882647184,-3.8440654054816683
0,218.0,-0.5671494187394909,2.5828389745840243,-3.717137812063006
0,219.0,-0.2598436664580891,2.900604511482832,-3.4202918443990105
0,220.0,-0.7799132587768142,2.391523343335832,-3.9513498608894606
0,221.0,-0.6741998388738458,2.5409388293173,-3.8893385070649913
0,222.0,-0.6202145542674891,2.5276988217775376,-3.7681279303125157
0,223.0,-0.6056993391673324,2.5773915010204482,-3.788790179355113
0,224.0,-0.5744616730027966,2.4973412611480925,-3.6462646071536855
0,225.0,-0.7650297610650101,2.3914951556083297,-3.9215546777383494
0,226.0,-0.48879369222006264,2.5986279104603343,-3.576215294900459
0,227.0,-0.861650780932072,2.2592474393370927,-3.9825490012012366
0,228.0,-0.6519143448771209,2.4752010211394575,-3.779029710893699
0,229.0,-0.448537116816214,2.6875845474992723,-3.5846587811317003
0,230.0,-0.5107822203087229,2.640284516216618,-3.6618489568340644
0,231.0,-0.0483565911182795,3.035365490943268,-3.1320786731798274
0,232.0,-0.8737837184315312,2.294596781021301,-4.0421642178843635
0,233.0,-0.6384019319520238,2.5023480858253153,-3.7791519497293624
0,234.0,-0.7766844363060221,2.410962243761789,-3.964331116373833
0,235.0,-0.8017583507309732,2.30924453683636,-3.912761238298306
0,236.0,-0.34898579517416295,2.764384772176017,-3.4623563625243428
0,237.0,-0.42795032965684265,2.695721893559494,-3.5516225528731797
0,238.0,-0.3426569121767308,2.786257832210803,-3.4715716565642647
0,239.0,-0.6780132031555086,2.4766029218923924,-3.832629328203409
0,240.0,-0.5538853396578411,2.5595065105536463,-3.6672771898693286
0,241.0,-0.4685173932259318,2.6850883108570502,-3.6221230973089136
0,242.0,-0.9282744024684746,2.185428276888039,-4.041977081824989
0,243.0,-0.787210106928091,2.342969819690998,-3.9173900335471803
0,244.0,-0.6360782877757796,2.4881881933780985,-3.7603447689296576
0,245.0,-0.998923652261227,2.149341804027812,-4.147189108550267
0,246.0,-0.7549976371940237,2.3632298414882786,-3.873225115876326
0,247.0,-0.8945790470957813,2.227890953630143,-4.017049047821706
0,248.0,-0.6765128132101671,2.480472358767159,-3.833497985187493
0,249.0,-0.06005781720535175,3.053680833482113,-3.1737964678928168
0,250.0,-0.3854697999842768,2.719164987439199,-3.4901045874077523
0,251.0,-0.9871202706544204,2.1093739287486777,-4.083614470057518
0,252.0,-0.7595137879197091,2.3768245086457926,-3.895852084485211
0,253.0,-0.6426253192514169,2.533312149113594,-3.818562787616428
0,254.0,-0.5211743363476571,2.576271052038169,-3.6186197247334833
0,255.0,-0.6341703468936541,2.5331252393833745,-3.8014659331706824
0,256.0,-0.8765616409381243,2.207495783933001,-3.96061906580925
0,257.0,-0.9280908625971491,2.2241440068858545,-4.080325732080152
0,258.0,-0.544310738132746,2.6302224897369615,-3.7188439660024533
0,259.0,-0.4864773517761761,2.659905880516607,-3.632860584068959
0,260.0,-0.6691699784778316,2.4375045025856217,-3.7758444595412843
0,261.0,-0.6352438323109035,2.463428063696922,-3.7339157283187294
0,262.0,-0.6455939254050903,2.4806178357820206,-3.771805686592201
0,263.0,-0.5341897994153357,2.590658562879251,-3.6590381617099226
0,264.0,-0.43292668937954976,2.6890939540064362,-3.5549473327655354
0,265.0,-0.7095635944723224,2.4426987305044703,-3.8618259194491147
0,266.0,-0.3495122037769651,2.7635915558034334,-3.462615963357363
0,267.0,-0.8403979310771127,2.3145204891383893,-3.9953163512926144
0,268.0,-0.9766646155015697,2.1907435727936786,-4.144072803796818
0,269.0,-0.23301840559869857,2.931905685564268,-3.397942496761665
0,270.0,-0.7632610213969143,2.368957393169278,-3.895479435963107
0,271.0,-0.8246660080602107,2.2512054333605387,-3.9005374494809604
0,272.0,-0.771644240116857,2.375259143426614,-3.9185476236603276
0,273.0,-0.5229280626875937,2.6262111951323015,-3.6720673205074887
0,274.0,-0.8150469485555166,2.3119995549793133,-3.9420934520903463
0,275.0,-0.30383077463993546,2.8077614399386497,-3.4154229892185204
0,276.0,-0.5116407687885742,2.6407416211965247,-3.6640231587736727
0,277.0,-0.6994772418610311,2.4221797854853935,-3.8211342692074557
0,278.0,-0.5250308440297065,2.647317335987389,-3.6973790240468016
0,279.0,-0.6949524687679945,2.4797809898279013,-3.86968592736389
0,280.0,-0.7408141733429036,2.4093575170978685,-3.8909858637836754
0,281.0,-0.44520688259502583,2.719514514093818,-3.6099282792838694
0,282.0,-0.36265732471425904,2.7750110449252996,-3.5003256943538177
0,283.0,-0.5581759133284936,2.5861449495301394,-3.7024967761871266
0,284.0,-0.8553989642764027,2.3315410651706983,-4.0423389937235035
0,285.0,-0.1454035912715692,3.0072106695297496,-3.2980178520728884
0,286.0,-0.5503483187713489,2.5579271626787583,-3.658623800221456
0,287.0,-0.5782038225591722,2.607088580085608,-3.7634962252039523
0,288.0,-0.4139156857731999,2.736180217760182,-3.5640115893065816
0,289.0,-0.44653448993287953,2.6702746922709224,-3.563343672136681
0,290.0,-0.785637561874101,2.342609316386239,-3.913884440134441
0,291.0,-0.4407966299844429,2.665246473059828,-3.546839733028714
0,292.0,-0.5354184061833851,2.605167415850543,-3.6760042282173133
0,293.0,-0.5914083007850359,2.5697556496327776,-3.7525722512028494
0,294.0,-0.5039095841240407,2.6553074043702627,-3.6631265726183444
0,295.0,-0.4705880295200515,2.6988384600955992,-3.6400145191357023
0,296.0,-0.17396205939436238,2.946418247440292,-3.2943423662290163
0,297.0,-1.0416901434051073,2.0827526135512717,-4.166132900361486
0,298.0,-1.0733989132311206,2.0495766259386166,-4.196374452400858
0,299.0,-0.4240550454857491,2.666374503578853,-3.514484594550351
0,300.0,-0.6826193649788901,2.4127579712968648,-3.777996701254645
0,301.0,-0.043670983421480125,3.1050581528473122,-3.192400119690273
0,302.0,-0.8313402545881019,2.33242795345625,-3.9951084626324533
0,303.0,-0.4240410929399039,2.661072558668006,-3.509154744547814
0,304.0,-1.014074758529486,2.069535265455692,-4.097684782514665
0,305.0,-0.502884385043971,2.6545545094202234,-3.660323279508165
0,306.0,0.1438833762574051,3.3225251270451377,-3.0347583745303277
0,307.0,-0.4501474508910917,2.6826182295304593,-3.582913131312643
0,308.0,-0.1621087107895436,2.9877518213864214,-3.3119692429655085
0,309.0,-0.5142115454628812,2.6225506152147378,-3.6509737061405
0,310.0,-0.7571756780032448,2.3980853020364474,-3.912436658042937
0,311.0,-1.0986284708400451,2.0289144925054634,-4.226171434185553
0,312.0,-0.28995976695284587,2.849945469557561,-3.4298650034632523
0,313.0,-0.44320996590737805,2.683768971843323,-3.570188903658079
0,314.0,-0.6839502303106626,2.434592611005388,-3.8024930716267136
0,315.0,-0.9521726118563768,2.231559934210608,-4.135905157923362
0,316.0,-0.4103129894510109,2.754003567975218,-3.5746295468772393
0,317.0,-0.3270109907140273,2.8212158292823273,-3.475237810710382
0,318.0,-0.21477701892792034,2.9297836875782535,-3.359337725434094
0,319.0,-0.5697537611978637,2.5687053965322635,-3.708212918927991
0,320.0,-0.8094832153396387,2.3276550534095852,-3.9466214840888627
0,321.0,-0.6058163234392564,2.5594088546939053,-3.7710415015724177
0,322.0,-0.4746766218659669,2.659541410936648,-3.608894654668582
0,323.0,-0.6288879194135071,2.525536983973617,-3.7833128228006316
0,324.0,-0.7933928857021975,2.2761088824631486,-3.862894653867544
0,325.0,-0.6533534665457967,2.5079979471901765,-3.81470488028177
0,326.0,-0.675473506802862,2.4857586346674214,-3.8367056482731456
0,327.0,-0.7278576954887076,2.3869745851398037,-3.842689976117219
0,328.0,-0.5341971947955785,2.6071164833447,-3.675510872935857
0,329.0,-0.6615933175379367,2.4975204642300146,-3.820707099305888
0,330.0,-0.962622484328424,2.205594490131346,-4.130839458788194
0,331.0,-0.6940881382263157,2.443415923284773,-3.831592199737404
0,332.0,0.053120558866535106,3.1852534950181948,-3.0790123772851246
0,333.0,-0.7698105485160563,2.3298458312397097,-3.869466928271822
0,334.0,-0.42832082977762465,2.7061698737964988,-3.562811533351748
0,335.0,-0.5805628360666572,2.5903812418670786,-3.751506914000393
0,336.0,-0.7572872477127484,2.374060277538392,-3.8886347729638886
0,337.0,-0.711350628370612,2.4082078558971083,-3.830909112638332
0,338.0,-0.29583254313115315,2.8912379635936265,-3.482903049855933
0,339.0,-0.56363294118477,2.605241272043628,-3.7325071544131676
0,340.0,-0.7820716250690546,2.3797556446075814,-3.9438988947456903
0,341.0,-0.66949680987594,2.4722264657877098,-3.81122008553959
0,342.0,-0.5122916354645528,2.6102008058045505,-3.634784076733656
0,343.0,-0.5754384926954125,2.558162872635645,-3.70903985802647
0,344.0,-0.3849827777124134,2.72537376205868,-3.495339317483507
0,345.0,-0.5717358944285876,2.5515421606893725,-3.6950139495465475
0,346.0,-0.22525045696222512,2.8662028196285005,-3.3167037335529512
0,347.0,-0.747524348178044,2.340494421134368,-3.835543117490456
0,348.0,-0.43374198694625876,2.7221442167984935,-3.5896281906910112
0,349.0,-0.8432576274404975,2.293492488701685,-3.9800077435826795
0,350.0,-0.6483021703729319,2.460311332935695,-3.7569156736815588
0,351.0,-0.6979525289297002,2.4776208865484586,-3.8735259444078585
0,352.0,-0.5862820618277175,2.5831940053351405,-3.7557581289905753
0,353.0,-0.722275043861073,2.4459421272844972,-3.8904922150066428
0,354.0,-0.36974907024598413,2.788381285647698,-3.5278794261396667
0,355.0,-0.8554991047503734,2.2875404099694046,-3.998538619470151
0,356.0,-0.27825712645137424,2.8520866528605278,-3.4086009057632762
0,357.0,-0.3530192955036436,2.8206764393616135,-3.5267150303689005
0,358.0,-0.4275362839237916,2.7212665733416705,-3.5763391411892536
0,359.0,-0.7079600756602935,2.4243420673550156,-3.8402622186756026
0,360.0,-0.5465566274808977,2.5951092158896647,-3.68822247085146
0,361.0,-0.6255256813949257,2.5607785053628174,-3.8118298681526683
0,362.0,-0.7376133250635669,2.343025561913697,-3.8182522120408304
0,363.0,-0.6167900237234875,2.5247166650386377,-3.758296712485613
0,364.0,-0.6154050226986076,2.524497874400719,-3.755307919797935
0,365.0,-0.3374474757184057,2.831140855666447,-3.5060358071032582
0,366.0,-0.5215741017692033,2.5390031524674965,-3.5821513560059026
0,367.0,-0.8582616311030564,2.2804586457163847,-3.996981907922497
0,368.0,-0.5175017582379531,2.592150449064016,-3.627153965539922
0,369.0,-0.918453947898866,2.2440838358520043,-4.080991731649736
0,370.0,-0.8656864771650494,2.3070510545050498,-4.038424008835149
0,371.0,-0.10758196765599082,3.031459117173072,-3.246623052485054
0,372.0,-1.1301459582746924,2.0016936304448203,-4.261985546994205
0,373.0,-0.7567459480308883,2.4442519342692233,-3.957743830331
0,374.0,-0.8399637648450655,2.3455412261861097,-4.025468755876241
0,375.0,-0.7820622276838272,2.3373579899659114,-3.9014824453335657
0,376.0,-0.9313310634621087,2.2365759672156287,-4.099238094139846
0,377.0,-0.588223291999451,2.5514660925303922,-3.7279126765292943
0,378.0,-0.5897063617962082,2.5723052646131994,-3.7517179882056158
0,379.0,-0.5181513976552151,2.621789457625998,-3.658092252936428
0,380.0,-0.3959024213234395,2.7609508652332573,-3.5527557078801366
0,381.0,-0.8763048435755252,2.1946441030668793,-3.9472537902179297
0,382.0,-0.8425278855374807,2.295628066837072,-3.9806838379120335
0,383.0,-0.40468929412809107,2.6987305931645604,-3.5081091814207426
0,384.0,-0.39511705888002546,2.71472168093163,-3.5049557986916806
0,385.0,-0.7332373850310643,2.3776756423534144,-3.844150412415543
0,386.0,-0.6828066330971202,2.4706712357782403,-3.836284501972481
0,387.0,-0.7608689528326857,2.329333650477863,-3.851071556143234
0,388.0,-0.7664678388594877,2.37086527050445,-3.9038009482234255
0,389.0,-0.7573901662933923,2.3908795678887884,-3.905659900475573
0,390.0,-0.39855562268813816,2.6846713318867472,-3.481782577263023
0,391.0,-0.8099953009454304,2.3186960622919264,-3.9386866641827867
0,392.0,-0.6746861248969701,2.4201648507824904,-3.7695371005764304
0,393.0,-0.6130516749210494,2.528933686297535,-3.7550370361396337
0,394.0,-0.3969854388896883,2.7701514424859273,-3.5641223202653034
0,395.0,-0.47091162845435736,2.638182132599085,-3.5800053895078
0,396.0,-0.8160546723257858,2.2793307127475284,-3.9114400573990995
0,397.0,-0.7071617021003251,2.454606707053228,-3.8689301112538783
0,398.0,-0.8106061259723591,2.3413733493759232,-3.9625856013206415
0,399.0,-0.6463750731377456,2.490532181139671,-3.783282327415162
0,400.0,-0.7945914343290045,2.2855662026560095,-3.8747490713140182
0,401.0,-1.0186431790535655,2.115445729779821,-4.152732087886952
0,402.0,-0.689064738678881,2.4534763369102857,-3.8316058142680474
0,403.0,-0.7896580431652527,2.371514443193961,-3.950830529524467
0,404.0,-0.6158325776172933,2.516875810346329,-3.7485409655809154
0,405.0,-0.5476752992091625,2.629176127049365,-3.7245267254676904
0,406.0,-0.40431977550945997,2.7489438953830527,-3.5575834464019724
0,407.0,-0.7192622062414438,2.397313488753009,-3.835837901235897
0,408.0,-0.6998901874159144,2.417794961897236,-3.8175753367290644
0,409.0,-0.7007504837580377,2.4143922545098198,-3.8158932220258954
0,410.0,-0.8429276698470717,2.2921591012566216,-3.9780144409507647
0,411.0,-0.5056737684087699,2.6480768426222068,-3.6594243794397463
0,412.0,-0.4939577574736265,2.6303465690571377,-3.6182620840043906
0,413.0,-0.6413023686944948,2.495663531074932,-3.778268268463922
0,414.0,-0.8490155720998702,2.310401899322827,-4.008433043522567
0,415.0,-0.730936704119278,2.3941821457196504,-3.856055553958207
0,416.0,-0.471750778854055,2.6837328472463504,-3.6272344049544607
0,417.0,-0.5335150070692144,2.5993175665053347,-3.6663475806437638
0,418.0,-0.73266416759068,2.4010689264869596,-3.866397261668319
0,419.0,-0.8240826046509598,2.2726132956733234,-3.920778504975243
0,420.0,-0.8781986979315475,2.2582053578998282,-4.014602753762923
0,421.0,-0.16337865619435377,2.960707959731319,-3.2874652721200266
0,422.0,-0.6246391628387988,2.493394355887663,-3.742672681565261
0,423.0,-0.2765463156859309,2.8783774742420674,-3.431470105613929
0,424.0,-0.4737206973080868,2.6511455143276184,-3.5985869089437923
0,425.0,-0.7703793416554209,2.348540757094862,-3.889299440405704
0,426.0,-1.0115088689435143,2.130002643867271,-4.153020381754299
0,427.0,-0.7579503479180854,2.3880057665174332,-3.9039064623536035
0,428.0,-1.0512575711151904,2.052267662913203,-4.154782805143584
0,429.0,-0.5933529432076453,2.5409086327569765,-3.727614519172267
0,430.0,-0.8007045514613969,2.3538059361836217,-3.955215039106416
0,431.0,-0.5956333196864616,2.536319250331409,-3.7275858897043324
0,432.0,-0.7840759733152094,2.300008926450872,-3.868160873081291
0,433.0,-0.7308046284016827,2.440950160824018,-3.9025594176273835
0,434.0,-0.9139588586383116,2.213345500226617,-4.04126321750324
0,435.0,-0.6220968004290051,2.5432822315520998,-3.7874758324101103
0,436.0,-0.48257209990448735,2.645736519479521,-3.610880719288496
0,437.0,-0.5077684893280048,2.64123920487882,-3.6567761835348294
0,438.0,-0.5762719461897089,2.50149475464542,-3.654038647024838
0,439.0,-0.8965383140611795,2.239413456502281,-4.03249008462464
0,440.0,-0.5801913413248851,2.57776664423126,-3.7381493268810306
0,441.0,-0.20703049766531212,2.8858160558877923,-3.2998770512184166
0,442.0,-0.38320182185812,2.7471842091983127,-3.5135878529145526
0,443.0,-0.8174303365633329,2.3251840789897162,-3.9600447521163824
0,444.0,-0.7581879146108835,2.3617578801813393,-3.878133709403106
0,445.0,-0.9567698150961703,2.163342913564585,-4.076882543756925
0,446.0,-0.2685894140976196,2.8710861943330874,-3.408265022528327
0,447.0,-0.7347941320322374,2.3763028093666287,-3.845891073431104
0,448.0,-0.5671558190566034,2.588934981646977,-3.723246619760184
0,449.0,-0.49428588510496263,2.651655141283925,-3.6402269114938504
0,450.0,-0.3420721942139806,2.8219969065625836,-3.5061412949905444
0,451.0,-0.5548985211091322,2.5705094727124225,-3.6803065149306873
0,452.0,-1.0290753350291895,2.1154950895450826,-4.1736457596034615
0,453.0,-0.8183665896191897,2.3002816752223767,-3.937014854460756
0,454.0,-0.7273688222309264,2.387101266211234,-3.8418389106730864
0,455.0,-0.4914809270257714,2.6143945989919786,-3.5973564530435214
0,456.0,-0.6868619865369987,2.455970141902354,-3.8296941149763515
0,457.0,-0.575546006806565,2.54446751368,-3.6955595272931303
0,458.0,-0.7451959287604637,2.3712763988275336,-3.8616682563484614
0,459.0,-0.5749111957569778,2.5440864157121674,-3.6939088072261232
0,460.0,-0.36267589695503655,2.7764238777758505,-3.501775671685923
0,461.0,-0.694936311538924,2.4123643945309263,-3.802237017608774
0,462.0,-0.45119400341904037,2.664779537174023,-3.5671675440121033
0,463.0,-0.834896538125454,2.2865051852975626,-3.9562982615484708
0,464.0,-0.5468154994846064,2.567628184234364,-3.661259183203576
0,465.0,-0.7327511328528329,2.416968626415027,-3.8824708921206925
0,466.0,-0.32560091739650754,2.751851570209354,-3.4030534050023693
0,467.0,-0.8566050634309497,2.2811336613933904,-3.99434378825529
0,468.0,-0.8398118080908045,2.3009474885499395,-3.9805711047315486
0,469.0,-0.7476303186819688,2.437806753486866,-3.9330673908508036
0,470.0,-0.34201679060774365,2.76587621778544,-3.4499097990009275
0,471.0,-0.7187722052948166,2.433931618539638,-3.8714760291292714
0,472.0,-0.397383225231255,2.724642991750295,-3.519409442212805
0,473.0,-0.7015385211454694,2.442100220126906,-3.8451772624178444
0,474.0,-0.22587919168595316,2.9015622274236827,-3.3533206107955893
0,475.0,-0.4276838954392874,2.7230145779981134,-3.578382368876688
0,476.0,-0.3694949651708155,2.783540093250126,-3.5225300235917567
0,477.0,-1.1458735288270812,1.9747699547009696,-4.266517012355132
0,478.0,-0.9102452496278406,2.2278458302371025,-4.048336329492784
0,479.0,-0.23247026152805406,2.921302944936744,-3.386243467992852
0,480.0,-0.4567012289775403,2.686857670367994,-3.6002601283230744
0,481.0,-0.6442309277221853,2.479462768218448,-3.767924623662818
0,482.0,-0.8044050346809266,2.3293051779804883,-3.9381152473423415
0,483.0,-0.8823926549610961,2.233459722948525,-3.9982450328707166
0,484.0,-1.1502913266393169,1.9509007396119602,-4.251483392890594
0,485.0,-0.48851103035002474,2.6940083979697564,-3.6710304586698057
0,486.0,-1.0748066141094976,2.1019461059980142,-4.25155933421701
0,487.0,-0.36992632466886755,2.7445915623978907,-3.4844442117356254
0,488.0,-0.5316572124023856,2.633295448968128,-3.696609873772899
0,489.0,-0.7395421659453345,2.411604800603599,-3.890689132494268
0,490.0,-0.4942801728543183,2.6363867356874904,-3.624947081396127
0,491.0,-0.3076567892912071,2.850012889490972,-3.4653264680733864
0,492.0,-0.7057793765311273,2.48608014939528,-3.8976389024575346
0,493.0,-0.5225382843627833,2.6270129842778864,-3.6720895530034534
0,494.0,-0.4935819005177612,2.671859307417871,-3.6590231084533933
0,495.0,-0.6718675402964062,2.47190965554526,-3.815644736138072
0,496.0,-0.5416120204049086,2.6087137068319253,-3.6919377476417425
0,497.0,-0.7581466130617709,2.3139844204956495,-3.8302776466191917
0,498.0,-0.6797495213961576,2.456915532246201,-3.816414575038516
0,499.0,-0.6316233129911158,2.517094042158834,-3.780340668141066
0,500.0,-0.6466753557959432,2.461357366491664,-3.7547080780835502
0,501.0,-0.34040987432236547,2.766368071000739,-3.4471878196454697
0,502.0,-0.4195467580586115,2.6949057695971255,-3.5339992857143483
0,503.0,-0.3881650771934252,2.761110064895722,-3.5374402192825727
0,504.0,-1.0853445172600273,2.0935808573719146,-4.264269891891969
0,505.0,-0.48198792411860625,2.707720508553368,-3.6716963567905805
0,506.0,-0.7863269564649594,2.3290010937720274,-3.9016550067019464
0,507.0,-0.6276689722769424,2.4992197649035774,-3.7545577094574623
0,508.0,-0.9250304696423786,2.2281973478287034,-4.07825828711346
0,509.0,-0.7441211849351576,2.358882583438351,-3.847124953308666
0,510.0,-0.7214963873868616,2.4098608011933136,-3.8528535759670373
0,511.0,-0.8907017425544734,2.2042849290886672,-3.985688414197614
0,512.0,-0.43554401664995074,2.7364709121957187,-3.6075589454956205
0,513.0,-0.6148720952656596,2.550853909310157,-3.780598099841476
0,514.0,-0.4187726509172309,2.776353705260803,-3.613899007095265
0,515.0,-0.27688731832381175,2.8603274671585712,-3.4141021038061945
0,516.0,-0.6559325994087637,2.506427993536719,-3.818293192354246
0,517.0,-0.6707198764924356,2.473930155335632,-3.8153699083205033
0,518.0,-0.4945835189892619,2.665043164322571,-3.6542102023010945
0,519.0,-0.7076846414698711,2.46137134052521,-3.876740623464952
0,520.0,-0.7276481624889898,2.405412603525652,-3.860708928503631
0,521.0,-0.43116186576322835,2.737395607689277,-3.599719339215734
0,522.0,-0.3564143863136161,2.805200777535463,-3.5180295501626953
0,523.0,-0.7277943049884841,2.422325503217582,-3.8779141131945503
0,524.0,-0.7704350961598936,2.4074268909394823,-3.94829708325927
0,525.0,-0.5146086490453867,2.6042436798290836,-3.633460977919857
0,526.0,-0.5436757913695275,2.5843588193012588,-3.671710402040314
0,527.0,-0.4068028845536633,2.7553094393634714,-3.5689152084707976
0,528.0,-0.3760564628390222,2.737439955295276,-3.4895528809733207
0,529.0,-0.9118296711068783,2.229850192039094,-4.053509534252851
0,530.0,-0.3146521081983764,2.815688399912612,-3.4449926163093654
0,531.0,-0.581019237513137,2.5472653327371924,-3.7093038077634666
0,532.0,-0.8502164677091021,2.281888015805369,-3.9823209512235733
0,533.0,-0.830206279013204,2.285118854825336,-3.9455314128517442
0,534.0,-0.5356045106151472,2.5676667199730185,-3.638875741203313
0,535.0,-0.7144732920368744,2.4605639751516044,-3.8895105592253527
0,536.0,-0.6934791928137574,2.4426483855903256,-3.8296067712178403
0,537.0,-0.6978788130738074,2.448983132680004,-3.8447407588276183
0,538.0,-0.3320164129487395,2.8090445681445364,-3.4730773940420154
0,539.0,-0.6702477585479094,2.454831581184731,-3.7953270982805503
0,540.0,-0.4776040177285644,2.687365286116017,-3.6425733215731455
0,541.0,-0.5807737827200613,2.5539410306660963,-3.715488596106219
0,542.0,-0.3028818061535983,2.8539363890268254,-3.459700001334022
0,543.0,-0.761020202448085,2.3808279562451524,-3.902868361141323
0,544.0,-0.6070883712520235,2.543325966626849,-3.757502709130896
0,545.0,-0.5230092044315251,2.6074096656367804,-3.6534280744998306
0,546.0,-0.33186330225940885,2.8109660274397745,-3.4746926319585922
0,547.0,-0.5006268897854826,2.628994206429282,-3.6302479860002475
0,548.0,-0.45812213697851306,2.6479193714795635,-3.5641636454365893
0,549.0,-0.6597293268938342,2.4974371948228002,-3.8168958486104687
0,550.0,-0.5233376875733045,2.584585925715823,-3.631261300862432
0,551.0,-0.6824643086920066,2.496076086428889,-3.861004703812902
0,552.0,-0.7893639795983289,2.297388849357917,-3.876116808554575
0,553.0,-0.533325155511396,2.56077503744892,-3.6274253484717116
0,554.0,-0.6347449370916336,2.4962902162827096,-3.765780090465977
0,555.0,-0.3583990953617423,2.843468562873867,-3.560266753597352
0,556.0,-0.2846995635628141,2.866142277220869,-3.435541404346497
0,557.0,-0.6671517993297916,2.45143592759488,-3.7857395262544635
0,558.0,-0.9570135926975175,2.2033095297145984,-4.117336715109634
0,559.0,-0.10621783582197097,3.021032370312227,-3.2334680419561685
0,560.0,-0.9021565606987172,2.234297284259318,-4.038610405656752
0,561.0,-0.8315201518822882,2.3165272292791825,-3.979567533043759
0,562.0,-0.7152729266360573,2.389880703679272,-3.8204265569513867
0,563.0,-0.4795336235581686,2.640424785635186,-3.5994920327515234
0,564.0,-0.7358685000344831,2.4045567373335817,-3.876293737402548
0,565.0,-0.31958443097608025,2.832158278253897,-3.471327140206058
0,566.0,-0.5448295922868525,2.6293874867423823,-3.7190466713160872
0,567.0,-0.3655204081784682,2.8037475861075567,-3.5347884024644936
0,568.0,-0.6203499918461206,2.4651856482274237,-3.7058856319196654
0,569.0,-0.9481599524063828,2.1845866371365616,-4.080906541949327
0,570.0,-0.5708814963130546,2.594515842994481,-3.73627883562059
0,571.0,-0.9746040885658869,2.154350943415559,-4.103559120547333
0,572.0,-0.4152953638893341,2.6958785770958387,-3.526469304874507
0,573.0,-0.30807457452639253,2.8844169430190525,-3.5005660920718378
0,574.0,-0.4401633928705446,2.695624490865501,-3.5759512766065904
0,575.0,-1.0487461028589489,2.1187515177908676,-4.216243723508765
0,576.0,-0.4344990613923838,2.719825675783353,-3.5888237985681206
0,577.0,-0.3793972840362294,2.7302931741259497,-3.489087742198408
0,578.0,-0.6695519524029494,2.492945393972069,-3.8320492987779673
0,579.0,-1.0248504457812684,2.084071877304952,-4.133772768867488
0,580.0,-0.9305395828465873,2.2051890191454833,-4.066268184838658
0,581.0,-0.5159907373261563,2.6772690852336414,-3.7092505598859535
0,582.0,-0.1593571028324534,3.0085885958951977,-3.327302801560105
0,583.0,-0.8178510242947017,2.319231158044616,-3.9549332066340197
0,584.0,-0.6004864083098671,2.5410564051126183,-3.742029221732352
0,585.0,-0.787457961935894,2.378772230024932,-3.95368815389672
0,586.0,-0.5332338581535687,2.6037765560895885,-3.670244272396726
0,587.0,-0.7143462087432337,2.461154322101367,-3.8898467395878344
0,588.0,-0.9950539393290305,2.1369103777004277,-4.127018256358489
0,589.0,-0.5490296052120075,2.573973475095535,-3.67203268551955
0,590.0,-0.7510824309186482,2.4121075207883877,-3.914272382625684
0,591.0,-0.7868840236630539,2.354841844132015,-3.9286098914581227
0,592.0,-0.6328260968396028,2.512147149974694,-3.7777993436538995
0,593.0,-0.6388384609878227,2.549526644767238,-3.8272035667428836
0,594.0,-0.5756321221659072,2.5571151388479043,-3.708379383179719
0,595.0,-0.4219495981963306,2.6934027220435297,-3.5373019184361914
0,596.0,-0.4362956668788538,2.7393996718894487,-3.6119910056471562
0,597.0,-0.9832581867713024,2.1921980644428265,-4.158714437985431
0,598.0,-0.21659859670020265,2.891522684346519,-3.324719877746925
0,599.0,-0.6828278066501385,2.4700557078011496,-3.835711321101427
0,600.0,-0.474926795617298,2.664223935868921,-3.6140775271035164
0,601.0,-0.8488228879503451,2.2858531778956843,-3.9834989537963743
0,602.0,-0.374015181792656,2.732001865054725,-3.480032228640037
0,603.0,-0.5421123153069347,2.5468252259542665,-3.631049856568136
0,604.0,-0.31459964509292926,2.8446037471729357,-3.473803037358794
0,605.0,-0.3864481537401605,2.7505676456703343,-3.523463953150655
0,606.0,-0.5775638469395123,2.6167800116405617,-3.7719077055195864
0,607.0,-0.5189037951101183,2.6209615840111367,-3.6587691742313737
0,608.0,-0.14644837381921216,3.002174766397819,-3.295071514036244
0,609.0,-0.4443451085662118,2.677124387354259,-3.5658146044866825
0,610.0,-0.7675631265989631,2.3662313955651824,-3.901357648763109
0,611.0,-0.8819767254284769,2.2477395639740454,-4.011693014831
0,612.0,-0.8971857320451523,2.2211057258547293,-4.015477189945034
0,613.0,-0.9146020798284127,2.2232196234953205,-4.052423783152146
0,614.0,-0.3893279446060369,2.7140184482230403,-3.4926743374351137
0,615.0,-0.39804893092648275,2.785687993994058,-3.5817858558470235
0,616.0,-1.1389908189198583,2.0178936805036485,-4.295875318343365
0,617.0,-0.5021565147806171,2.6516983724547725,-3.6560114020160066
0,618.0,-0.6280919508541053,2.465834194370108,-3.7220180960783185
0,619.0,-0.5964320839863695,2.5404426878246573,-3.7333068557973963
0,620.0,-0.6258171723294761,2.4951330310154436,-3.7467673756743958
0,621.0,-0.24664109087873887,2.8505936875172653,-3.3438758692747435
0,622.0,-0.06947425843764055,3.109493568516544,-3.2484420853918254
0,623.0,-0.8016976717849813,2.292586908211147,-3.89598225178111
0,624.0,-0.8486507670165871,2.2616287015083665,-3.958930235541541
0,625.0,-0.7855900785441302,2.323457249927975,-3.8946374070162357
0,626.0,-0.7499840539369588,2.365263847427839,-3.865231955301757
0,627.0,-0.720002701587868,2.4178938352604167,-3.8578992384361523
0,628.0,-0.6519780067487899,2.4776553377335446,-3.781611351231125
0,629.0,-0.8522099438941089,2.304767046073836,-4.009186933862054
0,630.0,-0.6563499314127312,2.468367077181477,-3.781066940006939
0,631.0,-0.5273293745602385,2.623037562910235,-3.6776963120307125
0,632.0,-0.29244115614800725,2.8385995841392844,-3.4234818964352987
0,633.0,-0.7596877269243539,2.3350319654166745,-3.8544074192653826
0,634.0,-0.7393523847410941,2.401489648244177,-3.880194417726365
0,635.0,-0.6796432843336488,2.46188918804347,-3.821175756710768
0,636.0,-0.9380689283385554,2.230718587713601,-4.106856444390711
0,637.0,-0.7887859193031352,2.34335629223051,-3.9209281308367805
0,638.0,-0.6383446458883973,2.472382980145227,-3.7490722719220217
0,639.0,-0.6199931188040015,2.494699654771183,-3.7346858923791855
0,640.0,-0.7371013059161121,2.4375025653628826,-3.9117051771951066
0,641.0,-0.3356237671276031,2.8356977561034955,-3.506945290358702
0,642.0,-0.5353868292948163,2.612031902790553,-3.6828055613801856
0,643.0,-0.7969567118644602,2.338078183614618,-3.931991607343538
0,644.0,-0.5907303673321316,2.502803417640683,-3.684264152304946
0,645.0,-0.6408258797666107,2.483574872598928,-3.7652266321321495
0,646.0,-0.35841319389283477,2.7231219271124503,-3.43994831489812
0,647.0,-0.6968519047361281,2.42157592867044,-3.8152797381426957
0,648.0,-0.5957829842603903,2.538587576655707,-3.7301535451764876
0,649.0,-0.7173146908925676,2.4107022043076474,-3.8453315860927826
0,650.0,-0.46490641400457766,2.702111432124862,-3.6319242601340176
0,651.0,-0.7901086097160922,2.3541632116690714,-3.934380431101256
0,652.0,-0.5263585588087816,2.650360221535404,-3.703077339152967
0,653.0,-0.5222762834453628,2.5951331433734963,-3.639685710264222
0,654.0,-0.6388151670063724,2.481515323293748,-3.759145657306493
0,655.0,-0.3645398775566765,2.7763069492246655,-3.5053867043380182
0,656.0,-0.6794744240952388,2.4214368036323255,-3.780385651822803
0,657.0,-0.6266038779618215,2.4971743690244796,-3.750382124948122
0,658.0,-0.12633480708191858,3.0163105603106994,-3.2689801744745366
0,659.0,-1.0497763891364407,2.0793785729100502,-4.178931351182932
0,660.0,-0.6805536744416512,2.458958955788185,-3.8200663046714873
0,661.0,-0.6781956422230964,2.456207772010104,-3.812599056456297
0,662.0,-0.656325580155099,2.4482239254401565,-3.7608750857503543
0,663.0,-0.5055585600201938,2.6323155805288825,-3.6434327005692704
0,664.0,-1.0892401399463085,2.0932348296173906,-4.271715109510008
0,665.0,-0.6195366970123464,2.5009323258718936,-3.740005719896586
0,666.0,-0.7637516564979088,2.3308583450993012,-3.8583616580951183
0,667.0,-0.5268352034953653,2.6245740772326065,-3.678244484223337
0,668.0,-0.7857793583309578,2.3690771511128714,-3.9406358677747875
0,669.0,-1.457143187918808,1.6663742232622667,-4.5806605990998825
0,670.0,-0.39655891254800124,2.7106759360833954,-3.503793761179398
0,671.0,-0.4727293451841771,2.699065319544732,-3.644524009913086
0,672.0,-0.17136323308593238,2.9602115626238827,-3.3029380287957473
0,673.0,-0.6912085239250197,2.5138515483682657,-3.8962685962183055
0,674.0,-0.714292699807481,2.420689545990477,-3.8492749456054387
0,675.0,-0.4159402865025995,2.749956145014861,-3.58183671802006
0,676.0,-0.41718535939289036,2.7520626349615833,-3.5864333537473643
0,677.0,-0.4619832211425253,2.6713846728670747,-3.595351115152125
0,678.0,-0.23341642198926216,2.8959496493210977,-3.362782493299622
0,679.0,-0.48632766573094394,2.6550184362316567,-3.6276737676935444
0,680.0,-0.2556531739471877,2.89338285317545,-3.404689201069826
0,681.0,-1.0484110779353646,2.0976152282543272,-4.194437384125056
0,682.0,-0.5923207586906534,2.600463963918325,-3.785105481299632
0,683.0,-0.4323863672266724,2.7491744794669866,-3.6139472139203312
0,684.0,-0.12635206497106333,3.0453837039423663,-3.2980878338844932
0,685.0,-0.8748724900014612,2.2658659126551743,-4.0156108926580965
0,686.0,-0.5881029290779374,2.5782549788786664,-3.754460837034541
0,687.0,-0.8120279518244948,2.311303716087163,-3.9353596197361527
0,688.0,-0.4745321140360736,2.6453182615069473,-3.594382489579094
0,689.0,-0.7259811072315594,2.3835856094087253,-3.8355478238718437
0,690.0,-0.35011022584193974,2.7816581085160337,-3.481878560199913
0,691.0,-0.964519894623431,2.1777629883341993,-4.106802777581061
0,692.0,-0.8418987829061144,2.2776536198700725,-3.961451185682302
0,693.0,-0.24107165763908656,2.8268198391665313,-3.3089631544447045
0,694.0,-0.6256780371971234,2.5408691373251275,-3.792225211719374
0,695.0,-0.4852543139245698,2.7144921801794797,-3.685000808028619
0,696.0,-0.9924676459688346,2.1379794064038853,-4.122914698341554
0,697.0,-0.8391847046902156,2.3547924721404208,-4.033161881520852
0,698.0,-0.7605660005881363,2.3861664873690405,-3.9072984885453126
0,699.0,-0.27605710614045265,2.845468249369563,-3.3975824616504684
0,700.0,-0.49374682259829134,2.673932487599415,-3.661426132795998
0,701.0,-0.46421655931102423,2.6847213193842423,-3.6131544380062905
0,702.0,-0.6143874741698283,2.5298379712815953,-3.7586129196212514
0,703.0,-0.9507136986278956,2.1919167638470314,-4.093344161102823
0,704.0,-0.37502864271786224,2.726795884555103,-3.476853169990828
0,705.0,-0.6797973420405548,2.4478292547365923,-3.807423938817702
0,706.0,-0.7973401343898997,2.3858704867722382,-3.980550755552038
0,707.0,-0.35460244853512624,2.793133976261747,-3.5023388733319996
0,708.0,-0.6749102087576471,2.48276708696038,-3.8325875044756748
0,709.0,-0.5209524026878946,2.602446808157146,-3.644351613532935
0,710.0,-0.33886872810433705,2.7886461981109423,-3.4663836543196163
0,711.0,-0.5408928454554354,2.597948244868253,-3.6797339357791237
0,712.0,-0.6896053000450371,2.4816104250069553,-3.8608210250970294
0,713.0,-1.0359033513486031,2.143284205683244,-4.215090908380451
0,714.0,-0.7801153172443603,2.3191601588843955,-3.8793907933731164
0,715.0,-0.8218434984756339,2.3509495301761256,-3.9946365271273936
0,716.0,-0.5554076274200542,2.5301112657494995,-3.640926520589608
0,717.0,-0.7340147498035381,2.382293567111653,-3.850323066718729
0,718.0,-1.0695398634454298,2.046219729698069,-4.185299456588928
0,719.0,-0.35884808138925517,2.7960040437069393,-3.5137002064854492
0,720.0,-0.9357385688954407,2.2040145234637607,-4.075491661254642
0,721.0,-0.6170221724621466,2.5428296454273736,-3.776873990351667
0,722.0,-0.8347989665257537,2.292497616090705,-3.9620955491422127
0,723.0,-0.722660369178043,2.4173271038185224,-3.8626478421746087
0,724.0,-0.4421801256998522,2.691113198291502,-3.5754734496912066
0,725.0,-0.719774961838813,2.3920033878353504,-3.8315533115129767
0,726.0,-0.5482702416361818,2.5726272496899747,-3.6691677329623382
0,727.0,-0.919484226846274,2.210902421968405,-4.049870875660953
0,728.0,-0.4595090194484739,2.6902075202135833,-3.6092255591105307
0,729.0,-0.35153208038542405,2.792378355651004,-3.4954425164218517
0,730.0,-0.6451202369658313,2.477071794702446,-3.7673122686341087
0,731.0,-0.721068265166292,2.4166869742681305,-3.858823504600714
0,732.0,-0.5177326054732861,2.6183355884381476,-3.65380079938472
0,733.0,-0.6857828518748501,2.4496484869727215,-3.8212141907224213
0,734.0,-0.8716229274306586,2.261851240758328,-4.005097095619645
0,735.0,-0.6034677094617449,2.5565877988279606,-3.76352321775145
0,736.0,-0.4402589565977819,2.6736848840753686,-3.5542027972709325
0,737.0,-0.5236000572781736,2.6241565689495516,-3.6713566835058993
0,738.0,-0.532783447335208,2.5897316535184327,-3.6552985481888483
0,739.0,-0.26089052520890377,2.8853761522254797,-3.4071572026432873
0,740.0,-0.8387639647458665,2.2857279198482248,-3.9632558493399577
0,741.0,-0.700761226621599,2.4101004525947207,-3.8116229058379183
0,742.0,-0.7240069650059564,2.456208346140863,-3.904222276152776
0,743.0,-0.6578424777196544,2.521505237447287,-3.837190192886596
0,744.0,-0.33425795406159053,2.814490620202107,-3.4830065283252885
0,745.0,-0.6585949027549383,2.4319464959523316,-3.749136301462208
0,746.0,-0.6730834011186783,2.4563907290402023,-3.802557531277559
0,747.0,-0.5544869984490506,2.540964274577922,-3.6499382714760236
0,748.0,-0.7621266364665973,2.3632039279703605,-3.8874572009035555
0,749.0,-0.9205606513092952,2.2285301707137943,-4.069651473332384
0,750.0,-0.9825238799204014,2.1382791476481864,-4.103326907488989
0,751.0,-0.8875254322769923,2.266874507935043,-4.041925372489027
0,752.0,-0.3545713343407466,2.7732484259676853,-3.4823910946491785
0,753.0,-0.9880596443158272,2.1822066943522134,-4.158325982983868
0,754.0,-0.7968159679124885,2.3363883395485767,-3.9300202753735536
0,755.0,-0.778169602072672,2.327198071217329,-3.8835372753626736
0,756.0,-0.4922743559423687,2.628633354106706,-3.613182065991443
0,757.0,-0.8253582212535605,2.30783196747264,-3.9585484099797608
0,758.0,-1.0718118824900371,2.029135555431914,-4.172759320411989
0,759.0,-0.4657976258790737,2.696976242501346,-3.6285714942594933
0,760.0,-0.7269388345913192,2.4006924406034753,-3.854570109786114
0,761.0,-0.5958145472076155,2.5085014189599186,-3.7001305133751496
0,762.0,-0.5885818954387825,2.5033882919976245,-3.680552082875189
0,763.0,-0.39442423495351897,2.752933098268806,-3.5417815681758436
0,764.0,-0.4919266758999124,2.7017595594704584,-3.685612911270283
0,765.0,-0.8655197335348032,2.2604944138963186,-3.9915338809659247
0,766.0,-0.6464077006330962,2.456126870213973,-3.748942271480165
0,767.0,-0.46765066776224345,2.681935719768626,-3.6172370552931135
0,768.0,-0.6447512469896552,2.4515690506815164,-3.741071544660827
0,769.0,-0.5819668438644694,2.561303943713478,-3.725237631442417
0,770.0,-0.5953302638704672,2.549836567996545,-3.740497095737479
0,771.0,-0.9465066441872032,2.2397172472188425,-4.132730535593249
0,772.0,-0.3876886562834899,2.7486597685584147,-3.5240370811253947
0,773.0,-0.43824866428939013,2.648967723846768,-3.525465052425549
0,774.0,-0.9199297438877361,2.2724686197522113,-4.112328107527683
0,775.0,-0.3707247187693964,2.8070269148656695,-3.5484763524044625
0,776.0,-0.3436004871034434,2.805883297214191,-3.4930842714210777
0,777.0,-0.8553177875778635,2.2989096231892185,-4.009545198344946
0,778.0,-0.5699441020104006,2.5462220386143466,-3.6861102426351477
0,779.0,-0.700862606336619,2.413455959084971,-3.815181171758209
0,780.0,-0.3784920844071884,2.7169563308598756,-3.4739404996742524
0,781.0,-0.663699355783758,2.4950690174277455,-3.822467728995261
0,782.0,-0.5377531518779555,2.5954696777245356,-3.6709759814804466
0,783.0,-0.8436355655751682,2.2543300970955027,-3.9416012282458386
0,784.0,-0.41449472320503333,2.671690515416704,-3.50067996182677
0,785.0,-0.9406401598062591,2.200364008996612,-4.08164432860913
0,786.0,-0.9661326121854146,2.1145867685684134,-4.046851992939242
0,787.0,-0.7522315712017744,2.3979081902154196,-3.9023713326189684
0,788.0,-0.2072476167892099,2.923906584477119,-3.338401818055539
0,789.0,-0.6129785848092582,2.4961359409109383,-3.722093110529455
0,790.0,-0.36373641857768557,2.7235544583646134,-3.4510272955199848
0,791.0,-0.6392921633648394,2.546858718754229,-3.8254430454839072
0,792.0,-0.577309245974982,2.5674896455128415,-3.722108137462806
0,793.0,-0.4842650746163506,2.6769983391151535,-3.6455284883478547
0,794.0,-0.49249354808681073,2.6540099364235945,-3.638997032597216
0,795.0,-1.3036006134964326,1.8892496509655472,-4.496450877958413
0,796.0,-0.5434318831774699,2.6152601446659665,-3.702123911020906
0,797.0,-1.0667121785954756,2.0820031645425248,-4.215427521733476
0,798.0,-0.16127585538819345,3.0251181524867965,-3.3476698632631834
0,799.0,-0.5532741633543394,2.5377907866447846,-3.6443391133534635
0,800.0,-0.5198207129949002,2.5738546348978506,-3.613496060887651
0,801.0,-0.5190055397188997,2.5571452061633155,-3.595156285601115
0,802.0,-0.39469641243781406,2.7361850740275635,-3.525577898903192
0,803.0,-0.4219395540821258,2.76750538976965,-3.6113844979339014
0,804.0,-0.504288164966863,2.645738003871318,-3.6543143338050443
0,805.0,-0.5981435191989849,2.5364462533628376,-3.7327332917608076
0,806.0,-0.5402361616287971,2.586623354428448,-3.667095677686042
0,807.0,-0.6799399186379803,2.481574623033675,-3.841454460309636
0,808.0,-0.5901740632784783,2.58783521359249,-3.7681833401494464
0,809.0,-0.9787929932646706,2.2014812974222995,-4.159067283951641
0,810.0,-0.430489244807281,2.7262828252876883,-3.58726131490225
0,811.0,-0.4781970155171231,2.6188897698211884,-3.575283800855435
0,812.0,-0.39119926773257085,2.762801971092311,-3.5452005065574523
0,813.0,-0.4628278352274833,2.6561191793290897,-3.5817748497840567
0,814.0,-0.9912106077096441,2.1759066652468784,-4.1583278806661665
0,815.0,-0.8994875578122181,2.2029812289981274,-4.001956344622564
0,816.0,-0.569873776822703,2.5571053657585816,-3.6968529194039874
0,817.0,-0.7316895506455373,2.382331867572366,-3.845710968863441
0,818.0,-0.6752330865927936,2.475105833263738,-3.825572006449325
0,819.0,-0.45930863060160987,2.6972470839345863,-3.6158643451378065
0,820.0,-0.30626168195261816,2.83206255688371,-3.444585920788946
0,821.0,-0.5056457612475982,2.628061041747683,-3.6393525642428792
0,822.0,-0.5615706935143545,2.6060257069577952,-3.7291670939865043
0,823.0,-0.8586486277246224,2.263322699971037,-3.9806199554202824
0,824.0,-0.927878849330068,2.250966266128052,-4.106723964788188
0,825.0,-0.7670053548710238,2.3569572360101145,-3.890967945752162
0,826.0,-0.3948222668916521,2.782745955641322,-3.5723904894246266
0,827.0,-0.7561149404831098,2.3650400819889232,-3.877269962955143
0,828.0,-0.4252842233270908,2.6700075899296936,-3.5205760365838756
0,829.0,-0.27484386459362786,2.886135310583598,-3.435823039770854
0,830.0,-0.46338634944425766,2.6835281280922803,-3.610300826980796
0,831.0,-0.9726708220511595,2.2110923696835205,-4.156434013785839
0,832.0,-0.37515868146505493,2.721398343695573,-3.471715706625683
0,833.0,-0.5822963676542483,2.593861183390634,-3.758453918699131
0,834.0,-0.9542758302491245,2.1714788002752567,-4.080030460773505
0,835.0,-0.5643689398569904,2.5538801305329133,-3.682618010246894
0,836.0,-0.572220019947117,2.5450703925960796,-3.6895104324903136
0,837.0,-0.39807335833959445,2.7575184503444197,-3.553665167023609
0,838.0,-0.6605135812896769,2.4321199720482745,-3.753147134627628
0,839.0,-0.543802999454537,2.607979518376342,-3.6955855172854157
0,840.0,-0.8853082469017102,2.277822684521282,-4.048439178324703
0,841.0,-0.3260201714528117,2.8099464285118962,-3.4619867714175196
0,842.0,-0.771523795162408,2.32234759629884,-3.865395186623656
0,843.0,-0.6652974244148778,2.4998087940716514,-3.830403642901407
0,844.0,-0.8747716831275965,2.260969163694532,-4.010512529949725
0,845.0,-1.0692167803596428,2.074492790676034,-4.2129263513953195
0,846.0,-0.7158424348808636,2.3715147225747812,-3.8031995923365085
0,847.0,-0.7601189530248371,2.364845321818951,-3.885083227868625
0,848.0,-0.7450788772206457,2.329987631685359,-3.8201453861266508
0,849.0,-0.5350076914989705,2.613539971375829,-3.6835553543737705
0,850.0,-0.7575196883771248,2.3751374786612494,-3.890176855415499
0,851.0,-0.5789385679987475,2.5160719425236193,-3.6739490785211144
0,852.0,-0.8703210370835195,2.2851664758701724,-4.025808550037212
0,853.0,-0.5884217945441712,2.5253763708017396,-3.702219959890082
0,854.0,-0.5770625930664417,2.5718042213978833,-3.7259294075307663
0,855.0,-0.8808657373667161,2.2958081747874526,-4.057539649520885
0,856.0,-0.13152696854607437,2.9916230526326637,-3.2546769897248127
0,857.0,-0.2507523368812351,2.912106811312395,-3.4136114850748656
0,858.0,-0.5328068566413655,2.6153256335630752,-3.680939346845806
0,859.0,-0.6187041234078364,2.4924675527737246,-3.7298757995893976
0,860.0,-0.8860058494146694,2.2790280291131397,-4.051039727942479
0,861.0,-0.8465549829429742,2.2948229391363704,-3.9879329050223182
0,862.0,-0.60358723709986,2.4671667025053785,-3.674341176705098
0,863.0,-0.7999598083590805,2.3458700544577025,-3.9457896711758633
0,864.0,-0.6416275905180937,2.456300149751188,-3.7395553307873755
0,865.0,-0.4930736481808103,2.5989734920061536,-3.585120788367774
0,866.0,-0.9704534605209149,2.1439097109079928,-4.084816631949822
0,867.0,-0.3671229828737277,2.7833829405793997,-3.5176289063268555
0,868.0,-0.5475652617680362,2.5936301220411138,-3.688760645577186
0,869.0,-0.286186862170669,2.8781667566056113,-3.450540480946949
0,870.0,-0.8513747337279006,2.300519783653863,-4.003269251109664
0,871.0,-0.6442176349020108,2.5022352787079423,-3.790670548511964
0,872.0,-0.4521911246105418,2.664772364667791,-3.569154613888875
0,873.0,-0.8601799590748438,2.174848655934949,-3.895208574084637
0,874.0,-0.22631044151052715,2.9072650567553775,-3.3598859397764316
0,875.0,-0.6042617938850227,2.523228401708414,-3.7317519894784597
0,876.0,-0.7426655005717269,2.379547076748993,-3.8648780778924468
0,877.0,-0.7422545628660926,2.4079267031806406,-3.8924358289128254
0,878.0,-0.8332618319314631,2.273653919278273,-3.940177583141199
0,879.0,-0.8009569629826753,2.354943759957534,-3.956857685922884
0,880.0,-0.86449485627785,2.249509620348845,-3.978499332904545
0,881.0,-0.8061888521472077,2.3380064241967644,-3.9503841284911796
0,882.0,-0.6049947334241838,2.510824637952843,-3.72081410480121
0,883.0,-0.302672060116708,2.8334595962742717,-3.4388037165076875
0,884.0,-0.4514957022646558,2.630161963552641,-3.5331533680819525
0,885.0,-0.12608058330422145,3.0027830259307864,-3.254944192539229
0,886.0,-0.5978320068630247,2.537261388523045,-3.7329254022490943
0,887.0,-0.6135929524784633,2.516453550066132,-3.7436394550230587
0,888.0,-0.7921908656169758,2.395103079032876,-3.979484810266828
0,889.0,-0.6898986941236576,2.45902044155459,-3.838817829801905
0,890.0,-0.5436058776101524,2.582291797934799,-3.6695035531551037
0,891.0,-0.7434842245486025,2.4350251746036067,-3.9219936237008115
0,892.0,-0.7689076823406515,2.3945618751235065,-3.9323772398048096
0,893.0,-0.6033314834442358,2.548339896549833,-3.755002863438304
0,894.0,-0.5913938473347995,2.5345782842233557,-3.7173659788929543
0,895.0,-0.7215533952781809,2.377534810915335,-3.820641601471697
0,896.0,-0.8820479932112381,2.2149176006723157,-3.979013587094792
0,897.0,-0.530217759895839,2.6336427983829145,-3.6940783181745926
0,898.0,-0.35363511151332505,2.7491558754970287,-3.4564260985236785
0,899.0,-0.6672860433218033,2.453436849834314,-3.7880089364779206
0,900.0,-0.7199014951788595,2.404327786324754,-3.844130776682473
0,901.0,-0.9955474070441406,2.1444998868027705,-4.135594700891051
0,902.0,-0.7192045703530774,2.4505327981736524,-3.8889419388798068
0,903.0,-0.7578530075423988,2.3680291842565886,-3.8837351993413867
0,904.0,-0.31424893100160445,2.8247587896408555,-3.453256651644064
0,905.0,-0.4142751414861917,2.690659403475437,-3.5192096864478204
0,906.0,-0.5548626442516168,2.5630295687701943,-3.672754857273428
0,907.0,-0.7560162016406056,2.4211730079442253,-3.933205411225436
0,908.0,-0.5765819415494452,2.546081531258839,-3.6992454143577294
0,909.0,-0.5254244888604183,2.597521199231486,-3.648370176952323
0,910.0,-0.5739179777332248,2.5861731875566156,-3.7340091430230653
0,911.0,-0.32491033197984687,2.7802248425030025,-3.430045506462696
0,912.0,-0.5865605421643165,2.5901324119227502,-3.7632534962513833
0,913.0,-0.5716895247425701,2.531907347481894,-3.6752863969670337
0,914.0,-0.8127676458456172,2.363159662660135,-3.98869495435137
0,915.0,-0.5848969860044608,2.5347858373776297,-3.7045798093865514
0,916.0,-0.5068245049842842,2.649013072763896,-3.662662082732464
0,917.0,-0.4441863745499024,2.7222093384286774,-3.610582087528482
0,918.0,-0.27962875856963954,2.883369972384183,-3.4426274895234625
0,919.0,-0.5617374894001308,2.542455786356798,-3.665930765157059
0,920.0,-0.575064728261166,2.506848227466174,-3.6569776839885058
0,921.0,-0.8832176268654542,2.2555106380151524,-4.021945891746061
0,922.0,-0.49166665834199164,2.6137743613434252,-3.5971076780274083
0,923.0,-0.5310394823236271,2.5490567393024683,-3.6111357039497225
0,924.0,-0.4990075317737658,2.687363748747353,-3.6853788122948843
0,925.0,-0.6772175995238525,2.436903874843983,-3.791339073891688
0,926.0,-0.09619572586487313,3.057206191797337,-3.249597643527083
0,927.0,-0.36422875152912104,2.8137750933147903,-3.542232596373032
0,928.0,-0.7139346036642651,2.401448396066969,-3.8293176033954994
0,929.0,-0.9538840725154756,2.2097261977575675,-4.117494342788519
0,930.0,-0.022701331512924083,3.132619705059117,-3.1780223680849655
0,931.0,-0.785044316377163,2.340188460499622,-3.9102770932539483
0,932.0,-0.5346431509973196,2.593958355218433,-3.663244657213072
0,933.0,-0.6839082386986975,2.458534935551617,-3.8263514129490117
0,934.0,-0.5566588794409679,2.594352981309555,-3.7076707401914915
0,935.0,-0.8125879167636717,2.322687358419808,-3.9478631919471514
0,936.0,-0.2644567003729653,2.8569892675192428,-3.3859026682651736
0,937.0,-0.7169200421210788,2.4410072979720603,-3.8748473822142184
0,938.0,-0.8161006102196314,2.3105414285320234,-3.942742648971286
0,939.0,-0.686168710790881,2.4431432029780527,-3.815480624559815
0,940.0,-0.7605231289230943,2.3531173436132313,-3.8741636014594194
0,941.0,-0.8252427188304686,2.3186907285177645,-3.969176166178702
0,942.0,-0.7655967612162868,2.3664961253284136,-3.8976896477609873
0,943.0,-0.734537737319774,2.421687035814457,-3.8907625104540053
0,944.0,-0.5919593475974871,2.5343430049054074,-3.7182617001003813
0,945.0,-0.7418380631662472,2.4006092709876636,-3.8842853973201583
0,946.0,-0.8040980123209314,2.3077556581787517,-3.915951682820614
0,947.0,-0.4592671987471477,2.6201466087155256,-3.538681006209821
0,948.0,-0.3782084564326184,2.7343531133827668,-3.4907700262480033
0,949.0,-0.7577734204450437,2.4528340582118924,-3.96838089910198
0,950.0,-0.6513178848458596,2.484183171841398,-3.7868189415331166
0,951.0,-0.4865254078631087,2.6525963260117855,-3.6256471417380034
0,952.0,-0.30875932702320985,2.7968951457437923,-3.4144137997902124
0,953.0,-0.4576654009462189,2.741687806307347,-3.6570186081997846
0,954.0,-0.9224059693324577,2.223158884856679,-4.067970823521594
0,955.0,-0.5583846952114082,2.5940947588079584,-3.710864149230775
0,956.0,-0.49131990142527115,2.5950561370130294,-3.5776959398635717
0,957.0,-0.6464701524805367,2.505325126624151,-3.7982654315852242
0,958.0,-0.633017916239236,2.474386973678542,-3.7404228061570146
0,959.0,-0.6323114818413309,2.5299786904403967,-3.7946016541230585
0,960.0,-0.6414944264658596,2.5229243518411515,-3.805913204772871
0,961.0,-0.33247083260659427,2.7727338062189157,-3.437675471432104
0,962.0,-0.6730410486071471,2.4870866146522186,-3.833168711866513
0,963.0,-0.9646656363178071,2.1981627653482674,-4.127494037983881
0,964.0,-0.7550800652018279,2.342540081807396,-3.852700212211052
0,965.0,-0.6816114070912986,2.4400538575253266,-3.803276671707924
0,966.0,-0.6107514844707826,2.535250983138717,-3.7567539520802824
0,967.0,-0.5738711920488497,2.5562646506728437,-3.704007034770543
0,968.0,-0.3673471107130969,2.7674146961127106,-3.5021089175389046
0,969.0,-0.5262385502816502,2.6185995332960323,-3.671076633859333
0,970.0,-0.43270685014387134,2.7100098919719438,-3.5754235922596864
0,971.0,-0.7951589610453232,2.3272976415122875,-3.9176155636029337
0,972.0,-0.5302836342367878,2.621205085781176,-3.681772354254752
0,973.0,-0.6082631518803819,2.581647226782151,-3.798173530542915
0,974.0,-0.9002638073527808,2.2105651632144494,-4.011092777920011
0,975.0,-1.2338594165545866,1.8950610474863492,-4.3627798805955225
0,976.0,-0.5546669974356998,2.5723286191250887,-3.6816626139964885
0,977.0,-0.6395235788837186,2.5104961986846854,-3.789543356452123
0,978.0,-0.7449613213215516,2.3565118636968103,-3.8464345063399135
0,979.0,-0.4732727799702491,2.6118345797400835,-3.5583801396805814
0,980.0,-0.6130880412743224,2.519935785662003,-3.746111868210648
0,981.0,-1.048449448482202,2.0976069226608383,-4.194505819625242
0,982.0,-0.5071176473122267,2.6582612295362464,-3.6724965241607004
0,983.0,-0.8218079881836259,2.339071101812739,-3.9826870781799903
0,984.0,-0.4618597756599108,2.696134388168645,-3.619853939488467
0,985.0,-0.16378258729375594,2.963621275632307,-3.2911864502198194
0,986.0,-0.3850656585781953,2.712517264115399,-3.48264858127179
0,987.0,-0.5537368070183593,2.530933387255989,-3.638407001292708
0,988.0,-0.5815499973950305,2.531222945228478,-3.6943229400185387
0,989.0,-0.7508062300043171,2.390161625195049,-3.8917740852036835
0,990.0,-0.33452851527633853,2.8262980712076597,-3.495355101760337
0,991.0,-0.5527603301386674,2.572563137230741,-3.6780837975080756
0,992.0,-0.8549553089809558,2.2422467702164792,-3.952157388178391
0,993.0,-0.67479439125391,2.494766335625133,-3.844355118132953
0,994.0,-0.5284632860875995,2.6506340418328698,-3.7075606140080684
0,995.0,-0.17350992441589475,2.962443200766067,-3.309463049597856
0,996.0,-0.40067142083427676,2.754751930974194,-3.5560947726427474
0,997.0,-0.14071584000928827,3.0039888432177557,-3.2854205232363327
0,998.0,-0.7823719169527266,2.3438809077274767,-3.90862474163293
0,999.0,-0.9420608434923593,2.1890010478369812,-4.0731227348217
0,1000.0,-0.3788643725448477,2.7711394524229416,-3.5288681975126375
