mcmc_index,x_mm,centerline,top_edge,bottom_edge
0,0.0,-0.5170466726369245,2.598612160574448,-3.632705505848297
0,2.6881720430107525,-0.4927122681881721,2.6075522111540743,-3.5929767475304186
0,5.376344086021505,-0.3880033050381694,2.714286084881398,-3.4902926949577364
0,8.064516129032258,-0.3366534035277605,2.789772490553447,-3.463079297608968
0,10.75268817204301,-0.24556989878105062,2.887332725353221,-3.378472522915322
0,13.440860215053762,-0.2717879014285528,2.8657074640161584,-3.409283266873264
0,16.129032258064516,-0.31488552362244626,2.840028836072797,-3.4697998833176893
0,18.817204301075268,-0.3251117955766094,2.8475938497344524,-3.4978174408876708
0,21.50537634408602,-0.35730911260833964,2.819573438790197,-3.534191664006877
0,24.193548387096772,-0.337003996379191,2.830662457953649,-3.5046704507120308
0,26.881720430107524,-0.42147762155520996,2.756736309871686,-3.599691552982106
0,29.569892473118276,-0.3739765970091753,2.809665970812076,-3.5576191648304265
0,32.25806451612903,-0.37554083078237066,2.8081017370388803,-3.559183398603622
0,34.946236559139784,-0.39502067521090434,2.794851629095382,-3.5848929795171904
0,37.634408602150536,-0.46087146084326225,2.734394051314076,-3.6561369730006006
0,40.32258064516129,-0.5356359032816137,2.6677262059117672,-3.7389980124749944
0,43.01075268817204,-0.5144182887972493,2.6986758735941314,-3.72751245118863
0,45.69892473118279,-0.5189431909842144,2.694975153388205,-3.732861535356634
0,48.387096774193544,-0.5850923795060684,2.6192071727011146,-3.789391931713251
0,51.0752688172043,-0.6135236379370058,2.590239546200693,-3.8172868220747045
0,53.76344086021505,-0.6408371618827752,2.5642886793158937,-3.845963003081444
0,56.4516129032258,-0.5765961304879297,2.6184110531425246,-3.771603314118384
0,59.13978494623655,-0.5865636674362672,2.6013400448681483,-3.7744673797406825
0,61.827956989247305,-0.6695328272493624,2.518332834654572,-3.8573984891532973
0,64.51612903225806,-0.6680904031493955,2.5276386994968356,-3.8638195057956266
0,67.20430107526882,-0.6766218646794248,2.5164881550983647,-3.8697318844572144
0,69.89247311827957,-0.8006846025057494,2.389467310965232,-3.9908365159767305
0,72.58064516129032,-0.8298719192994684,2.36020576097531,-4.019949599574247
0,75.26881720430107,-0.8399690122162689,2.350178663937103,-4.030116688369641
0,77.95698924731182,-0.7976878286147875,2.398966530867348,-3.9943421880969225
0,80.64516129032258,-0.7151285218559025,2.4824301268276963,-3.912687170539501
0,83.33333333333333,-0.6772702928350434,2.5247258365963345,-3.8792664222664213
0,86.02150537634408,-0.6821531517214887,2.5192179128306336,-3.883524216273611
0,88.70967741935483,-0.7048922274099348,2.485841032681326,-3.8956254875011957
0,91.39784946236558,-0.6078601265251908,2.5648106778252364,-3.780530930875618
0,94.08602150537634,-0.6006866978813918,2.567965561779848,-3.7693389575426317
0,96.77419354838709,-0.5934405546094441,2.5850304534507664,-3.771911562669655
0,99.46236559139784,-0.6035394063787547,2.569123748150204,-3.7762025609077132
0,102.1505376344086,-0.6201134312414042,2.5743042617551453,-3.814531124237954
0,104.83870967741935,-0.5997808585734438,2.573693941258501,-3.7732556584053887
0,107.5268817204301,-0.6142444174604342,2.5426197414281546,-3.7711085763490235
0,110.21505376344085,-0.6249889279226821,2.5342156853503726,-3.7841935411957373
0,112.9032258064516,-0.6307293666534494,2.541441914048678,-3.802900647355577
0,115.59139784946235,-0.6299533024745747,2.5501045535973295,-3.810011158546479
0,118.2795698924731,-0.64102847133843,2.5482198515569374,-3.8302767942337974
0,120.96774193548386,-0.6624307170676003,2.5306618539602193,-3.85552328809542
0,123.65591397849461,-0.6708717241312001,2.5196911810829725,-3.8614346293453723
0,126.34408602150536,-0.6106043629639031,2.57982007624019,-3.8010288021679957
0,129.03225806451613,-0.7527761369145012,2.4338549845633644,-3.939407258392367
0,131.72043010752688,-0.6930952724568133,2.4738105968446735,-3.8600011417583
0,134.40860215053763,-0.6347709242394485,2.532134945062038,-3.8016767935409352
0,137.09677419354838,-0.7282345317536492,2.434155409057603,-3.8906244725649013
0,139.78494623655914,-0.7293279253567932,2.4317372809060025,-3.8903931316195894
0,142.4731182795699,-0.7496136483172267,2.413864389253984,-3.9130916858884373
0,145.16129032258064,-0.7413258952801407,2.425288476141379,-3.90794026670166
0,147.8494623655914,-0.7303753562835262,2.4294878497057684,-3.890238562272821
0,150.53763440860214,-0.7891644605425285,2.3599641895998684,-3.9382931106849255
0,153.2258064516129,-0.7354896771346979,2.4155235018233534,-3.8865028560927493
0,155.91397849462365,-0.6966438193087683,2.469608005875973,-3.8628956444935096
0,158.6021505376344,-0.6400656998300163,2.5242835762080738,-3.8044149758681067
0,161.29032258064515,-0.6094193569776445,2.5565026749140847,-3.775341388869374
0,163.9784946236559,-0.6653468081398757,2.483126519966479,-3.81382013624623
0,166.66666666666666,-0.7029214519748586,2.438241966988153,-3.84408487093787
0,169.3548387096774,-0.6805648651072775,2.446217105318876,-3.8073468355334317
0,172.04301075268816,-0.7015421964006257,2.4193789214953343,-3.822463314296586
0,174.7311827956989,-0.6657374066563744,2.43865870909554,-3.7701335224082886
0,177.41935483870967,-0.6769882847060776,2.4095885487836797,-3.7635651181958347
0,180.10752688172042,-0.6930251308434434,2.4077687944322506,-3.793819056119138
0,182.79569892473117,-0.6267642835584423,2.4700894747371533,-3.7236180418540377
0,185.48387096774192,-0.6067565259151504,2.4933612321431005,-3.7068742839734012
0,188.17204301075267,-0.6259834118437639,2.47747774574833,-3.7294445694358576
0,190.86021505376343,-0.5729129083969291,2.5346425835033273,-3.680468400297185
0,193.54838709677418,-0.5996074396980031,2.5083670653077683,-3.7075819447037746
0,196.23655913978493,-0.5767011551829454,2.5438993692639835,-3.6973016796298745
0,198.92473118279568,-0.5558754919422397,2.5599129204241553,-3.6716639043086348
0,201.61290322580643,-0.5421997089952202,2.5728597915415152,-3.657259209531955
0,204.3010752688172,-0.5321188682798945,2.580817630716857,-3.6450553672766457
0,206.98924731182794,-0.5901339399180443,2.54488692474924,-3.725154804585329
0,209.6774193548387,-0.5716511554954922,2.5704945886186183,-3.7137968996096027
0,212.36559139784944,-0.5919754739546051,2.544404862780285,-3.728355810689495
0,215.0537634408602,-0.6197874425845348,2.5110701010287544,-3.750644986197824
0,217.74193548387095,-0.5615477391246406,2.589388992612157,-3.712484470861438
0,220.4301075268817,-0.5941498744448974,2.57043864833617,-3.7587383972259643
0,223.11827956989245,-0.646937407728347,2.524625695923536,-3.81850051138023
0,225.8064516129032,-0.6620203272854623,2.5255116582843993,-3.849552312855324
0,228.49462365591395,-0.6203323062842889,2.5701070820765084,-3.8107716946450862
0,231.1827956989247,-0.6912073844208464,2.4951830481428763,-3.8775978169845695
0,233.87096774193546,-0.6062817454826461,2.577524718199097,-3.7900882091643897
0,236.5591397849462,-0.7114490658952155,2.4714114488323324,-3.8943095806227634
0,239.24731182795696,-0.648608331366765,2.540140189647512,-3.837356852381042
0,241.93548387096772,-0.6321817379565973,2.561760887329707,-3.8261243632429016
0,244.62365591397847,-0.6311285703088212,2.5630640527316135,-3.8253211933492555
0,247.31182795698922,-0.6596905063614134,2.533427373886547,-3.8528083866093734
0,249.99999999999997,-0.6431370895191288,2.551024480771447,-3.8372986598097047
0,252.68817204301072,-0.6211650647449924,2.5446548641972235,-3.7869849936872084
0,255.37634408602148,-0.5829751564465495,2.596157379730247,-3.7621076926233457
0,258.06451612903226,-0.5785173765785334,2.604672816767582,-3.7617075699246487
0,260.752688172043,-0.5654101319645449,2.599195148032259,-3.730015411961349
0,263.44086021505376,-0.5759651447650651,2.5640151250439036,-3.7159454145740334
0,266.1290322580645,-0.5635483585678368,2.575088317114423,-3.7021850342500966
0,268.81720430107526,-0.5313461293195861,2.618995946257357,-3.6816882048965294
0,271.505376344086,-0.5822867762987749,2.5587982698870317,-3.7233718224845815
0,274.19354838709677,-0.6574858435901252,2.490277707185273,-3.8052493943655232
0,276.8817204301075,-0.6454374363062572,2.486204400493468,-3.7770792731059823
0,279.5698924731183,-0.63527102440742,2.492985012010104,-3.763527060824944
0,282.258064516129,-0.632467165832768,2.5182989461100207,-3.783233277775557
0,284.9462365591398,-0.6224553079164853,2.526291888059336,-3.7712025038923063
0,287.63440860215053,-0.5911553052181497,2.5641520535347313,-3.7464626639710312
0,290.3225806451613,-0.5477552950808291,2.618505188062978,-3.714015778224636
0,293.01075268817203,-0.5894349271207832,2.5813049553272993,-3.7601748095688654
0,295.6989247311828,-0.595758742462788,2.5801167088949746,-3.771634193820551
0,298.38709677419354,-0.6363478033447301,2.5404644118989497,-3.81316001858841
0,301.0752688172043,-0.6057072927229242,2.5703743367463545,-3.781788922192203
0,303.76344086021504,-0.6881614921557886,2.490791339093131,-3.8671143234047083
0,306.4516129032258,-0.6730073064126781,2.5102019389268224,-3.8562165517521785
0,309.13978494623655,-0.6441185461755469,2.551327889674373,-3.8395649820254665
0,311.8279569892473,-0.6433630743762613,2.5520833614736587,-3.8388095102261808
0,314.51612903225805,-0.6023096464226134,2.583235185439558,-3.7878544782847854
0,317.2043010752688,-0.5410494718118659,2.6373442016147104,-3.7194431452384427
0,319.89247311827955,-0.495160916974455,2.669624236146083,-3.6599460700949926
0,322.5806451612903,-0.588178456541405,2.57719076335185,-3.7535476764346596
0,325.26881720430106,-0.6390840643991809,2.5154585895583974,-3.7936267183567596
0,327.9569892473118,-0.6550018550909279,2.4991743404493345,-3.80917805063119
0,330.64516129032256,-0.6740492133648894,2.4844517191981184,-3.8325501459278972
0,333.3333333333333,-0.6536299193714071,2.5048710131916008,-3.812130851934415
0,336.02150537634407,-0.6717440203684226,2.49737077291984,-3.840858813656686
0,338.7096774193548,-0.6039263011792965,2.582360572901007,-3.7902131752596
0,341.39784946236557,-0.6193900502106472,2.567563358623557,-3.8063434590448515
0,344.0860215053763,-0.6128682919026518,2.5838126489173288,-3.809549232722632
0,346.7741935483871,-0.614119359535523,2.5859641168965783,-3.814202835967624
0,349.4623655913978,-0.6644467826812741,2.517715590876783,-3.8466091562393316
0,352.1505376344086,-0.7302795536678377,2.451488949497384,-3.9120480568330596
0,354.83870967741933,-0.7631877424963183,2.4177215179428044,-3.9440970029354405
0,357.5268817204301,-0.7204404725147269,2.4630680284952744,-3.903948973524728
0,360.21505376344084,-0.7262776210100024,2.470661215109093,-3.923216457129098
0,362.9032258064516,-0.6263527054334137,2.5702291297583626,-3.82293454062519
0,365.59139784946234,-0.5927561641268279,2.6031218639649385,-3.788634192218594
0,368.2795698924731,-0.6072198487902316,2.5878563683342097,-3.802296065914673
0,370.96774193548384,-0.6406565785224644,2.5407645283220006,-3.8220776853669296
0,373.6559139784946,-0.6160162592600634,2.5424374659854783,-3.774469984505605
0,376.34408602150535,-0.6451501450603777,2.5352579464412437,-3.825558236561999
0,379.0322580645161,-0.6417516550058621,2.5243141584131363,-3.8078174684248607
0,381.72043010752685,-0.5530903535397371,2.591933983132824,-3.6981146902122983
0,384.4086021505376,-0.5628667694730657,2.5550792801975573,-3.680812819143689
0,387.09677419354836,-0.5083326890325416,2.594116792627186,-3.610782170692269
0,389.7849462365591,-0.5488312186377058,2.5579179752012626,-3.6555804124766746
0,392.47311827956986,-0.5359401271385313,2.5913486363419644,-3.663228890619027
0,395.1612903225806,-0.4738196472141024,2.649725446711362,-3.597364741139567
0,397.84946236559136,-0.5105269067300697,2.6417449935926665,-3.662798807052806
0,400.5376344086021,-0.4302130835185628,2.724845317179251,-3.585271484216377
0,403.22580645161287,-0.3854848254363141,2.7600200452492194,-3.530989696121847
0,405.9139784946236,-0.412823611752306,2.7082889260922514,-3.5339361495968635
0,408.6021505376344,-0.40291797488932235,2.7371549259236625,-3.5429908757023068
0,411.2903225806451,-0.3780601563132978,2.737328517321151,-3.493448829947747
0,413.9784946236559,-0.35757780306364473,2.7528792324206135,-3.4680348385479025
0,416.66666666666663,-0.4314820946698178,2.709966856469309,-3.5729310458089443
0,419.3548387096774,-0.4497645626984291,2.703817470778811,-3.6033465961756694
0,422.04301075268813,-0.47256452030712454,2.688435510400101,-3.6335645510143504
0,424.7311827956989,-0.5314528676094906,2.639320130281101,-3.7022258655000826
0,427.41935483870964,-0.5430710152631054,2.641625443161877,-3.7277674736880875
0,430.1075268817204,-0.5159482814828507,2.679832150329612,-3.7117287132953134
0,432.79569892473114,-0.5892233343856546,2.6103799512392776,-3.788826620010587
0,435.4838709677419,-0.5683682693313117,2.6319132382258195,-3.7686497768884424
0,438.17204301075265,-0.5406472627689112,2.6531653443671477,-3.7344598699049705
0,440.8602150537634,-0.503986759402962,2.6818473806730037,-3.689820899478928
0,443.54838709677415,-0.4572313082021297,2.7083324043407604,-3.62279502074502
0,446.2365591397849,-0.41343056395072375,2.7443687609499796,-3.5712298888514273
0,448.92473118279565,-0.40173626135273455,2.741727542529814,-3.5452000652352833
0,451.6129032258064,-0.4096964078705677,2.716841471313786,-3.5362342870549215
0,454.30107526881716,-0.4712415435806983,2.661379988245823,-3.6038630754072196
0,456.9892473118279,-0.4347494188345929,2.718897074576055,-3.5883959122452405
0,459.67741935483866,-0.407239346757273,2.7472075222066845,-3.561686215721231
0,462.3655913978494,-0.4240688413962952,2.7087144229901474,-3.5568521057827374
0,465.05376344086017,-0.4684359096772443,2.665337264461532,-3.60220908381602
0,467.7419354838709,-0.521309726010666,2.6076450742045054,-3.650264526225837
0,470.43010752688167,-0.484803068416866,2.637157451969958,-3.6067635888036897
0,473.1182795698924,-0.49236656177272664,2.6365700205994598,-3.621303144144913
0,475.8064516129032,-0.4508722159484845,2.664285801453473,-3.5660302333504417
0,478.4946236559139,-0.44998128264563086,2.6666981433992305,-3.566660708690492
0,481.1827956989247,-0.4357799785859126,2.678680578832278,-3.550240536004103
0,483.87096774193543,-0.4192111308448095,2.6901892491415498,-3.5286115108311686
0,486.5591397849462,-0.4588327290482278,2.6536456527511585,-3.571311110847614
0,489.24731182795693,-0.44297029668976295,2.6732531605582275,-3.559193753937753
0,491.9354838709677,-0.45702799670737854,2.661823461578907,-3.575879454993664
0,494.62365591397844,-0.46089191362223947,2.6643351339046446,-3.5861189611491233
0,497.3118279569892,-0.4739336140476459,2.656047484342733,-3.6039147124380246
0,499.99999999999994,-0.471560306675632,2.6791319349100444,-3.622252548261308
0,502.6881720430107,-0.49512776891148536,2.656743866251404,-3.6469994040743745
0,505.37634408602145,-0.42562435899131285,2.7209221172533256,-3.572170835235951
0,508.0645161290322,-0.43631943843477605,2.7142739466871246,-3.586912823556677
0,510.75268817204295,-0.44362962661773786,2.7127681728862623,-3.6000274261217378
0,513.4408602150537,-0.4654397170407045,2.691699098285093,-3.622578532366502
0,516.1290322580645,-0.4025223163243864,2.748139615218141,-3.553184247866914
0,518.8172043010752,-0.39279551434895377,2.7467060586981757,-3.532297087396083
0,521.505376344086,-0.36114487793715155,2.7579100970338706,-3.480199852908174
0,524.1935483870967,-0.43846649129315374,2.7029237121946212,-3.5798566947809287
0,526.8817204301075,-0.4353502778294374,2.6875463450100265,-3.5582469006689013
0,529.5698924731182,-0.37913246908929277,2.7322454158093024,-3.4905103539878874
0,532.258064516129,-0.3668971886006302,2.7395980958584807,-3.4733924730597407
0,534.9462365591397,-0.37443904771745923,2.7397808520571694,-3.4886589474920875
0,537.6344086021505,-0.4032576007729109,2.7177203441501057,-3.5242355456959276
0,540.3225806451612,-0.39739754219101614,2.732788000670066,-3.5275830850520986
0,543.010752688172,-0.40554274573820265,2.727641501231627,-3.5387269927080327
0,545.6989247311827,-0.42939237649415646,2.6946369327091464,-3.553421685697459
0,548.3870967741935,-0.45122771615494656,2.7005966824431833,-3.6030521147530767
0,551.0752688172042,-0.40050112283114486,2.7358687939172084,-3.5368710395794984
0,553.763440860215,-0.3969824862862789,2.745234315086447,-3.5391992876590046
0,556.4516129032257,-0.43123618134963504,2.7206058630356553,-3.5830782257349254
0,559.1397849462365,-0.4582287390774325,2.697183071079954,-3.613640549234819
0,561.8279569892472,-0.48216002214614195,2.670581712399283,-3.6349017566915673
0,564.516129032258,-0.5504611920942664,2.6016395935666567,-3.702561977755189
0,567.2043010752687,-0.5735811971828566,2.577284423041115,-3.7244468174068284
0,569.8924731182796,-0.5936672484193889,2.5565144838694294,-3.7438489807082074
0,572.5806451612902,-0.6284321247685825,2.5217496075202357,-3.778613857057401
0,575.2688172043011,-0.6449963724302876,2.496648260771562,-3.786641005632137
0,577.9569892473118,-0.6386245617542032,2.482647614957454,-3.7598967384658604
0,580.6451612903226,-0.5791511309339434,2.540959731007585,-3.6992619928754715
0,583.3333333333333,-0.6044117412906362,2.511702383243896,-3.7205258658251683
0,586.0215053763441,-0.5518692298687229,2.567032380373681,-3.6707708401111274
0,588.7096774193548,-0.5475042270458522,2.5987969353774893,-3.693805389469194
0,591.3978494623656,-0.5521378495381867,2.600049923093713,-3.704325622170086
0,594.0860215053763,-0.5213630929695834,2.6344635259287985,-3.6771897118679657
0,596.7741935483871,-0.5293916819223089,2.649602709649065,-3.7083860734936827
0,599.4623655913978,-0.5115488715863834,2.6650456298030885,-3.6881433729758553
0,602.1505376344086,-0.4771187326492899,2.695570349153872,-3.649807814452452
0,604.8387096774193,-0.44378214669809884,2.718045008068238,-3.6056093014644355
0,607.5268817204301,-0.4370550022356509,2.7096465274727506,-3.583756531944052
0,610.2150537634408,-0.42353843460058244,2.708931622579839,-3.5560084917810038
0,612.9032258064516,-0.43103914715627994,2.6908942850451694,-3.552972579357729
0,615.5913978494623,-0.47267124212117984,2.64234404451882,-3.5876865287611803
0,618.2795698924731,-0.5365052374107058,2.5767371270123367,-3.6497476018337482
0,620.9677419354838,-0.5757132523825327,2.5384667216315084,-3.6898932263965736
0,623.6559139784946,-0.6011438704433678,2.5177071823298913,-3.7199949232166265
0,626.3440860215053,-0.5186609690237314,2.6128911029792787,-3.650213041026741
0,629.0322580645161,-0.4517096152886168,2.680742559782483,-3.5841617903597163
0,631.7204301075268,-0.4885709868153129,2.653485349474943,-3.6306273231055686
0,634.4086021505376,-0.5374276523435688,2.611229092169239,-3.6860843968563772
0,637.0967741935483,-0.4792009953703145,2.670274956215621,-3.6286769469562503
0,639.7849462365591,-0.4912302441902053,2.674822026870468,-3.6572825152508783
0,642.4731182795698,-0.45991576866373113,2.701339398133169,-3.621170935460631
0,645.1612903225806,-0.43985628708915503,2.7175611041871406,-3.5972736783654504
0,647.8494623655913,-0.5258960235557156,2.6313603292404655,-3.6831523763518965
0,650.5376344086021,-0.46568614367982,2.692877008182369,-3.624249295542009
0,653.2258064516128,-0.4696517853911564,2.695003984205893,-3.634307554988206
0,655.9139784946236,-0.49409664186017854,2.659193455983391,-3.6473867397037485
0,658.6021505376343,-0.522891754513773,2.6250700504825444,-3.670853559510091
0,661.2903225806451,-0.5038099958098039,2.629568161093847,-3.637188152713455
0,663.9784946236558,-0.4822217796799778,2.6502463792386575,-3.6146899385986133
0,666.6666666666666,-0.4881288343459923,2.6370236270187415,-3.6132812957107263
0,669.3548387096773,-0.38049631036244125,2.755275645482663,-3.516268266207546
0,672.0430107526881,-0.39002631640128116,2.7642656094204074,-3.5443182422229693
0,674.7311827956988,-0.4066084923108215,2.7585993617104148,-3.5718163463320582
0,677.4193548387096,-0.4469699743036338,2.7015822949794237,-3.5955222435866916
0,680.1075268817203,-0.4390094011141396,2.7089766664840416,-3.586995468712321
0,682.7956989247311,-0.4258953322177548,2.737150987582448,-3.5889416520179576
0,685.4838709677418,-0.32932280866314445,2.835178519051048,-3.4938241363773366
0,688.1720430107526,-0.3519091690946532,2.815683901866069,-3.5195022400553757
0,690.8602150537635,-0.34288064883688507,2.8293064056996284,-3.515067703373399
0,693.5483870967741,-0.3433745790420791,2.82643833285068,-3.513187490934838
0,696.236559139785,-0.32894302660980207,2.8413721560854763,-3.4992582093050806
0,698.9247311827957,-0.35470055227261515,2.813737655072867,-3.523138759618097
0,701.6129032258065,-0.3668324916944704,2.8015078776385614,-3.5351728610275024
0,704.3010752688172,-0.3802651484144419,2.7860577819693866,-3.546588078798271
0,706.989247311828,-0.336823379764619,2.8142380932478064,-3.4878848527770447
0,709.6774193548387,-0.33533132609589633,2.801421697966509,-3.472084350158301
0,712.3655913978495,-0.251662271669306,2.888839427697614,-3.3921639710362257
0,715.0537634408602,-0.2797996569166361,2.85461997640508,-3.4142192902383526
0,717.741935483871,-0.31030836427000474,2.817562114252223,-3.4381788427922326
0,720.4301075268817,-0.2824839684900733,2.850124085842305,-3.415092022822451
0,723.1182795698925,-0.24358006160623502,2.8900877136310448,-3.3772478368435146
0,725.8064516129032,-0.22659487568053616,2.9073858630690226,-3.3605756144300947
0,728.494623655914,-0.21012042947206777,2.936137069776297,-3.356377928720433
0,731.1827956989247,-0.21166198831110794,2.935280815175443,-3.3586047917976587
0,733.8709677419355,-0.21025490231082966,2.935577416448894,-3.356087221070553
0,736.5591397849462,-0.22604168493063292,2.9177882787057245,-3.3698716485669906
0,739.247311827957,-0.21293722780650293,2.9308378820323977,-3.356712337645403
0,741.9354838709677,-0.23969568765178562,2.9090465104880283,-3.3884378857915993
0,744.6236559139785,-0.2127750099777812,2.929691535963051,-3.355241555918613
0,747.3118279569892,-0.221070700673632,2.9324613809374704,-3.3746027822847346
0,750.0,-0.25509394825082676,2.8974193204286314,-3.407607216930285
0,752.6881720430107,-0.24208603093046643,2.9000127751488014,-3.3841848370097347
0,755.3763440860215,-0.2418634899890979,2.9044962757340276,-3.388223255712224
0,758.0645161290322,-0.2506763884563922,2.8852972248749085,-3.386650001787693
0,760.752688172043,-0.2641550488056751,2.872044864188886,-3.4003549618002364
0,763.4408602150537,-0.3034725516183917,2.8413599006714634,-3.4483050039082466
0,766.1290322580645,-0.27606560787746814,2.8808266265617366,-3.4329578423166724
0,768.8172043010752,-0.32339004246767455,2.8357341668700426,-3.4825142518053918
0,771.505376344086,-0.280574398969195,2.888952479148624,-3.4501012770870143
0,774.1935483870967,-0.198889439701446,2.97234287767965,-3.3701217570825426
0,776.8817204301075,-0.1932659942375261,2.986300053419016,-3.3728320418940676
0,779.5698924731182,-0.23743571130798968,2.938695560272384,-3.413566982888364
0,782.258064516129,-0.23539599705647196,2.9201278567324542,-3.3909198508453984
0,784.9462365591397,-0.25230478548434787,2.8901301133939787,-3.3947396843626745
0,787.6344086021505,-0.2644969196507412,2.8706003358747516,-3.399594175176234
0,790.3225806451612,-0.2418481083054176,2.887041633164326,-3.370737849775161
0,793.010752688172,-0.22073045790447554,2.9076883775567923,-3.349149293365743
0,795.6989247311827,-0.1996440404352079,2.935554103249266,-3.3348421841196814
0,798.3870967741935,-0.19509747397208888,2.9404763281669553,-3.330671276111133
0,801.0752688172042,-0.19352005901310854,2.94928549212057,-3.336325610146787
0,803.763440860215,-0.20176155951534935,2.941964528326822,-3.345487647357521
0,806.4516129032257,-0.2235184779552719,2.91659105030486,-3.3636280062154045
0,809.1397849462365,-0.2645666600825197,2.8643593561249094,-3.3934926762899487
0,811.8279569892472,-0.24665930834045435,2.880902934572674,-3.3742215512535827
0,814.516129032258,-0.2776460421914072,2.85511325336702,-3.4104053377498342
0,817.2043010752687,-0.2912602028447041,2.8609687423262273,-3.4434891480156353
0,819.8924731182796,-0.3733792781803199,2.8004392725442475,-3.5471978289048876
0,822.5806451612902,-0.4047147072088543,2.7699424128242294,-3.579371827241938
0,825.2688172043011,-0.39265839281442394,2.781714408510187,-3.567031194139035
0,827.9569892473118,-0.3293193372060419,2.846652784043033,-3.5052914584551162
0,830.6451612903226,-0.349658775145838,2.8198126481648567,-3.5191301984565326
0,833.3333333333333,-0.36767447060123437,2.7932077144033203,-3.5285566556057892
0,836.0215053763441,-0.36983859484695025,2.785482023837014,-3.525159213530914
0,838.7096774193548,-0.43117184143366305,2.7223048930188942,-3.5846485758862205
0,841.3978494623656,-0.5414012057853148,2.6147950802460933,-3.6975974918167225
0,844.0860215053763,-0.5213931476339042,2.635662139169497,-3.678448434437305
0,846.7741935483871,-0.5412028193211196,2.621540868834406,-3.7039465074766453
0,849.4623655913978,-0.592442078502982,2.588524266882797,-3.773408423888761
0,852.1505376344086,-0.5619114032283007,2.6175312722642285,-3.74135407872083
0,854.8387096774193,-0.5513349135685308,2.600485208467146,-3.703155035604208
0,857.5268817204301,-0.57579572679034,2.5494933172274905,-3.701084770808171
0,860.2150537634408,-0.6550153382704103,2.4800162560496792,-3.7900469325905
0,862.9032258064516,-0.6390124793494548,2.4942883647545244,-3.7723133234534343
0,865.5913978494623,-0.6177772004028533,2.5139010653735236,-3.74945546617923
0,868.2795698924731,-0.6253559938658579,2.506322271910519,-3.757034259642235
0,870.9677419354838,-0.5364927561717562,2.6019607836445413,-3.674946295988054
0,873.6559139784946,-0.5768745297404674,2.5735990383473686,-3.727348097828304
0,876.3440860215053,-0.636080290688096,2.5043228072662163,-3.7764833886424083
0,879.0322580645161,-0.6496141291028765,2.454210891841297,-3.75343915004705
0,881.7204301075268,-0.6901159525805124,2.4152804170837068,-3.7955123222447313
0,884.4086021505376,-0.6723477691607012,2.4373226690220413,-3.7820182073434436
0,887.0967741935483,-0.679100990655493,2.431893120252141,-3.7900951015631277
0,889.7849462365591,-0.6699619364904379,2.4423090100477727,-3.7822328830286485
0,892.4731182795698,-0.7157560576491329,2.402462077903229,-3.833974193201495
0,895.1612903225806,-0.6417669538195424,2.4804919995547987,-3.7640259071938837
0,897.8494623655913,-0.6412878723252097,2.468047746121392,-3.7506234907718112
0,900.5376344086021,-0.6519625482301087,2.4739253294357106,-3.777850425895928
0,903.2258064516128,-0.6357630958249784,2.4877579416747997,-3.7592841333247566
0,905.9139784946236,-0.6177317419070434,2.5021407296973237,-3.7376042135114105
0,908.6021505376343,-0.5553622282255287,2.5516047724277264,-3.662329228878784
0,911.2903225806451,-0.5317607861855588,2.5649068177080725,-3.62842839007919
0,913.9784946236558,-0.49486309367233283,2.594565481192153,-3.5842916685368182
0,916.6666666666666,-0.44689381156684627,2.659559687527208,-3.5533473106609006
0,919.3548387096773,-0.4468869030217034,2.652233081584757,-3.5460068876281636
0,922.0430107526881,-0.4209373407438882,2.6735609006868812,-3.5154355821746575
0,924.7311827956988,-0.39741746713948267,2.7187935067071267,-3.513628440986092
0,927.4193548387096,-0.3963760247833117,2.7159820018791194,-3.5087340514457424
0,930.1075268817203,-0.4410729895613468,2.665438633510864,-3.5475846126335577
0,932.7956989247311,-0.36209319862526024,2.7539458974062763,-3.478132294656797
0,935.4838709677418,-0.3774899616538173,2.7437556251039408,-3.498735548411575
0,938.1720430107526,-0.4194570343252225,2.72293583322779,-3.5618499018782352
0,940.8602150537633,-0.4148875142194166,2.7276725073955683,-3.5574475358344015
0,943.5483870967741,-0.4045768012263038,2.759201469691223,-3.568355072143831
0,946.2365591397848,-0.3993199972417364,2.765087756147417,-3.56372775063089
0,948.9247311827957,-0.43853513290898005,2.724512241210754,-3.601582507028714
0,951.6129032258063,-0.45350122529678694,2.71401136608658,-3.621013816680154
0,954.3010752688172,-0.5444337058841926,2.6230788854991745,-3.7119462972675596
0,956.9892473118279,-0.5674998559944786,2.600146223727691,-3.7351459357166483
0,959.6774193548387,-0.6600899295816224,2.5035490087727146,-3.8237288679359596
0,962.3655913978494,-0.7187940035323941,2.4379556447866717,-3.8755436518514594
0,965.0537634408602,-0.6983417082150682,2.4523195978521226,-3.8490030142822595
0,967.7419354838709,-0.6799029519042594,2.4880531343444012,-3.8478590381529205
0,970.4301075268817,-0.6484165839532301,2.5299249188152215,-3.8267580867216813
0,973.1182795698924,-0.6951007615418032,2.4785730165127484,-3.8687745395963553
0,975.8064516129032,-0.6687444780445515,2.506626024646012,-3.8441149807351147
0,978.4946236559139,-0.6432405217879451,2.5106539223982702,-3.797134965974161
0,981.1827956989247,-0.7027015530389611,2.438723436381181,-3.844126542459103
0,983.8709677419354,-0.6762341576521167,2.461713283910655,-3.8141815992148884
0,986.5591397849462,-0.6106981440283578,2.5137047422728944,-3.73510103032961
0,989.2473118279569,-0.6164488131721957,2.5041195155975355,-3.7370171419419274
0,991.9354838709677,-0.6287711502304473,2.50722422767736,-3.7647665281382543
0,994.6236559139784,-0.5828371644564375,2.5672841196568235,-3.7329584485696983
0,997.3118279569892,-0.6636387803561518,2.5020516148893184,-3.829329175601622
0,1000.0,-0.6598454483201472,2.4961520195893483,-3.8158429162296423
